0.759, IVT_MsgID_RX, 0
0.759, IVT_MsgCount, 15
0.759, IVT_Result_state, 0
0.759, IVT_I, 0.0
0.802, VoltageBusHV, 0.0
0.802, VoltageCellMax, 3.5544000000000002
0.802, VoltageCellMin, 2.9569
0.802, CurrentBusHV, 0.0
0.802, ThrottlePercent, 0
0.802, BrakePercent, 37
0.802, FrontBrakePressure, 56
0.802, SteeringAngle, -51
0.802, BrakeWhileThrottle, 0
0.802, AMS_PackVoltage, 460.65000000000003
0.802, ChannelCurrentRadiator, 0.17400000000000002
0.802, ChannelCurrentAccFan, 0.241
0.802, ChannelCurrentPump1, 0.0
0.802, ChannelCurrentPump2, 0.214
0.802, ChannelCurrentAUX1, 0.0
0.802, ChannelCurrentAUX2, 0.201
0.802, ChannelCurrentAUX3, 0.0
0.802, ChannelCurrentAUX4, 0.187
0.802, ChannelCurrentBMU, 0.483
0.802, ChannelCurrentCDU, 0.402
0.802, ChannelCurrentTCU, 0.362
0.802, ChannelCurrentWSB, 0.765
0.802, ChannelCurrentBrakeLight, 0.067
0.802, ChannelCurrentInverter, 0.0
0.802, IVT_MsgID_RX, 7
0.802, IVT_MsgCount, 5
0.802, IVT_Result_state, 0
0.802, IVT_Wh, 0
0.802, VCU_wheelSpeed_RL, 0.0
0.802, VCU_wheelSpeed_RR, 0.0
0.802, RLSpeedKPH, 0.0
0.802, RRSpeedKPH, 0.0
0.802, FLSpeedKPH, 0.0
0.802, FRSpeedKPH, 0.0
0.802, IVT_MsgID_RX, 5
0.802, IVT_MsgCount, 0
0.802, IVT_Result_state, 0
0.802, IVT_W, 0
0.802, IVT_MsgID_RX, 0
0.802, IVT_MsgCount, 0
0.802, IVT_Result_state, 0
0.802, IVT_I, 0.003
0.802, TCTorqueMax, 3.392
0.802, TCLeftSlip, -0.999
0.802, TCRightSlip, -0.999
0.802, TCTorqueAdjustment, 0.0
0.802, StateBatteryChargeHV, 20.0
0.802, StateBatteryHealthHV, 0.0
0.802, StateBatteryPowerHV, 331.90000000000003
0.802, TempCellMax, 156.0
0.802, TempCellMin, 55.0
0.802, StateBMS, Wait_System_Up
0.802, HighestTempThermistor, 0
0.803, ThrottlePercent, 0
0.803, BrakePercent, 37
0.803, FrontBrakePressure, 62
0.803, SteeringAngle, -51
0.803, BrakeWhileThrottle, 0
0.803, VoltageCellMuxSelect, 15
0.803, VoltageCell46, 3.3597
0.803, VoltageCell47, 3.3263000000000003
0.803, VoltageCell48, 3.5544000000000002
0.803, IVT_MsgID_RX, 1
0.803, IVT_MsgCount, 11
0.803, IVT_Result_state, 0
0.803, IVT_U1, -0.024
0.803, IVT_MsgID_RX, 2
0.803, IVT_MsgCount, 11
0.803, IVT_Result_state, 0
0.803, IVT_U2, 0.022
0.803, IVT_MsgID_RX, 3
0.803, IVT_MsgCount, 11
0.803, IVT_Result_state, 0
0.803, IVT_U3, -0.014
0.803, IVT_MsgID_RX, 5
0.803, IVT_MsgCount, 1
0.803, IVT_Result_state, 0
0.803, IVT_W, 0
0.803, IVT_MsgID_RX, 0
0.803, IVT_MsgCount, 1
0.803, IVT_Result_state, 0
0.803, IVT_I, 0.0
0.803, AdjustedVoltageCellMuxSelect, 15
0.803, AdjustedVoltageCell46, 3.3597
0.803, AdjustedVoltageCell47, 3.326
0.803, AdjustedVoltageCell48, 3.5545
0.852, TempChannelMuxSelect, 15
0.852, TempChannel46, 21.590000000000003
0.852, TempChannel47, 0.0
0.852, TempChannel48, 0.0
0.852, IVT_MsgID_RX, 7
0.852, IVT_MsgCount, 6
0.852, IVT_Result_state, 0
0.852, IVT_Wh, 0
0.852, ThrottlePercent, 0
0.852, BrakePercent, 36
0.852, FrontBrakePressure, 64
0.852, SteeringAngle, -51
0.852, BrakeWhileThrottle, 0
0.852, VCU_wheelSpeed_RL, 0.0
0.852, VCU_wheelSpeed_RR, 0.0
0.852, RLSpeedKPH, 0.0
0.852, RRSpeedKPH, 0.0
0.852, FLSpeedKPH, 0.0
0.852, FRSpeedKPH, 0.0
0.852, TCTorqueMax, 3.392
0.852, TCLeftSlip, -0.999
0.852, TCRightSlip, -0.999
0.852, TCTorqueAdjustment, 0.0
0.852, IVT_MsgID_RX, 5
0.852, IVT_MsgCount, 2
0.852, IVT_Result_state, 0
0.852, IVT_W, 0
0.853, IVT_MsgID_RX, 0
0.853, IVT_MsgCount, 2
0.853, IVT_Result_state, 0
0.853, IVT_I, 0.001
0.853, ThrottlePercent, 0
0.853, BrakePercent, 37
0.853, FrontBrakePressure, 56
0.853, SteeringAngle, -51
0.853, BrakeWhileThrottle, 0
0.853, IVT_MsgID_RX, 7
0.853, IVT_MsgCount, 7
0.853, IVT_Result_state, 0
0.853, IVT_Wh, 0
0.853, IVT_MsgID_RX, 5
0.853, IVT_MsgCount, 3
0.853, IVT_Result_state, 0
0.853, IVT_W, 0
0.853, IVT_MsgID_RX, 0
0.853, IVT_MsgCount, 3
0.853, IVT_Result_state, 0
0.853, IVT_I, 0.004
0.853, BMU_checkFailed, BSPD_FAILED
0.853, BMU_InterlockInitialized, 0
0.853, VoltageCellMuxSelect, 16
0.853, VoltageCell49, 3.5263
0.853, VoltageCell50, 3.5215
0.853, VoltageCell51, 3.2933000000000003
0.853, ThrottlePercent, 0
0.853, BrakePercent, 37
0.853, FrontBrakePressure, 62
0.853, SteeringAngle, -51
0.853, BrakeWhileThrottle, 0
0.853, VCU_wheelSpeed_RL, 0.0
0.853, VCU_wheelSpeed_RR, 0.0
0.853, RLSpeedKPH, 0.0
0.853, RRSpeedKPH, 0.0
0.853, FLSpeedKPH, 0.0
0.853, FRSpeedKPH, 0.0
0.853, TCTorqueMax, 3.392
0.853, TCLeftSlip, -0.999
0.853, TCRightSlip, -0.999
0.853, TCTorqueAdjustment, 0.0
0.853, AdjustedVoltageCellMuxSelect, 16
0.853, AdjustedVoltageCell49, 3.5262000000000002
0.853, AdjustedVoltageCell50, 3.5216000000000003
0.853, AdjustedVoltageCell51, 3.2918000000000003
0.902, TempChannelMuxSelect, 16
0.902, TempChannel49, 0.0
0.902, TempChannel50, 0.0
0.902, TempChannel51, 0.0
0.902, IVT_MsgID_RX, 1
0.902, IVT_MsgCount, 12
0.902, IVT_Result_state, 0
0.902, IVT_U1, 0.002
0.903, IVT_MsgID_RX, 2
0.903, IVT_MsgCount, 12
0.903, IVT_Result_state, 0
0.903, IVT_U2, 0.027
0.903, IVT_MsgID_RX, 3
0.903, IVT_MsgCount, 12
0.903, IVT_Result_state, 0
0.903, IVT_U3, 0.027
0.903, IVT_MsgID_RX, 5
0.903, IVT_MsgCount, 4
0.903, IVT_Result_state, 0
0.903, IVT_W, 0
0.903, IVT_MsgID_RX, 0
0.903, IVT_MsgCount, 4
0.903, IVT_Result_state, 0
0.903, IVT_I, 0.0
0.903, IVT_MsgID_RX, 7
0.903, IVT_MsgCount, 8
0.903, IVT_Result_state, 0
0.903, IVT_Wh, 0
0.903, ThrottlePercent, 0
0.903, BrakePercent, 37
0.903, FrontBrakePressure, 61
0.903, SteeringAngle, -51
0.903, BrakeWhileThrottle, 0
0.903, VoltageBusHV, 0.0
0.903, VoltageCellMax, 3.5544000000000002
0.903, VoltageCellMin, 2.9569
0.903, CurrentBusHV, 0.0
0.903, AMS_PackVoltage, 460.65000000000003
0.903, ChannelCurrentRadiator, 0.107
0.903, ChannelCurrentAccFan, 0.214
0.903, ChannelCurrentPump1, 0.0
0.903, ChannelCurrentPump2, 0.214
0.903, ChannelCurrentAUX1, 0.0
0.903, ChannelCurrentAUX2, 0.214
0.903, ChannelCurrentAUX3, 0.0
0.903, ChannelCurrentAUX4, 0.214
0.903, ChannelCurrentBMU, 0.51
0.903, ChannelCurrentCDU, 0.375
0.903, ChannelCurrentTCU, 0.362
0.903, ChannelCurrentWSB, 0.684
0.903, ChannelCurrentBrakeLight, 0.013000000000000001
0.903, ChannelCurrentInverter, 0.0
0.903, IVT_MsgID_RX, 5
0.903, IVT_MsgCount, 5
0.903, IVT_Result_state, 0
0.903, IVT_W, 0
0.903, IVT_MsgID_RX, 0
0.903, IVT_MsgCount, 5
0.903, IVT_Result_state, 0
0.903, IVT_I, 0.0
0.903, VCU_wheelSpeed_RL, 0.0
0.903, VCU_wheelSpeed_RR, 0.0
0.904, RLSpeedKPH, 0.0
0.904, RRSpeedKPH, 0.0
0.904, FLSpeedKPH, 0.0
0.904, FRSpeedKPH, 0.0
0.904, TCTorqueMax, 3.392
0.904, TCLeftSlip, -0.999
0.904, TCRightSlip, -0.999
0.904, TCTorqueAdjustment, 0.0
0.904, ThrottlePercent, 0
0.904, BrakePercent, 37
0.904, FrontBrakePressure, 59
0.904, SteeringAngle, -51
0.904, BrakeWhileThrottle, 0
0.904, IVT_MsgID_RX, 7
0.904, IVT_MsgCount, 9
0.904, IVT_Result_state, 0
0.904, IVT_Wh, 0
0.904, IVT_MsgID_RX, 5
0.904, IVT_MsgCount, 6
0.904, IVT_Result_state, 0
0.904, IVT_W, 0
0.904, IVT_MsgID_RX, 0
0.904, IVT_MsgCount, 6
0.904, IVT_Result_state, 0
0.904, IVT_I, -0.004
0.952, ThrottlePercent, 0
0.952, BrakePercent, 38
0.952, FrontBrakePressure, 59
0.952, SteeringAngle, -51
0.952, BrakeWhileThrottle, 0
0.952, StateBatteryChargeHV, 20.0
0.952, StateBatteryHealthHV, 0.0
0.952, StateBatteryPowerHV, 331.90000000000003
0.952, TempCellMax, 156.0
0.952, TempCellMin, 55.0
0.952, StateBMS, Wait_System_Up
0.952, HighestTempThermistor, 0
0.952, VoltageCellMuxSelect, 17
0.952, VoltageCell52, 3.3168
0.952, VoltageCell53, 3.3163
0.952, VoltageCell54, 3.3161
0.952, AdjustedVoltageCellMuxSelect, 17
0.952, AdjustedVoltageCell52, 3.3167
0.952, AdjustedVoltageCell53, 3.3162000000000003
0.952, AdjustedVoltageCell54, 3.3161
0.952, VCU_wheelSpeed_RL, 0.0
0.952, VCU_wheelSpeed_RR, 0.0
0.952, TempChannelMuxSelect, 17
0.952, TempChannel52, 0.0
0.952, TempChannel53, 0.0
0.952, TempChannel54, 0.0
0.952, IVT_MsgID_RX, 1
0.952, IVT_MsgCount, 13
0.952, IVT_Result_state, 0
0.952, IVT_U1, -0.047
0.952, IVT_MsgID_RX, 2
0.952, IVT_MsgCount, 13
0.952, IVT_Result_state, 0
0.952, IVT_U2, 0.014
0.952, IVT_MsgID_RX, 3
0.952, IVT_MsgCount, 13
0.952, IVT_Result_state, 0
0.952, IVT_U3, 0.062
0.955, IVT_MsgID_RX, 5
0.955, IVT_MsgCount, 7
0.955, IVT_Result_state, 0
0.955, IVT_W, 0
0.955, IVT_MsgID_RX, 0
0.955, IVT_MsgCount, 7
0.955, IVT_Result_state, 0
0.955, IVT_I, -0.004
0.955, RLSpeedKPH, 0.0
0.955, RRSpeedKPH, 0.0
0.955, FLSpeedKPH, 0.0
0.955, FRSpeedKPH, 0.0
0.955, TCTorqueMax, 3.392
0.955, TCLeftSlip, -0.999
0.955, TCRightSlip, -0.999
0.955, TCTorqueAdjustment, 0.0
0.955, IVT_MsgID_RX, 7
0.955, IVT_MsgCount, 10
0.955, IVT_Result_state, 0
0.955, IVT_Wh, 0
0.955, ThrottlePercent, 0
0.955, BrakePercent, 37
0.955, FrontBrakePressure, 62
0.955, SteeringAngle, -51
0.955, BrakeWhileThrottle, 0
0.955, IVT_MsgID_RX, 5
0.955, IVT_MsgCount, 8
0.955, IVT_Result_state, 0
0.955, IVT_W, 0
0.955, IVT_MsgID_RX, 0
0.955, IVT_MsgCount, 8
0.955, IVT_Result_state, 0
0.955, IVT_I, -0.003
0.955, ThrottlePercent, 0
0.955, BrakePercent, 37
0.955, FrontBrakePressure, 61
0.955, SteeringAngle, -51
0.955, BrakeWhileThrottle, 0
0.955, BMU_checkFailed, BSPD_FAILED
0.955, BMU_InterlockInitialized, 0
0.956, VoltageCellMuxSelect, 18
0.956, VoltageCell55, 3.3173000000000004
0.956, VoltageCell56, 3.3201
0.956, VoltageCell57, 3.2939000000000003
0.956, AdjustedVoltageCellMuxSelect, 18
0.956, AdjustedVoltageCell55, 3.3171
0.956, AdjustedVoltageCell56, 3.3200000000000003
0.956, AdjustedVoltageCell57, 3.2931000000000004
0.956, TempChannelMuxSelect, 18
0.956, TempChannel55, 21.99000000000001
0.956, TempChannel56, 21.99000000000001
0.956, TempChannel57, 21.99000000000001
0.956, VCU_wheelSpeed_RL, 0.0
0.956, VCU_wheelSpeed_RR, 0.0
0.957, IVT_MsgID_RX, 7
0.957, IVT_MsgCount, 11
0.957, IVT_Result_state, 0
0.957, IVT_Wh, 0
1.002, RLSpeedKPH, 0.0
1.002, RRSpeedKPH, 0.0
1.002, FLSpeedKPH, 0.0
1.002, FRSpeedKPH, 0.0
1.002, TCTorqueMax, 3.392
1.002, TCLeftSlip, -0.999
1.002, TCRightSlip, -0.999
1.002, TCTorqueAdjustment, 0.0
1.002, IVT_MsgID_RX, 5
1.002, IVT_MsgCount, 9
1.002, IVT_Result_state, 0
1.002, IVT_W, 0
1.002, IVT_MsgID_RX, 0
1.002, IVT_MsgCount, 9
1.002, IVT_Result_state, 0
1.002, IVT_I, 0.001
1.002, PDU_Heartbeat_dummydata, 0
1.002, CarStateIsLV, -1
1.002, CarStateIsEM, 0
1.002, CarStateIsHV, 0
1.002, ThrottlePercent, 0
1.002, BrakePercent, 37
1.002, FrontBrakePressure, 62
1.002, SteeringAngle, -51
1.002, BrakeWhileThrottle, 0
1.002, VoltageBusHV, 0.0
1.002, VoltageCellMax, 3.5544000000000002
1.002, VoltageCellMin, 2.9569
1.002, CurrentBusHV, 0.0
1.002, ChannelCurrentRadiator, 0.17400000000000002
1.002, ChannelCurrentAccFan, 0.17400000000000002
1.002, ChannelCurrentPump1, 0.0
1.002, ChannelCurrentPump2, 0.201
1.002, ChannelCurrentAUX1, 0.0
1.002, ChannelCurrentAUX2, 0.187
1.002, ChannelCurrentAUX3, 0.0
1.002, ChannelCurrentAUX4, 0.17400000000000002
1.002, ChannelCurrentBMU, 0.51
1.002, ChannelCurrentCDU, 0.389
1.002, ChannelCurrentTCU, 0.34900000000000003
1.002, ChannelCurrentWSB, 0.711
1.002, ChannelCurrentBrakeLight, 0.067
1.002, ChannelCurrentInverter, 0.0
1.002, AMS_PackVoltage, 460.65000000000003
1.002, IVT_MsgID_RX, 1
1.002, IVT_MsgCount, 14
1.002, IVT_Result_state, 0
1.002, IVT_U1, 0.01
1.003, IVT_MsgID_RX, 2
1.003, IVT_MsgCount, 14
1.003, IVT_Result_state, 0
1.003, IVT_U2, 0.014
1.003, IVT_MsgID_RX, 3
1.003, IVT_MsgCount, 14
1.003, IVT_Result_state, 0
1.003, IVT_U3, 0.058
1.003, IVT_MsgID_RX, 5
1.003, IVT_MsgCount, 10
1.003, IVT_Result_state, 0
1.003, IVT_W, 0
1.003, IVT_MsgID_RX, 0
1.003, IVT_MsgCount, 10
1.003, IVT_Result_state, 0
1.003, IVT_I, -0.003
1.003, IVT_MsgID_RX, 7
1.003, IVT_MsgCount, 12
1.003, IVT_Result_state, 0
1.003, IVT_Wh, 0
1.003, VCU_wheelSpeed_RL, 0.0
1.003, VCU_wheelSpeed_RR, 0.0
1.003, ThrottlePercent, 0
1.003, BrakePercent, 37
1.003, FrontBrakePressure, 58
1.003, SteeringAngle, -50
1.003, BrakeWhileThrottle, 0
1.003, RLSpeedKPH, 0.0
1.003, RRSpeedKPH, 0.0
1.003, FLSpeedKPH, 0.0
1.003, FRSpeedKPH, 0.0
1.003, TCTorqueMax, 3.392
1.003, TCLeftSlip, -0.999
1.003, TCRightSlip, -0.999
1.003, TCTorqueAdjustment, 0.0
1.003, IVT_MsgID_RX, 5
1.003, IVT_MsgCount, 11
1.003, IVT_Result_state, 0
1.003, IVT_W, 0
1.003, VoltageCellMuxSelect, 19
1.003, VoltageCell58, 3.5507
1.003, VoltageCell59, 3.5109000000000004
1.003, VoltageCell60, 3.5211
1.003, IVT_MsgID_RX, 0
1.003, IVT_MsgCount, 11
1.003, IVT_Result_state, 0
1.003, IVT_I, 0.003
1.003, AdjustedVoltageCellMuxSelect, 19
1.003, AdjustedVoltageCell58, 3.5513000000000003
1.003, AdjustedVoltageCell59, 3.5108
1.003, AdjustedVoltageCell60, 3.5210000000000004
1.003, TempChannelMuxSelect, 19
1.003, TempChannel58, 21.99000000000001
1.003, TempChannel59, 21.99000000000001
1.003, TempChannel60, 21.99000000000001
1.052, VCU_Heartbeat_dummydata, 0
1.053, ThrottlePercent, 0
1.053, BrakePercent, 37
1.053, FrontBrakePressure, 64
1.053, SteeringAngle, -51
1.053, BrakeWhileThrottle, 0
1.053, IVT_MsgID_RX, 7
1.053, IVT_MsgCount, 13
1.053, IVT_Result_state, 0
1.053, IVT_Wh, 0
1.053, IVT_MsgID_RX, 5
1.053, IVT_MsgCount, 12
1.053, IVT_Result_state, 0
1.053, IVT_W, 0
1.053, IVT_MsgID_RX, 0
1.053, IVT_MsgCount, 12
1.053, IVT_Result_state, 0
1.053, IVT_I, -0.005
1.053, VCU_wheelSpeed_RL, 0.0
1.053, VCU_wheelSpeed_RR, 0.0
1.053, RLSpeedKPH, 0.0
1.053, RRSpeedKPH, 0.0
1.053, FLSpeedKPH, 0.0
1.053, FRSpeedKPH, 0.0
1.053, TCTorqueMax, 3.392
1.053, TCLeftSlip, -0.999
1.053, TCRightSlip, -0.999
1.053, TCTorqueAdjustment, 0.0
1.053, ThrottlePercent, 0
1.053, BrakePercent, 37
1.053, FrontBrakePressure, 59
1.053, SteeringAngle, -51
1.053, BrakeWhileThrottle, 0
1.053, IVT_MsgID_RX, 1
1.053, IVT_MsgCount, 15
1.053, IVT_Result_state, 0
1.053, IVT_U1, 0.006
1.053, IVT_MsgID_RX, 2
1.053, IVT_MsgCount, 15
1.053, IVT_Result_state, 0
1.053, IVT_U2, 0.02
1.053, IVT_MsgID_RX, 3
1.053, IVT_MsgCount, 15
1.053, IVT_Result_state, 0
1.053, IVT_U3, 0.049
1.053, IVT_MsgID_RX, 5
1.053, IVT_MsgCount, 13
1.053, IVT_Result_state, 0
1.053, IVT_W, 0
1.053, IVT_MsgID_RX, 0
1.053, IVT_MsgCount, 13
1.053, IVT_Result_state, 0
1.053, IVT_I, 0.001
1.089, StateBatteryChargeHV, 20.0
1.089, StateBatteryHealthHV, 0.0
1.089, StateBatteryPowerHV, 331.90000000000003
1.089, TempCellMax, 156.0
1.089, TempCellMin, 55.0
1.089, StateBMS, Wait_System_Up
1.089, HighestTempThermistor, 0
1.089, IVT_MsgID_RX, 7
1.089, IVT_MsgCount, 14
1.089, IVT_Result_state, 0
1.089, IVT_Wh, 0
1.089, ThrottlePercent, 0
1.089, BrakePercent, 37
1.089, FrontBrakePressure, 62
1.089, SteeringAngle, -51
1.089, BrakeWhileThrottle, 0
1.089, BMU_Heartbeat_dummydata, 0
1.089, FanPeriod, -112
1.089, BMU_checkFailed, BSPD_FAILED
1.089, BMU_InterlockInitialized, 0
1.089, BrakePressureBMU, 512.0
1.089, VoltageCellMuxSelect, 20
1.089, VoltageCell61, 3.2096
1.089, VoltageCell62, 3.2002
1.089, VoltageCell63, 3.2023
1.102, IVT_MsgID_RX, 5
1.102, IVT_MsgCount, 14
1.102, IVT_Result_state, 0
1.102, IVT_W, 0
1.102, IVT_MsgID_RX, 0
1.102, IVT_MsgCount, 14
1.102, IVT_Result_state, 0
1.102, IVT_I, 0.0
1.102, VCU_wheelSpeed_RL, 0.0
1.102, VCU_wheelSpeed_RR, 0.0
1.102, AdjustedVoltageCellMuxSelect, 20
1.102, AdjustedVoltageCell61, 3.2089000000000003
1.102, AdjustedVoltageCell62, 3.2001
1.102, AdjustedVoltageCell63, 3.2022
1.102, RLSpeedKPH, 0.0
1.102, RRSpeedKPH, 0.0
1.102, FLSpeedKPH, 0.0
1.102, FRSpeedKPH, 0.0
1.102, TempChannelMuxSelect, 20
1.102, TempChannel61, 21.99000000000001
1.102, TempChannel62, 0.0
1.102, TempChannel63, 0.0
1.102, VoltageBusLV, 11.617
1.102, CurrentBusLV, 0.0
1.102, PowerBusLV, 0
1.103, TCTorqueMax, 3.392
1.103, TCLeftSlip, -0.999
1.103, TCRightSlip, -0.999
1.103, TCTorqueAdjustment, 0.0
1.103, ThrottlePercent, 0
1.103, BrakePercent, 37
1.103, FrontBrakePressure, 56
1.103, SteeringAngle, -51
1.103, BrakeWhileThrottle, 0
1.103, IVT_MsgID_RX, 7
1.103, IVT_MsgCount, 15
1.103, IVT_Result_state, 0
1.103, IVT_Wh, 0
1.103, ChannelCurrentRadiator, 0.214
1.103, ChannelCurrentAccFan, 0.214
1.103, ChannelCurrentPump1, 0.0
1.103, ChannelCurrentPump2, 0.201
1.103, ChannelCurrentAUX1, 0.0
1.103, ChannelCurrentAUX2, 0.214
1.103, ChannelCurrentAUX3, 0.0
1.103, ChannelCurrentAUX4, 0.187
1.103, ChannelCurrentBMU, 0.523
1.103, ChannelCurrentCDU, 0.41600000000000004
1.103, ChannelCurrentTCU, 0.34900000000000003
1.103, ChannelCurrentWSB, 0.725
1.103, ChannelCurrentBrakeLight, 0.026000000000000002
1.103, ChannelCurrentInverter, 0.0
1.103, IVT_MsgID_RX, 5
1.103, IVT_MsgCount, 15
1.103, IVT_Result_state, 0
1.103, IVT_W, 0
1.103, VoltageBusHV, 0.0
1.103, VoltageCellMax, 3.5544000000000002
1.103, VoltageCellMin, 2.9570000000000003
1.103, CurrentBusHV, 0.0
1.103, IVT_MsgID_RX, 0
1.103, IVT_MsgCount, 15
1.103, IVT_Result_state, 0
1.103, IVT_I, 0.007
1.103, AMS_PackVoltage, 460.65000000000003
1.103, ThrottlePercent, 0
1.103, BrakePercent, 37
1.103, FrontBrakePressure, 62
1.103, SteeringAngle, -51
1.103, BrakeWhileThrottle, 0
1.103, VCU_wheelSpeed_RL, 0.0
1.103, VCU_wheelSpeed_RR, 0.0
1.103, RLSpeedKPH, 0.0
1.103, RRSpeedKPH, 0.0
1.103, FLSpeedKPH, 0.0
1.103, FRSpeedKPH, 0.0
1.104, IVT_MsgID_RX, 1
1.104, IVT_MsgCount, 0
1.104, IVT_Result_state, 0
1.104, IVT_U1, -0.016
1.104, IVT_MsgID_RX, 2
1.104, IVT_MsgCount, 0
1.104, IVT_Result_state, 0
1.104, IVT_U2, 0.006
1.104, IVT_MsgID_RX, 3
1.104, IVT_MsgCount, 0
1.104, IVT_Result_state, 0
1.104, IVT_U3, 0.027
1.104, IVT_MsgID_RX, 5
1.104, IVT_MsgCount, 0
1.104, IVT_Result_state, 0
1.104, IVT_W, 0
1.104, IVT_MsgID_RX, 0
1.104, IVT_MsgCount, 0
1.104, IVT_Result_state, 0
1.104, IVT_I, 0.0
1.104, TCTorqueMax, 3.392
1.104, TCLeftSlip, -0.999
1.104, TCRightSlip, -0.999
1.104, TCTorqueAdjustment, 0.0
1.104, VoltageCellMuxSelect, 21
1.104, VoltageCell64, 3.1950000000000003
1.104, VoltageCell65, 3.1968
1.104, VoltageCell66, 3.1954000000000002
1.104, AdjustedVoltageCellMuxSelect, 21
1.104, AdjustedVoltageCell64, 3.1948000000000003
1.104, AdjustedVoltageCell65, 3.1966
1.104, AdjustedVoltageCell66, 3.1955
1.104, IVT_MsgID_RX, 7
1.104, IVT_MsgCount, 0
1.104, IVT_Result_state, 0
1.104, IVT_Wh, 0
1.104, TempChannelMuxSelect, 21
1.104, TempChannel64, 0.0
1.104, TempChannel65, 0.0
1.104, TempChannel66, 0.0
1.152, ThrottlePercent, 0
1.152, BrakePercent, 37
1.152, FrontBrakePressure, 59
1.152, SteeringAngle, -51
1.152, BrakeWhileThrottle, 0
1.152, IVT_MsgID_RX, 5
1.152, IVT_MsgCount, 1
1.152, IVT_Result_state, 0
1.152, IVT_W, 0
1.152, IVT_MsgID_RX, 0
1.152, IVT_MsgCount, 1
1.152, IVT_Result_state, 0
1.152, IVT_I, 0.001
1.152, VCU_wheelSpeed_RL, 0.0
1.152, VCU_wheelSpeed_RR, 0.0
1.152, ThrottlePercent, 0
1.152, BrakePercent, 38
1.152, FrontBrakePressure, 62
1.152, SteeringAngle, -51
1.152, BrakeWhileThrottle, 0
1.153, RLSpeedKPH, 0.0
1.153, RRSpeedKPH, 0.0
1.153, FLSpeedKPH, 0.0
1.153, FRSpeedKPH, 0.0
1.153, IVT_MsgID_RX, 7
1.153, IVT_MsgCount, 1
1.153, IVT_Result_state, 0
1.153, IVT_Wh, 0
1.153, TCTorqueMax, 3.392
1.153, TCLeftSlip, -0.999
1.153, TCRightSlip, -0.999
1.153, TCTorqueAdjustment, 0.0
1.153, IVT_MsgID_RX, 5
1.153, IVT_MsgCount, 2
1.153, IVT_Result_state, 0
1.153, IVT_W, 0
1.153, IVT_MsgID_RX, 0
1.153, IVT_MsgCount, 2
1.153, IVT_Result_state, 0
1.153, IVT_I, 0.003
1.153, ThrottlePercent, 0
1.153, BrakePercent, 37
1.153, FrontBrakePressure, 63
1.153, SteeringAngle, -51
1.153, BrakeWhileThrottle, 0
1.153, IVT_MsgID_RX, 1
1.153, IVT_MsgCount, 1
1.153, IVT_Result_state, 0
1.153, IVT_U1, -0.012
1.153, IVT_MsgID_RX, 2
1.153, IVT_MsgCount, 1
1.153, IVT_Result_state, 0
1.153, IVT_U2, 0.02
1.202, IVT_MsgID_RX, 3
1.202, IVT_MsgCount, 1
1.202, IVT_Result_state, 0
1.202, IVT_U3, -0.012
1.202, IVT_MsgID_RX, 5
1.202, IVT_MsgCount, 3
1.202, IVT_Result_state, 0
1.202, IVT_W, 0
1.202, IVT_MsgID_RX, 0
1.202, IVT_MsgCount, 3
1.202, IVT_Result_state, 0
1.202, IVT_I, 0.0
1.202, IVT_MsgID_RX, 7
1.202, IVT_MsgCount, 2
1.202, IVT_Result_state, 0
1.202, IVT_Wh, 0
1.202, VCU_wheelSpeed_RL, 0.0
1.202, VCU_wheelSpeed_RR, 0.0
1.202, StateBatteryChargeHV, 20.0
1.202, StateBatteryHealthHV, 0.0
1.202, StateBatteryPowerHV, 331.90000000000003
1.202, TempCellMax, 156.0
1.202, TempCellMin, 55.0
1.202, StateBMS, Wait_System_Up
1.202, HighestTempThermistor, 0
1.202, RLSpeedKPH, 0.0
1.202, RRSpeedKPH, 0.0
1.202, FLSpeedKPH, 0.0
1.202, FRSpeedKPH, 0.0
1.203, BMU_checkFailed, BSPD_FAILED
1.203, BMU_InterlockInitialized, 0
1.203, VoltageCellMuxSelect, 22
1.203, VoltageCell67, 3.2164
1.203, VoltageCell68, 3.4587000000000003
1.203, VoltageCell69, 3.4502
1.203, TCTorqueMax, 3.392
1.203, TCLeftSlip, -0.999
1.203, TCRightSlip, -0.999
1.203, TCTorqueAdjustment, 0.0
1.203, ThrottlePercent, 0
1.203, BrakePercent, 37
1.203, FrontBrakePressure, 59
1.203, SteeringAngle, -50
1.203, BrakeWhileThrottle, 0
1.203, AdjustedVoltageCellMuxSelect, 22
1.203, AdjustedVoltageCell67, 3.2157
1.203, AdjustedVoltageCell68, 3.4592
1.203, AdjustedVoltageCell69, 3.45
1.203, TempChannelMuxSelect, 22
1.203, TempChannel67, 0.0
1.203, TempChannel68, 0.0
1.203, TempChannel69, 21.909999999999997
1.203, IVT_MsgID_RX, 5
1.203, IVT_MsgCount, 4
1.203, IVT_Result_state, 0
1.203, IVT_W, 0
1.203, ChannelCurrentRadiator, 0.214
1.203, ChannelCurrentAccFan, 0.201
1.203, ChannelCurrentPump1, 0.0
1.203, ChannelCurrentPump2, 0.201
1.203, ChannelCurrentAUX1, 0.0
1.203, ChannelCurrentAUX2, 0.161
1.203, ChannelCurrentAUX3, 0.0
1.203, ChannelCurrentAUX4, 0.214
1.203, ChannelCurrentBMU, 0.51
1.203, ChannelCurrentCDU, 0.402
1.203, ChannelCurrentTCU, 0.389
1.203, ChannelCurrentWSB, 0.657
1.203, ChannelCurrentBrakeLight, 0.067
1.203, ChannelCurrentInverter, 0.0
1.203, IVT_MsgID_RX, 0
1.203, IVT_MsgCount, 4
1.203, IVT_Result_state, 0
1.203, IVT_I, 0.001
1.203, VoltageBusHV, 0.0
1.203, VoltageCellMax, 3.5544000000000002
1.203, VoltageCellMin, 2.9570000000000003
1.203, CurrentBusHV, 0.0
1.203, AMS_PackVoltage, 460.65000000000003
1.204, ThrottlePercent, 0
1.204, BrakePercent, 37
1.204, FrontBrakePressure, 57
1.204, SteeringAngle, -51
1.204, BrakeWhileThrottle, 0
1.204, IVT_MsgID_RX, 7
1.204, IVT_MsgCount, 3
1.204, IVT_Result_state, 0
1.204, IVT_Wh, 0
1.204, IVT_MsgID_RX, 5
1.204, IVT_MsgCount, 5
1.204, IVT_Result_state, 0
1.204, IVT_W, 0
1.204, IVT_MsgID_RX, 0
1.204, IVT_MsgCount, 5
1.204, IVT_Result_state, 0
1.204, IVT_I, 0.0
1.204, VCU_wheelSpeed_RL, 0.0
1.204, VCU_wheelSpeed_RR, 0.0
1.204, VoltageCellMuxSelect, 23
1.204, VoltageCell70, 3.4499
1.204, VoltageCell71, 3.2129000000000003
1.204, VoltageCell72, 3.1953
1.204, RLSpeedKPH, 0.0
1.204, RRSpeedKPH, 0.0
1.204, FLSpeedKPH, 0.0
1.204, FRSpeedKPH, 0.0
1.204, AdjustedVoltageCellMuxSelect, 23
1.204, AdjustedVoltageCell70, 3.4498
1.204, AdjustedVoltageCell71, 3.2121
1.204, AdjustedVoltageCell72, 3.1953
1.204, TCTorqueMax, 3.392
1.204, TCLeftSlip, -0.999
1.204, TCRightSlip, -0.999
1.204, TCTorqueAdjustment, 0.0
1.204, TempChannelMuxSelect, 23
1.204, TempChannel70, 22.14
1.204, TempChannel71, 21.980000000000004
1.204, TempChannel72, 21.930000000000007
1.252, ThrottlePercent, 0
1.252, BrakePercent, 37
1.252, FrontBrakePressure, 59
1.252, SteeringAngle, -51
1.252, BrakeWhileThrottle, 0
1.252, IVT_MsgID_RX, 1
1.252, IVT_MsgCount, 2
1.252, IVT_Result_state, 0
1.252, IVT_U1, -0.027
1.252, IVT_MsgID_RX, 2
1.252, IVT_MsgCount, 2
1.252, IVT_Result_state, 0
1.252, IVT_U2, 0.041
1.252, RRSpeedKPH, 0.0
1.252, RRSpeedRPM, 0
1.252, IVT_MsgID_RX, 3
1.252, IVT_MsgCount, 2
1.252, IVT_Result_state, 0
1.252, IVT_U3, 0.01
1.253, IVT_MsgID_RX, 5
1.253, IVT_MsgCount, 6
1.253, IVT_Result_state, 0
1.253, IVT_W, 0
1.253, IVT_MsgID_RX, 0
1.253, IVT_MsgCount, 6
1.253, IVT_Result_state, 0
1.253, IVT_I, 0.002
1.253, IVT_MsgID_RX, 7
1.253, IVT_MsgCount, 4
1.253, IVT_Result_state, 0
1.253, IVT_Wh, 0
1.253, ThrottlePercent, 0
1.253, BrakePercent, 37
1.253, FrontBrakePressure, 60
1.253, SteeringAngle, -51
1.253, BrakeWhileThrottle, 0
1.253, VCU_wheelSpeed_RL, 0.0
1.253, VCU_wheelSpeed_RR, 0.0
1.253, IVT_MsgID_RX, 5
1.253, IVT_MsgCount, 7
1.253, IVT_Result_state, 0
1.253, IVT_W, 0
1.253, RLSpeedKPH, 0.0
1.253, RLSpeedRPM, 0.0
1.253, RLSpeedKPH, 0.0
1.253, RRSpeedKPH, 0.0
1.253, FLSpeedKPH, 0.0
1.253, FRSpeedKPH, 0.0
1.253, IVT_MsgID_RX, 0
1.253, IVT_MsgCount, 7
1.253, IVT_Result_state, 0
1.253, IVT_I, 0.0
1.253, TCTorqueMax, 3.392
1.253, TCLeftSlip, -0.999
1.253, TCRightSlip, -0.999
1.253, TCTorqueAdjustment, 0.0
1.253, BMU_checkFailed, BSPD_FAILED
1.253, BMU_InterlockInitialized, 0
1.253, VoltageCellMuxSelect, 24
1.253, VoltageCell73, 3.2007000000000003
1.253, VoltageCell74, 3.1986000000000003
1.253, VoltageCell75, 3.2026000000000003
1.253, ThrottlePercent, 0
1.253, BrakePercent, 37
1.253, FrontBrakePressure, 57
1.253, SteeringAngle, -51
1.253, BrakeWhileThrottle, 0
1.253, AdjustedVoltageCellMuxSelect, 24
1.253, AdjustedVoltageCell73, 3.2007000000000003
1.253, AdjustedVoltageCell74, 3.1986000000000003
1.253, AdjustedVoltageCell75, 3.2024000000000004
1.253, IVT_MsgID_RX, 7
1.253, IVT_MsgCount, 5
1.253, IVT_Result_state, 0
1.253, IVT_Wh, 0
1.254, IVT_MsgID_RX, 5
1.254, IVT_MsgCount, 8
1.254, IVT_Result_state, 0
1.254, IVT_W, 0
1.254, TempChannelMuxSelect, 24
1.254, TempChannel73, 21.939999999999998
1.254, TempChannel74, 22.010000000000005
1.254, TempChannel75, 22.070000000000007
1.254, IVT_MsgID_RX, 0
1.254, IVT_MsgCount, 8
1.254, IVT_Result_state, 0
1.254, IVT_I, 0.0
1.302, VCU_wheelSpeed_RL, 0.0
1.302, VCU_wheelSpeed_RR, 0.0
1.302, ThrottlePercent, 0
1.302, BrakePercent, 37
1.302, FrontBrakePressure, 63
1.302, SteeringAngle, -51
1.302, BrakeWhileThrottle, 0
1.302, RLSpeedKPH, 0.0
1.302, RRSpeedKPH, 0.0
1.302, FLSpeedKPH, 0.0
1.302, FRSpeedKPH, 0.0
1.302, TCTorqueMax, 3.392
1.302, TCLeftSlip, -0.999
1.302, TCRightSlip, -0.999
1.302, TCTorqueAdjustment, 0.0
1.302, IVT_MsgID_RX, 1
1.302, IVT_MsgCount, 3
1.302, IVT_Result_state, 0
1.302, IVT_U1, 0.0
1.302, IVT_MsgID_RX, 2
1.302, IVT_MsgCount, 3
1.302, IVT_Result_state, 0
1.302, IVT_U2, 0.054
1.302, IVT_MsgID_RX, 3
1.302, IVT_MsgCount, 3
1.302, IVT_Result_state, 0
1.302, IVT_U3, 0.037
1.302, IVT_MsgID_RX, 5
1.302, IVT_MsgCount, 9
1.302, IVT_Result_state, 0
1.302, IVT_W, 0
1.302, IVT_MsgID_RX, 0
1.302, IVT_MsgCount, 9
1.302, IVT_Result_state, 0
1.302, IVT_I, 0.0
1.302, ChannelCurrentRadiator, 0.17400000000000002
1.302, ChannelCurrentAccFan, 0.214
1.302, ChannelCurrentPump1, 0.0
1.302, ChannelCurrentPump2, 0.214
1.302, ChannelCurrentAUX1, 0.0
1.302, ChannelCurrentAUX2, 0.214
1.302, ChannelCurrentAUX3, 0.0
1.302, ChannelCurrentAUX4, 0.214
1.303, ChannelCurrentBMU, 0.51
1.303, ChannelCurrentCDU, 0.41600000000000004
1.303, ChannelCurrentTCU, 0.362
1.303, ChannelCurrentWSB, 0.644
1.303, ChannelCurrentBrakeLight, 0.08
1.303, ChannelCurrentInverter, 0.0
1.303, IVT_MsgID_RX, 7
1.303, IVT_MsgCount, 6
1.303, IVT_Result_state, 0
1.303, IVT_Wh, 0
1.303, VoltageBusHV, 0.0
1.303, VoltageCellMax, 3.5544000000000002
1.303, VoltageCellMin, 2.9570000000000003
1.303, CurrentBusHV, 0.0
1.303, AMS_PackVoltage, 460.65000000000003
1.303, ThrottlePercent, 0
1.303, BrakePercent, 37
1.303, FrontBrakePressure, 59
1.303, SteeringAngle, -51
1.303, BrakeWhileThrottle, 0
1.303, StateBatteryChargeHV, 20.0
1.303, StateBatteryHealthHV, 0.0
1.303, StateBatteryPowerHV, 331.90000000000003
1.303, TempCellMax, 156.0
1.303, TempCellMin, 55.0
1.303, StateBMS, Wait_System_Up
1.303, HighestTempThermistor, 0
1.303, IVT_MsgID_RX, 5
1.303, IVT_MsgCount, 10
1.303, IVT_Result_state, 0
1.303, IVT_W, 0
1.303, IVT_MsgID_RX, 0
1.303, IVT_MsgCount, 10
1.303, IVT_Result_state, 0
1.303, IVT_I, 0.0
1.303, VoltageCellMuxSelect, 25
1.303, VoltageCell76, 3.1856
1.303, VoltageCell77, 3.2092
1.303, VoltageCell78, 3.4539
1.303, VCU_wheelSpeed_RL, 0.0
1.303, VCU_wheelSpeed_RR, 0.0
1.303, AdjustedVoltageCellMuxSelect, 25
1.303, AdjustedVoltageCell76, 3.1855
1.303, AdjustedVoltageCell77, 3.2087000000000003
1.303, AdjustedVoltageCell78, 3.4543000000000004
1.352, RLSpeedKPH, 0.0
1.352, RRSpeedKPH, 0.0
1.352, FLSpeedKPH, 0.0
1.352, FRSpeedKPH, 0.0
1.352, TempChannelMuxSelect, 25
1.352, TempChannel76, 22.0
1.352, TempChannel77, 0.0
1.352, TempChannel78, 0.0
1.352, TCTorqueMax, 3.392
1.352, TCLeftSlip, -0.999
1.352, TCRightSlip, -0.999
1.352, TCTorqueAdjustment, 0.0
1.353, ThrottlePercent, 0
1.353, BrakePercent, 37
1.353, FrontBrakePressure, 56
1.353, SteeringAngle, -51
1.353, BrakeWhileThrottle, 0
1.353, IVT_MsgID_RX, 7
1.353, IVT_MsgCount, 7
1.353, IVT_Result_state, 0
1.353, IVT_Wh, 0
1.353, IVT_MsgID_RX, 5
1.353, IVT_MsgCount, 11
1.353, IVT_Result_state, 0
1.353, IVT_W, 0
1.353, IVT_MsgID_RX, 0
1.353, IVT_MsgCount, 11
1.353, IVT_Result_state, 0
1.353, IVT_I, 0.0
1.353, ThrottlePercent, 0
1.353, BrakePercent, 37
1.353, FrontBrakePressure, 60
1.353, SteeringAngle, -51
1.353, BrakeWhileThrottle, 0
1.353, IVT_MsgID_RX, 1
1.353, IVT_MsgCount, 4
1.353, IVT_Result_state, 0
1.353, IVT_U1, 0.006
1.353, IVT_MsgID_RX, 2
1.353, IVT_MsgCount, 4
1.353, IVT_Result_state, 0
1.353, IVT_U2, 0.033
1.353, IVT_MsgID_RX, 3
1.353, IVT_MsgCount, 4
1.353, IVT_Result_state, 0
1.353, IVT_U3, 0.051000000000000004
1.353, IVT_MsgID_RX, 5
1.353, IVT_MsgCount, 12
1.353, IVT_Result_state, 0
1.353, IVT_W, 0
1.353, IVT_MsgID_RX, 0
1.353, IVT_MsgCount, 12
1.353, IVT_Result_state, 0
1.353, IVT_I, -0.001
1.353, VCU_wheelSpeed_RL, 0.0
1.353, VCU_wheelSpeed_RR, 0.0
1.353, IVT_MsgID_RX, 7
1.353, IVT_MsgCount, 8
1.353, IVT_Result_state, 0
1.353, IVT_Wh, 0
1.353, RLSpeedKPH, 0.0
1.353, RRSpeedKPH, 0.0
1.353, FLSpeedKPH, 0.0
1.353, FRSpeedKPH, 0.0
1.353, TCTorqueMax, 3.392
1.353, TCLeftSlip, -0.999
1.353, TCRightSlip, -0.999
1.353, TCTorqueAdjustment, 0.0
1.354, ThrottlePercent, 0
1.354, BrakePercent, 37
1.354, FrontBrakePressure, 57
1.354, SteeringAngle, -51
1.354, BrakeWhileThrottle, 0
1.354, BMU_checkFailed, BSPD_FAILED
1.354, BMU_InterlockInitialized, 0
1.354, VoltageCellMuxSelect, 26
1.354, VoltageCell79, 3.4467000000000003
1.354, VoltageCell80, 3.4524000000000004
1.354, VoltageCell81, 3.2182
1.354, IVT_MsgID_RX, 5
1.354, IVT_MsgCount, 13
1.354, IVT_Result_state, 0
1.354, IVT_W, 0
1.354, AdjustedVoltageCellMuxSelect, 26
1.354, AdjustedVoltageCell79, 3.4466
1.354, AdjustedVoltageCell80, 3.4523
1.354, AdjustedVoltageCell81, 3.2177000000000002
1.354, IVT_MsgID_RX, 0
1.354, IVT_MsgCount, 13
1.354, IVT_Result_state, 0
1.354, IVT_I, -0.001
1.402, TempChannelMuxSelect, 26
1.402, TempChannel79, 0.0
1.402, TempChannel80, 0.0
1.402, TempChannel81, 0.0
1.402, IVT_MsgID_RX, 7
1.402, IVT_MsgCount, 9
1.402, IVT_Result_state, 0
1.402, IVT_Wh, 0
1.402, ThrottlePercent, 0
1.402, BrakePercent, 37
1.402, FrontBrakePressure, 63
1.402, SteeringAngle, -51
1.402, BrakeWhileThrottle, 0
1.402, IVT_MsgID_RX, 5
1.402, IVT_MsgCount, 14
1.402, IVT_Result_state, 0
1.402, IVT_W, 0
1.402, IVT_MsgID_RX, 0
1.402, IVT_MsgCount, 14
1.402, IVT_Result_state, 0
1.402, IVT_I, 0.0
1.402, VCU_wheelSpeed_RL, 0.0
1.402, VCU_wheelSpeed_RR, 0.0
1.402, RLSpeedKPH, 0.0
1.402, RRSpeedKPH, 0.0
1.402, FLSpeedKPH, 0.0
1.402, FRSpeedKPH, 0.0
1.402, ChannelCurrentRadiator, 0.187
1.402, ChannelCurrentAccFan, 0.214
1.402, ChannelCurrentPump1, 0.0
1.402, ChannelCurrentPump2, 0.214
1.403, ChannelCurrentAUX1, 0.0
1.403, ChannelCurrentAUX2, 0.214
1.403, ChannelCurrentAUX3, 0.0
1.403, ChannelCurrentAUX4, 0.187
1.403, ChannelCurrentBMU, 0.483
1.403, ChannelCurrentCDU, 0.46900000000000003
1.403, ChannelCurrentTCU, 0.375
1.403, ChannelCurrentWSB, 0.684
1.403, ChannelCurrentBrakeLight, 0.067
1.403, ChannelCurrentInverter, 0.0
1.403, TCTorqueMax, 3.392
1.403, TCLeftSlip, -0.999
1.403, TCRightSlip, -0.999
1.403, TCTorqueAdjustment, 0.0
1.403, VoltageBusHV, 0.0
1.403, VoltageCellMax, 3.5544000000000002
1.403, VoltageCellMin, 2.9570000000000003
1.403, CurrentBusHV, 0.0
1.403, AMS_PackVoltage, 460.65000000000003
1.403, ThrottlePercent, 0
1.403, BrakePercent, 36
1.403, FrontBrakePressure, 63
1.403, SteeringAngle, -51
1.403, BrakeWhileThrottle, 0
1.403, IVT_MsgID_RX, 1
1.403, IVT_MsgCount, 5
1.403, IVT_Result_state, 0
1.403, IVT_U1, -0.02
1.403, IVT_MsgID_RX, 2
1.403, IVT_MsgCount, 5
1.403, IVT_Result_state, 0
1.403, IVT_U2, 0.043000000000000003
1.403, IVT_MsgID_RX, 3
1.403, IVT_MsgCount, 5
1.403, IVT_Result_state, 0
1.403, IVT_U3, 0.02
1.403, IVT_MsgID_RX, 5
1.403, IVT_MsgCount, 15
1.403, IVT_Result_state, 0
1.403, IVT_W, 0
1.403, IVT_MsgID_RX, 0
1.403, IVT_MsgCount, 15
1.403, IVT_Result_state, 0
1.403, IVT_I, 0.003
1.403, IVT_MsgID_RX, 7
1.403, IVT_MsgCount, 10
1.403, IVT_Result_state, 0
1.403, IVT_Wh, 0
1.403, IMD_R_iso_corrected, 0
1.403, IMD_R_iso_status, 252
1.403, IMD_R_Measurement_Counter, 1
1.403, IMD_Faults, 512
1.403, IMD_Device_activity, 1
1.452, VCU_wheelSpeed_RL, 0.0
1.452, VCU_wheelSpeed_RR, 0.0
1.452, ThrottlePercent, 0
1.452, BrakePercent, 37
1.452, FrontBrakePressure, 54
1.452, SteeringAngle, -51
1.452, BrakeWhileThrottle, 0
1.452, RLSpeedKPH, 0.0
1.452, RRSpeedKPH, 0.0
1.452, FLSpeedKPH, 0.0
1.452, FRSpeedKPH, 0.0
1.452, IVT_MsgID_RX, 5
1.452, IVT_MsgCount, 0
1.452, IVT_Result_state, 0
1.452, IVT_W, 0
1.452, TCTorqueMax, 3.392
1.452, TCLeftSlip, -0.999
1.452, TCRightSlip, -0.999
1.452, TCTorqueAdjustment, 0.0
1.452, IVT_MsgID_RX, 0
1.452, IVT_MsgCount, 0
1.452, IVT_Result_state, 0
1.452, IVT_I, 0.004
1.452, StateBatteryChargeHV, 20.0
1.452, StateBatteryHealthHV, 0.0
1.452, StateBatteryPowerHV, 331.90000000000003
1.452, TempCellMax, 156.0
1.452, TempCellMin, 55.0
1.452, StateBMS, Wait_System_Up
1.452, HighestTempThermistor, 0
1.452, VoltageCellMuxSelect, 27
1.452, VoltageCell82, 3.2001
1.452, VoltageCell83, 3.2063
1.452, VoltageCell84, 3.2036000000000002
1.452, AdjustedVoltageCellMuxSelect, 27
1.452, AdjustedVoltageCell82, 3.2
1.452, AdjustedVoltageCell83, 3.2062
1.452, AdjustedVoltageCell84, 3.2036000000000002
1.452, TempChannelMuxSelect, 27
1.452, TempChannel82, 21.86
1.452, TempChannel83, 21.900000000000006
1.452, TempChannel84, 21.86
1.452, IVT_MsgID_RX, 7
1.452, IVT_MsgCount, 11
1.452, IVT_Result_state, 0
1.452, IVT_Wh, 0
1.452, ThrottlePercent, 0
1.452, BrakePercent, 37
1.452, FrontBrakePressure, 57
1.452, SteeringAngle, -51
1.452, BrakeWhileThrottle, 0
1.452, IVT_MsgID_RX, 5
1.452, IVT_MsgCount, 1
1.452, IVT_Result_state, 0
1.452, IVT_W, 0
1.452, IVT_MsgID_RX, 0
1.452, IVT_MsgCount, 1
1.452, IVT_Result_state, 0
1.452, IVT_I, 0.0
1.453, VCU_wheelSpeed_RL, 0.0
1.453, VCU_wheelSpeed_RR, 0.0
1.453, RLSpeedKPH, 0.0
1.453, RRSpeedKPH, 0.0
1.453, FLSpeedKPH, 0.0
1.453, FRSpeedKPH, 0.0
1.453, TCTorqueMax, 3.392
1.453, TCLeftSlip, -0.999
1.453, TCRightSlip, -0.999
1.453, TCTorqueAdjustment, 0.0
1.453, ThrottlePercent, 0
1.453, BrakePercent, 37
1.453, FrontBrakePressure, 66
1.453, SteeringAngle, -51
1.453, BrakeWhileThrottle, 0
1.453, IVT_MsgID_RX, 1
1.453, IVT_MsgCount, 6
1.453, IVT_Result_state, 0
1.453, IVT_U1, -0.008
1.453, IVT_MsgID_RX, 2
1.453, IVT_MsgCount, 6
1.453, IVT_Result_state, 0
1.453, IVT_U2, -0.033
1.453, IVT_MsgID_RX, 3
1.453, IVT_MsgCount, 6
1.453, IVT_Result_state, 0
1.453, IVT_U3, 0.07
1.453, BMU_checkFailed, BSPD_FAILED
1.453, BMU_InterlockInitialized, 0
1.453, IVT_MsgID_RX, 5
1.453, IVT_MsgCount, 2
1.453, IVT_Result_state, 0
1.453, IVT_W, 0
1.453, IVT_MsgID_RX, 0
1.453, IVT_MsgCount, 2
1.453, IVT_Result_state, 0
1.453, IVT_I, 0.0
1.453, AdjustedVoltageCellMuxSelect, 28
1.453, AdjustedVoltageCell85, 3.2063
1.453, AdjustedVoltageCell86, 3.1986000000000003
1.453, AdjustedVoltageCell87, 3.2191
1.453, TempChannelMuxSelect, 28
1.453, TempChannel85, 21.939999999999998
1.453, TempChannel86, 21.820000000000007
1.453, TempChannel87, 21.85000000000001
1.502, IVT_MsgID_RX, 7
1.502, IVT_MsgCount, 12
1.502, IVT_Result_state, 0
1.502, IVT_Wh, 0
1.502, ThrottlePercent, 0
1.502, BrakePercent, 37
1.502, FrontBrakePressure, 56
1.502, SteeringAngle, -51
1.502, BrakeWhileThrottle, 0
1.537, IVT_MsgID_RX, 5
1.537, IVT_MsgCount, 3
1.537, IVT_Result_state, 0
1.537, IVT_W, 0
1.537, IVT_MsgID_RX, 0
1.537, IVT_MsgCount, 3
1.537, IVT_Result_state, 0
1.537, IVT_I, 0.004
1.537, ChannelCurrentRadiator, 0.214
1.537, ChannelCurrentAccFan, 0.201
1.537, ChannelCurrentPump1, 0.0
1.537, ChannelCurrentPump2, 0.187
1.537, ChannelCurrentAUX1, 0.0
1.537, ChannelCurrentAUX2, 0.214
1.537, ChannelCurrentAUX3, 0.0
1.537, ChannelCurrentAUX4, 0.214
1.537, ChannelCurrentBMU, 0.496
1.537, ChannelCurrentCDU, 0.46900000000000003
1.537, ChannelCurrentTCU, 0.362
1.537, ChannelCurrentWSB, 0.644
1.537, ChannelCurrentBrakeLight, 0.053
1.537, ChannelCurrentInverter, 0.0
1.537, VCU_wheelSpeed_RL, 0.0
1.537, VCU_wheelSpeed_RR, 0.0
1.537, RLSpeedKPH, 0.0
1.537, RRSpeedKPH, 0.0
1.537, FLSpeedKPH, 0.0
1.537, FRSpeedKPH, 0.0
1.537, TCTorqueMax, 3.392
1.537, TCLeftSlip, -0.999
1.537, TCRightSlip, -0.999
1.537, TCTorqueAdjustment, 0.0
1.537, IVT_MsgID_RX, 7
1.537, IVT_MsgCount, 13
1.537, IVT_Result_state, 0
1.537, IVT_Wh, 0
1.537, ThrottlePercent, 0
1.537, BrakePercent, 37
1.537, FrontBrakePressure, 63
1.537, SteeringAngle, -51
1.537, BrakeWhileThrottle, 0
1.537, IVT_MsgID_RX, 5
1.537, IVT_MsgCount, 4
1.537, IVT_Result_state, 0
1.537, IVT_W, 0
1.537, VoltageBusHV, 0.0
1.537, VoltageCellMax, 3.5544000000000002
1.537, VoltageCellMin, 2.9571
1.537, CurrentBusHV, 0.0
1.537, IVT_MsgID_RX, 0
1.537, IVT_MsgCount, 4
1.537, IVT_Result_state, 0
1.537, IVT_I, 0.0
1.537, AMS_PackVoltage, 460.65000000000003
1.538, IMD_R_iso_corrected, 0
1.538, IMD_R_iso_status, 252
1.538, IMD_R_Measurement_Counter, 1
1.538, IMD_Faults, 512
1.538, IMD_Device_activity, 1
1.538, VoltageCellMuxSelect, 29
1.538, VoltageCell88, 3.4581
1.538, VoltageCell89, 3.4487
1.538, VoltageCell90, 3.4492000000000003
1.538, AdjustedVoltageCellMuxSelect, 29
1.538, AdjustedVoltageCell88, 3.4585000000000004
1.538, AdjustedVoltageCell89, 3.4485
1.538, AdjustedVoltageCell90, 3.4491
1.552, TempChannelMuxSelect, 29
1.552, TempChannel88, 24.519999999999996
1.552, TempChannel89, 21.879999999999995
1.552, TempChannel90, 21.939999999999998
1.552, ThrottlePercent, 0
1.552, BrakePercent, 37
1.552, FrontBrakePressure, 60
1.552, SteeringAngle, -50
1.552, BrakeWhileThrottle, 0
1.552, IVT_MsgID_RX, 1
1.552, IVT_MsgCount, 7
1.552, IVT_Result_state, 0
1.552, IVT_U1, -0.004
1.552, IVT_MsgID_RX, 2
1.552, IVT_MsgCount, 7
1.552, IVT_Result_state, 0
1.552, IVT_U2, -0.02
1.552, IVT_MsgID_RX, 3
1.552, IVT_MsgCount, 7
1.552, IVT_Result_state, 0
1.552, IVT_U3, 0.031
1.552, IVT_MsgID_RX, 5
1.552, IVT_MsgCount, 5
1.552, IVT_Result_state, 0
1.552, IVT_W, 0
1.552, IVT_MsgID_RX, 0
1.552, IVT_MsgCount, 5
1.552, IVT_Result_state, 0
1.552, IVT_I, -0.003
1.552, VCU_wheelSpeed_RL, 0.0
1.552, VCU_wheelSpeed_RR, 0.0
1.552, RLSpeedKPH, 0.0
1.552, RRSpeedKPH, 0.0
1.552, FLSpeedKPH, 0.0
1.552, FRSpeedKPH, 0.0
1.552, IVT_MsgID_RX, 7
1.552, IVT_MsgCount, 14
1.552, IVT_Result_state, 0
1.552, IVT_Wh, 0
1.555, TCTorqueMax, 3.392
1.555, TCLeftSlip, -0.999
1.555, TCRightSlip, -0.999
1.555, TCTorqueAdjustment, 0.0
1.555, ThrottlePercent, 0
1.555, BrakePercent, 37
1.555, FrontBrakePressure, 60
1.555, SteeringAngle, -51
1.555, BrakeWhileThrottle, 0
1.555, IVT_MsgID_RX, 5
1.555, IVT_MsgCount, 6
1.555, IVT_Result_state, 0
1.555, IVT_W, 0
1.555, IVT_MsgID_RX, 0
1.555, IVT_MsgCount, 6
1.555, IVT_Result_state, 0
1.555, IVT_I, -0.002
1.555, StateBatteryChargeHV, 20.0
1.555, StateBatteryHealthHV, 0.0
1.555, StateBatteryPowerHV, 331.90000000000003
1.555, TempCellMax, 156.0
1.555, TempCellMin, 55.0
1.555, StateBMS, Wait_System_Up
1.555, HighestTempThermistor, 0
1.555, IVT_MsgID_RX, 7
1.555, IVT_MsgCount, 15
1.555, IVT_Result_state, 0
1.555, IVT_Wh, 0
1.555, VCU_wheelSpeed_RL, 0.0
1.555, VCU_wheelSpeed_RR, 0.0
1.555, ThrottlePercent, 0
1.555, BrakePercent, 37
1.555, FrontBrakePressure, 62
1.555, SteeringAngle, -50
1.555, BrakeWhileThrottle, 0
1.555, IVT_MsgID_RX, 5
1.555, IVT_MsgCount, 7
1.555, IVT_Result_state, 0
1.555, IVT_W, 0
1.556, RLSpeedKPH, 0.0
1.556, RRSpeedKPH, 0.0
1.556, FLSpeedKPH, 0.0
1.556, FRSpeedKPH, 0.0
1.556, IVT_MsgID_RX, 0
1.556, IVT_MsgCount, 7
1.556, IVT_Result_state, 0
1.556, IVT_I, -0.001
1.556, AdjustedVoltageCellMuxSelect, 30
1.556, AdjustedVoltageCell91, 3.2137000000000002
1.556, AdjustedVoltageCell92, 3.2006
1.556, AdjustedVoltageCell93, 3.2043000000000004
1.556, TCTorqueMax, 3.392
1.556, TCLeftSlip, -0.999
1.556, TCRightSlip, -0.999
1.556, TCTorqueAdjustment, 0.0
1.602, TempChannelMuxSelect, 30
1.602, TempChannel91, 21.939999999999998
1.602, TempChannel92, 21.900000000000006
1.602, TempChannel93, 0.0
1.603, VoltageBusLV, 11.609
1.603, CurrentBusLV, 0.0
1.603, PowerBusLV, 0
1.603, ThrottlePercent, 0
1.603, BrakePercent, 37
1.603, FrontBrakePressure, 59
1.603, SteeringAngle, -51
1.603, BrakeWhileThrottle, 0
1.603, IVT_MsgID_RX, 1
1.603, IVT_MsgCount, 8
1.603, IVT_Result_state, 0
1.603, IVT_U1, 0.031
1.603, IVT_MsgID_RX, 2
1.603, IVT_MsgCount, 8
1.603, IVT_Result_state, 0
1.603, IVT_U2, 0.041
1.603, IVT_MsgID_RX, 3
1.603, IVT_MsgCount, 8
1.603, IVT_Result_state, 0
1.603, IVT_U3, 0.018000000000000002
1.603, IVT_MsgID_RX, 5
1.603, IVT_MsgCount, 8
1.603, IVT_Result_state, 0
1.603, IVT_W, 0
1.603, IVT_MsgID_RX, 0
1.603, IVT_MsgCount, 8
1.603, IVT_Result_state, 0
1.603, IVT_I, -0.002
1.603, IVT_MsgID_RX, 7
1.603, IVT_MsgCount, 0
1.603, IVT_Result_state, 0
1.603, IVT_Wh, 0
1.603, ChannelCurrentRadiator, 0.214
1.603, ChannelCurrentAccFan, 0.268
1.603, ChannelCurrentPump1, 0.0
1.603, ChannelCurrentPump2, 0.214
1.603, ChannelCurrentAUX1, 0.0
1.603, ChannelCurrentAUX2, 0.241
1.603, ChannelCurrentAUX3, 0.0
1.603, ChannelCurrentAUX4, 0.201
1.603, ChannelCurrentBMU, 0.523
1.603, ChannelCurrentCDU, 0.46900000000000003
1.603, ChannelCurrentTCU, 0.375
1.603, ChannelCurrentWSB, 0.671
1.603, ChannelCurrentBrakeLight, 0.067
1.603, ChannelCurrentInverter, 0.0
1.603, VCU_wheelSpeed_RL, 0.0
1.603, VCU_wheelSpeed_RR, 0.0
1.603, RLSpeedKPH, 0.0
1.603, RRSpeedKPH, 0.0
1.603, FLSpeedKPH, 0.0
1.603, FRSpeedKPH, 0.0
1.604, TCTorqueMax, 3.392
1.604, TCLeftSlip, -0.999
1.604, TCRightSlip, -0.999
1.604, TCTorqueAdjustment, 0.0
1.604, IVT_MsgID_RX, 5
1.604, IVT_MsgCount, 9
1.604, IVT_Result_state, 0
1.604, IVT_W, 0
1.604, ThrottlePercent, 0
1.604, BrakePercent, 37
1.604, FrontBrakePressure, 59
1.604, SteeringAngle, -51
1.604, BrakeWhileThrottle, 0
1.604, IVT_MsgID_RX, 0
1.604, IVT_MsgCount, 9
1.604, IVT_Result_state, 0
1.604, IVT_I, -0.002
1.604, VoltageBusHV, 0.03
1.604, VoltageCellMax, 3.5543
1.604, VoltageCellMin, 2.9571
1.604, CurrentBusHV, 0.0
1.604, AMS_PackVoltage, 460.65000000000003
1.604, IMD_R_iso_corrected, 0
1.604, IMD_R_iso_status, 252
1.604, IMD_R_Measurement_Counter, 1
1.604, IMD_Faults, 512
1.604, IMD_Device_activity, 1
1.604, VoltageCellMuxSelect, 31
1.604, VoltageCell94, 3.2054
1.604, VoltageCell95, 3.2056
1.604, VoltageCell96, 3.1956
1.604, AdjustedVoltageCellMuxSelect, 31
1.604, AdjustedVoltageCell94, 3.2053000000000003
1.604, AdjustedVoltageCell95, 3.2056
1.604, AdjustedVoltageCell96, 3.1956
1.604, IVT_MsgID_RX, 7
1.604, IVT_MsgCount, 1
1.604, IVT_Result_state, 0
1.604, IVT_Wh, 0
1.652, IVT_MsgID_RX, 5
1.652, IVT_MsgCount, 10
1.652, IVT_Result_state, 0
1.652, IVT_W, 0
1.652, ThrottlePercent, 0
1.652, BrakePercent, 37
1.652, FrontBrakePressure, 59
1.652, SteeringAngle, -51
1.652, BrakeWhileThrottle, 0
1.652, TempChannelMuxSelect, 31
1.652, TempChannel94, 0.0
1.652, TempChannel95, 0.0
1.652, TempChannel96, 21.840000000000003
1.652, IVT_MsgID_RX, 0
1.652, IVT_MsgCount, 10
1.652, IVT_Result_state, 0
1.652, IVT_I, 0.003
1.653, VCU_wheelSpeed_RL, 0.0
1.653, VCU_wheelSpeed_RR, 0.0
1.653, RLSpeedKPH, 0.0
1.653, RRSpeedKPH, 0.0
1.653, FLSpeedKPH, 0.0
1.653, FRSpeedKPH, 0.0
1.653, TCTorqueMax, 3.392
1.653, TCLeftSlip, -0.999
1.653, TCRightSlip, -0.999
1.653, TCTorqueAdjustment, 0.0
1.653, IVT_MsgID_RX, 1
1.653, IVT_MsgCount, 9
1.653, IVT_Result_state, 0
1.653, IVT_U1, 0.0
1.653, IVT_MsgID_RX, 2
1.653, IVT_MsgCount, 9
1.653, IVT_Result_state, 0
1.653, IVT_U2, 0.008
1.653, IVT_MsgID_RX, 3
1.653, IVT_MsgCount, 9
1.653, IVT_Result_state, 0
1.653, IVT_U3, 0.022
1.653, IVT_MsgID_RX, 5
1.653, IVT_MsgCount, 11
1.653, IVT_Result_state, 0
1.653, IVT_W, 0
1.653, ThrottlePercent, 0
1.653, BrakePercent, 37
1.653, FrontBrakePressure, 56
1.653, SteeringAngle, -51
1.653, BrakeWhileThrottle, 0
1.653, IVT_MsgID_RX, 0
1.653, IVT_MsgCount, 11
1.653, IVT_Result_state, 0
1.653, IVT_I, 0.002
1.653, IVT_MsgID_RX, 7
1.653, IVT_MsgCount, 2
1.653, IVT_Result_state, 0
1.653, IVT_Wh, 0
1.653, IVT_MsgID_RX, 5
1.653, IVT_MsgCount, 12
1.653, IVT_Result_state, 0
1.653, IVT_W, 0
1.653, ThrottlePercent, 0
1.653, BrakePercent, 37
1.653, FrontBrakePressure, 60
1.653, SteeringAngle, -51
1.653, BrakeWhileThrottle, 0
1.653, IVT_MsgID_RX, 0
1.653, IVT_MsgCount, 12
1.653, IVT_Result_state, 0
1.653, IVT_I, 0.0
1.653, VCU_wheelSpeed_RL, 0.0
1.653, VCU_wheelSpeed_RR, 0.0
1.702, RLSpeedKPH, 0.0
1.702, RRSpeedKPH, 0.0
1.702, FLSpeedKPH, 0.0
1.702, FRSpeedKPH, 0.0
1.702, TCTorqueMax, 3.392
1.702, TCLeftSlip, -0.999
1.702, TCRightSlip, -0.999
1.702, TCTorqueAdjustment, 0.0
1.702, IVT_MsgID_RX, 7
1.702, IVT_MsgCount, 3
1.702, IVT_Result_state, 0
1.702, IVT_Wh, 0
1.702, IVT_MsgID_RX, 5
1.702, IVT_MsgCount, 13
1.702, IVT_Result_state, 0
1.702, IVT_W, 0
1.702, ThrottlePercent, 0
1.702, BrakePercent, 37
1.702, FrontBrakePressure, 60
1.702, SteeringAngle, -51
1.702, BrakeWhileThrottle, 0
1.702, IVT_MsgID_RX, 0
1.702, IVT_MsgCount, 13
1.702, IVT_Result_state, 0
1.702, IVT_I, 0.0
1.702, StateBatteryChargeHV, 20.0
1.702, StateBatteryHealthHV, 0.0
1.702, StateBatteryPowerHV, 331.90000000000003
1.702, TempCellMax, 156.0
1.702, TempCellMin, 55.0
1.702, StateBMS, Wait_System_Up
1.702, HighestTempThermistor, 0
1.702, BMU_checkFailed, BSPD_FAILED
1.702, BMU_InterlockInitialized, 0
1.702, VoltageCellMuxSelect, 32
1.702, VoltageCell97, 3.2131000000000003
1.702, VoltageCell98, 3.4591000000000003
1.702, VoltageCell99, 3.4464
1.702, AdjustedVoltageCellMuxSelect, 32
1.702, AdjustedVoltageCell97, 3.2127000000000003
1.702, AdjustedVoltageCell98, 3.4594
1.702, AdjustedVoltageCell99, 3.4463000000000004
1.702, TempChannelMuxSelect, 32
1.702, TempChannel97, 21.810000000000002
1.702, TempChannel98, 21.840000000000003
1.702, TempChannel99, 21.810000000000002
1.702, ChannelCurrentRadiator, 0.187
1.702, ChannelCurrentAccFan, 0.187
1.702, ChannelCurrentPump1, 0.0
1.702, ChannelCurrentPump2, 0.214
1.702, ChannelCurrentAUX1, 0.0
1.702, ChannelCurrentAUX2, 0.187
1.702, ChannelCurrentAUX3, 0.0
1.702, ChannelCurrentAUX4, 0.17400000000000002
1.702, ChannelCurrentBMU, 0.523
1.702, ChannelCurrentCDU, 0.429
1.702, ChannelCurrentTCU, 0.362
1.702, ChannelCurrentWSB, 0.617
1.703, ChannelCurrentBrakeLight, 0.053
1.703, ChannelCurrentInverter, 0.0
1.703, IVT_MsgID_RX, 1
1.703, IVT_MsgCount, 10
1.703, IVT_Result_state, 0
1.703, IVT_U1, -0.054
1.703, IVT_MsgID_RX, 2
1.703, IVT_MsgCount, 10
1.703, IVT_Result_state, 0
1.703, IVT_U2, 0.02
1.703, IVT_MsgID_RX, 3
1.703, IVT_MsgCount, 10
1.703, IVT_Result_state, 0
1.703, IVT_U3, 0.066
1.703, IVT_MsgID_RX, 5
1.703, IVT_MsgCount, 14
1.703, IVT_Result_state, 0
1.703, IVT_W, 0
1.703, VCU_wheelSpeed_RL, 0.0
1.703, VCU_wheelSpeed_RR, 0.0
1.703, ThrottlePercent, 0
1.703, BrakePercent, 37
1.703, FrontBrakePressure, 56
1.703, SteeringAngle, -51
1.703, BrakeWhileThrottle, 0
1.703, IVT_MsgID_RX, 0
1.703, IVT_MsgCount, 14
1.703, IVT_Result_state, 0
1.703, IVT_I, -0.004
1.703, RLSpeedKPH, 0.0
1.703, RRSpeedKPH, 0.0
1.703, FLSpeedKPH, 0.0
1.703, FRSpeedKPH, 0.0
1.703, TCTorqueMax, 3.392
1.703, TCLeftSlip, -0.999
1.703, TCRightSlip, -0.999
1.703, TCTorqueAdjustment, 0.0
1.703, IVT_MsgID_RX, 7
1.703, IVT_MsgCount, 4
1.703, IVT_Result_state, 0
1.703, IVT_Wh, 0
1.703, VoltageBusHV, 0.0
1.703, VoltageCellMax, 3.5544000000000002
1.703, VoltageCellMin, 2.9571
1.703, CurrentBusHV, 0.0
1.703, AMS_PackVoltage, 460.66
1.703, VoltageCellMuxSelect, 33
1.703, VoltageCell100, 3.452
1.703, VoltageCell101, 3.2324
1.703, VoltageCell102, 3.2026000000000003
1.703, IMD_R_iso_corrected, 0
1.703, IMD_R_iso_status, 252
1.703, IMD_R_Measurement_Counter, 1
1.703, IMD_Faults, 512
1.703, IMD_Device_activity, 1
1.704, AdjustedVoltageCellMuxSelect, 33
1.704, AdjustedVoltageCell100, 3.4519
1.704, AdjustedVoltageCell101, 3.2321
1.704, AdjustedVoltageCell102, 3.2026000000000003
1.704, TempChannelMuxSelect, 33
1.704, TempChannel100, 21.83
1.704, TempChannel101, 21.810000000000002
1.704, TempChannel102, 21.909999999999997
1.752, IVT_MsgID_RX, 5
1.752, IVT_MsgCount, 15
1.752, IVT_Result_state, 0
1.752, IVT_W, 0
1.752, IVT_MsgID_RX, 0
1.752, IVT_MsgCount, 15
1.752, IVT_Result_state, 0
1.752, IVT_I, 0.001
1.752, ThrottlePercent, 0
1.752, BrakePercent, 37
1.752, FrontBrakePressure, 56
1.752, SteeringAngle, -51
1.752, BrakeWhileThrottle, 0
1.752, IVT_MsgID_RX, 7
1.752, IVT_MsgCount, 5
1.752, IVT_Result_state, 0
1.752, IVT_Wh, 0
1.752, VCU_wheelSpeed_RL, 0.0
1.752, VCU_wheelSpeed_RR, 0.0
1.752, RLSpeedKPH, 0.0
1.752, RRSpeedKPH, 0.0
1.752, FLSpeedKPH, 0.0
1.752, FRSpeedKPH, 0.0
1.752, IVT_MsgID_RX, 5
1.752, IVT_MsgCount, 0
1.752, IVT_Result_state, 0
1.752, IVT_W, 0
1.752, TCTorqueMax, 3.392
1.752, TCLeftSlip, -0.999
1.752, TCRightSlip, -0.999
1.752, TCTorqueAdjustment, 0.0
1.752, IVT_MsgID_RX, 0
1.752, IVT_MsgCount, 0
1.752, IVT_Result_state, 0
1.752, IVT_I, -0.001
1.752, ThrottlePercent, 0
1.752, BrakePercent, 36
1.752, FrontBrakePressure, 63
1.752, SteeringAngle, -51
1.752, BrakeWhileThrottle, 0
1.752, IVT_MsgID_RX, 1
1.752, IVT_MsgCount, 11
1.752, IVT_Result_state, 0
1.752, IVT_U1, 0.031
1.752, IVT_MsgID_RX, 2
1.752, IVT_MsgCount, 11
1.752, IVT_Result_state, 0
1.752, IVT_U2, 0.006
1.752, IVT_MsgID_RX, 3
1.752, IVT_MsgCount, 11
1.752, IVT_Result_state, 0
1.752, IVT_U3, 0.049
1.753, IVT_MsgID_RX, 5
1.753, IVT_MsgCount, 1
1.753, IVT_Result_state, 0
1.753, IVT_W, 0
1.753, IVT_MsgID_RX, 0
1.753, IVT_MsgCount, 1
1.753, IVT_Result_state, 0
1.753, IVT_I, 0.001
1.753, ThrottlePercent, 0
1.753, BrakePercent, 37
1.753, FrontBrakePressure, 57
1.753, SteeringAngle, -51
1.753, BrakeWhileThrottle, 0
1.753, BMU_checkFailed, BSPD_FAILED
1.753, BMU_InterlockInitialized, 0
1.753, VoltageCellMuxSelect, 34
1.753, VoltageCell103, 3.2072000000000003
1.753, VoltageCell104, 3.202
1.753, VoltageCell105, 3.2043000000000004
1.753, IVT_MsgID_RX, 7
1.753, IVT_MsgCount, 6
1.753, IVT_Result_state, 0
1.753, IVT_Wh, 0
1.753, AdjustedVoltageCellMuxSelect, 34
1.753, AdjustedVoltageCell103, 3.2072000000000003
1.753, AdjustedVoltageCell104, 3.2019
1.753, AdjustedVoltageCell105, 3.2043000000000004
