0.133, ThrottleAReading, 1610
0.133, ThrottleBReading, 2129
0.133, BrakeReading, 1403
0.133, ThrottleAPercent, 0.0
0.133, ThrottleBPercent, 0.0
0.177, ThrottleAReading, 1610
0.177, ThrottleBReading, 2129
0.177, BrakeReading, 1403
0.177, ThrottleAPercent, 0.0
0.177, ThrottleBPercent, 0.0
0.177, VCU_wheelSpeed_RL, 0.0
0.177, VCU_wheelSpeed_RR, 0.0
0.177, RLSpeedKPH, 0.0
0.177, RRSpeedKPH, 0.0
0.177, FLSpeedKPH, 0.0
0.177, FRSpeedKPH, 0.0
0.177, ThrottleAReading, 1610
0.177, ThrottleBReading, 2129
0.177, BrakeReading, 1403
0.177, ThrottleAPercent, 0.0
0.177, ThrottleBPercent, 0.0
0.177, TCTorqueMax, 3.392
0.177, TCLeftSlip, -0.999
0.177, TCRightSlip, -0.999
0.177, TCTorqueAdjustment, 0.0
0.177, ThrottleAReading, 1610
0.177, ThrottleBReading, 2129
0.177, BrakeReading, 1402
0.177, ThrottleAPercent, 0.0
0.177, ThrottleBPercent, 0.0
0.177, ThrottleAReading, 1610
0.177, ThrottleBReading, 2129
0.177, BrakeReading, 1402
0.177, ThrottleAPercent, 0.0
0.177, ThrottleBPercent, 0.0
0.177, ThrottleAReading, 1610
0.177, ThrottleBReading, 2129
0.177, BrakeReading, 1402
0.177, ThrottleAPercent, 0.0
0.177, ThrottleBPercent, 0.0
0.177, ThrottleAReading, 1610
0.177, ThrottleBReading, 2129
0.177, BrakeReading, 1403
0.177, ThrottleAPercent, 0.0
0.177, ThrottleBPercent, 0.0
0.177, VoltageCellMuxSelect, 3
0.177, VoltageCell10, 3.5
0.177, VoltageCell11, 3.5
0.177, VoltageCell12, 3.5
0.177, ThrottleAReading, 1610
0.177, ThrottleBReading, 2129
0.177, BrakeReading, 1403
0.177, ThrottleAPercent, 0.0
0.177, ThrottleBPercent, 0.0
0.177, AdjustedVoltageCellMuxSelect, 3
0.177, AdjustedVoltageCell10, 0.0
0.177, AdjustedVoltageCell11, 0.0
0.177, AdjustedVoltageCell12, 0.0
0.177, ThrottleAReading, 1611
0.177, ThrottleBReading, 2129
0.177, BrakeReading, 1403
0.177, ThrottleAPercent, 0.0
0.177, ThrottleBPercent, 0.0
0.177, TempChannelMuxSelect, 3
0.177, TempChannel10, 0.0
0.177, TempChannel11, 0.0
0.177, TempChannel12, 0.0
0.179, ThrottleAReading, 1611
0.179, ThrottleBReading, 2129
0.179, BrakeReading, 1403
0.179, ThrottleAPercent, 0.0
0.179, ThrottleBPercent, 0.0
0.179, VCU_wheelSpeed_RL, 0.0
0.179, VCU_wheelSpeed_RR, 0.0
0.179, ChannelCurrentRadiator, 0.201
0.179, ChannelCurrentAccFan, 0.214
0.179, ChannelCurrentPump1, 0.0
0.179, ChannelCurrentPump2, 0.201
0.179, ThrottleAReading, 1611
0.179, ThrottleBReading, 2129
0.179, BrakeReading, 1402
0.179, ThrottleAPercent, 0.0
0.179, ThrottleBPercent, 0.0
0.179, TCTorqueMax, 3.392
0.179, TCLeftSlip, -0.999
0.179, TCRightSlip, -0.999
0.179, TCTorqueAdjustment, 0.0
0.227, ThrottleAReading, 1611
0.227, ThrottleBReading, 2129
0.227, BrakeReading, 1402
0.227, ThrottleAPercent, 0.0
0.227, ThrottleBPercent, 0.0
0.227, ThrottleAReading, 1611
0.227, ThrottleBReading, 2129
0.227, BrakeReading, 1402
0.227, ThrottleAPercent, 0.0
0.227, ThrottleBPercent, 0.0
0.227, ThrottleAReading, 1611
0.227, ThrottleBReading, 2129
0.227, BrakeReading, 1402
0.227, ThrottleAPercent, 0.0
0.227, ThrottleBPercent, 0.0
0.227, ThrottleAReading, 1611
0.227, ThrottleBReading, 2129
0.227, BrakeReading, 1403
0.227, ThrottleAPercent, 0.0
0.227, ThrottleBPercent, 0.0
0.227, ThrottleAReading, 1611
0.227, ThrottleBReading, 2129
0.227, BrakeReading, 1403
0.227, ThrottleAPercent, 0.0
0.227, ThrottleBPercent, 0.0
0.227, ThrottleAReading, 1611
0.227, ThrottleBReading, 2129
0.227, BrakeReading, 1403
0.227, ThrottleAPercent, 0.0
0.227, ThrottleBPercent, 0.0
0.227, RLSpeedKPH, 0.0
0.227, RRSpeedKPH, 0.0
0.227, FLSpeedKPH, 0.0
0.227, FRSpeedKPH, 0.0
1.333, ThrottlePercent, 0
1.333, BrakePercent, 0
1.333, FrontBrakePressure, 12
1.333, SteeringAngle, -102
1.333, BrakeWhileThrottle, 0
1.333, ThrottleAReading, 1610
1.333, ThrottleBReading, 2130
1.333, BrakeReading, 1402
1.333, ThrottleAPercent, 0.0
1.333, ThrottleBPercent, 0.0
1.749, ThrottleAReading, 1610
1.749, ThrottleBReading, 2129
1.749, BrakeReading, 1402
1.749, ThrottleAPercent, 0.0
1.749, ThrottleBPercent, 0.0
1.75, RLSpeedKPH, 0.0
1.75, RRSpeedKPH, 0.0
1.75, FLSpeedKPH, 0.0
1.75, FRSpeedKPH, 0.0
2.397, ThrottleAReading, 1611
2.397, ThrottleBReading, 2129
2.397, BrakeReading, 1402
2.397, ThrottleAPercent, 0.0
2.397, ThrottleBPercent, 0.0
3.285, ThrottleAReading, 1610
3.285, ThrottleBReading, 2129
3.285, BrakeReading, 1404
3.285, ThrottleAPercent, 0.0
3.285, ThrottleBPercent, 0.0
4.761, ThrottleAReading, 1610
4.761, ThrottleBReading, 2130
4.761, BrakeReading, 1403
4.761, ThrottleAPercent, 0.0
4.761, ThrottleBPercent, 0.0
4.762, TCTorqueMax, 3.392
4.762, TCLeftSlip, -0.999
4.762, TCRightSlip, -0.999
4.762, TCTorqueAdjustment, 0.0
4.763, ThrottlePercent, 0
4.763, BrakePercent, 1
4.763, FrontBrakePressure, 10
4.763, SteeringAngle, -102
4.763, BrakeWhileThrottle, 0
5.253, ThrottlePercent, 0
5.253, BrakePercent, 0
5.253, FrontBrakePressure, 15
5.253, SteeringAngle, -102
5.253, BrakeWhileThrottle, 0
5.253, ThrottleAReading, 1611
5.253, ThrottleBReading, 2129
5.253, BrakeReading, 1401
5.253, ThrottleAPercent, 0.0
5.253, ThrottleBPercent, 0.0
7.005, ThrottleAReading, 1610
7.005, ThrottleBReading, 2129
7.005, BrakeReading, 1401
7.005, ThrottleAPercent, 0.0
7.005, ThrottleBPercent, 0.0
7.201, ThrottleAReading, 1610
7.201, ThrottleBReading, 2129
7.201, BrakeReading, 1403
7.201, ThrottleAPercent, 0.0
7.201, ThrottleBPercent, 0.0
7.561, VoltageBusLV, 11.703
7.561, CurrentBusLV, 0.0
7.561, PowerBusLV, 0
8.665, ThrottleAReading, 1611
8.665, ThrottleBReading, 2129
8.665, BrakeReading, 1403
8.665, ThrottleAPercent, 0.0
8.665, ThrottleBPercent, 0.0
10.373, ThrottleAReading, 1610
10.373, ThrottleBReading, 2129
10.373, BrakeReading, 1404
10.373, ThrottleAPercent, 0.0
10.373, ThrottleBPercent, 0.0
10.373, ThrottlePercent, 0
10.373, BrakePercent, 1
10.373, FrontBrakePressure, 18
10.373, SteeringAngle, -102
10.373, BrakeWhileThrottle, 0
10.378, ChannelCurrentRadiator, 0.214
10.378, ChannelCurrentAccFan, 0.214
10.378, ChannelCurrentPump1, 0.0
10.378, ChannelCurrentPump2, 0.214
10.378, ChannelCurrentAUX1, 0.0
10.378, ChannelCurrentAUX2, 0.214
10.378, ChannelCurrentAUX3, 0.0
10.378, ChannelCurrentAUX4, 0.214
10.378, ChannelCurrentBMU, 0.684
10.378, ChannelCurrentCDU, 0.496
10.378, ChannelCurrentTCU, 0.375
10.378, ChannelCurrentWSB, 0.684
10.378, ChannelCurrentBrakeLight, 0.0
10.378, ChannelCurrentInverter, 0.0
10.936, AdjustedVoltageCellMuxSelect, 30
10.936, AdjustedVoltageCell91, 3.7990000000000004
10.936, AdjustedVoltageCell92, 3.7999
10.936, AdjustedVoltageCell93, 3.7999
11.825, ThrottleAReading, 1608
11.825, ThrottleBReading, 2129
11.825, BrakeReading, 1403
11.825, ThrottleAPercent, 0.0
11.825, ThrottleBPercent, 0.0
13.163, ThrottlePercent, 0
13.163, BrakePercent, 1
13.163, FrontBrakePressure, 20
13.163, SteeringAngle, -102
13.163, BrakeWhileThrottle, 0
13.641, ThrottleAReading, 1611
13.641, ThrottleBReading, 2130
13.641, BrakeReading, 1403
13.641, ThrottleAPercent, 0.0
13.641, ThrottleBPercent, 0.0
13.642, AMS_PackVoltage, 538.54
13.977, ChannelCurrentBMU, 0.684
13.977, ChannelCurrentCDU, 0.684
13.977, ChannelCurrentTCU, 0.362
13.977, ChannelCurrentWSB, 0.604
15.049, ThrottleAReading, 1610
15.049, ThrottleBReading, 2129
15.049, BrakeReading, 1402
15.049, ThrottleAPercent, 0.0
15.049, ThrottleBPercent, 0.0
15.05, RLSpeedKPH, 0.0
15.05, RRSpeedKPH, 0.0
15.05, FLSpeedKPH, 0.0
15.05, FRSpeedKPH, 0.0
16.52, RLSpeedKPH, 0.0
16.52, RRSpeedKPH, 0.0
16.52, FLSpeedKPH, 0.0
16.52, FRSpeedKPH, 0.0
16.521, ThrottleAReading, 1611
16.521, ThrottleBReading, 2130
16.521, BrakeReading, 1403
16.521, ThrottleAPercent, 0.0
16.521, ThrottleBPercent, 0.0
16.522, TCTorqueMax, 3.392
16.522, TCLeftSlip, -0.999
16.522, TCRightSlip, -0.999
16.522, TCTorqueAdjustment, 0.0
17.5, RLSpeedKPH, 0.0
17.5, RRSpeedKPH, 0.0
17.5, FLSpeedKPH, 0.0
17.5, FRSpeedKPH, 0.0
17.955, RLSpeedKPH, 0.0
17.955, RRSpeedKPH, 0.0
17.955, FLSpeedKPH, 0.0
17.955, FRSpeedKPH, 0.0
17.957, ThrottleAReading, 1610
17.957, ThrottleBReading, 2130
17.957, BrakeReading, 1404
17.957, ThrottleAPercent, 0.0
17.957, ThrottleBPercent, 0.0
17.957, TCTorqueMax, 3.392
17.957, TCLeftSlip, -0.999
17.957, TCRightSlip, -0.999
17.957, TCTorqueAdjustment, 0.0
19.341, ThrottleAReading, 1609
19.341, ThrottleBReading, 2130
19.341, BrakeReading, 1403
19.341, ThrottleAPercent, 0.0
19.341, ThrottleBPercent, 0.0
20.593, ThrottleAReading, 1611
20.593, ThrottleBReading, 2129
20.593, BrakeReading, 1403
20.593, ThrottleAPercent, 0.0
20.593, ThrottleBPercent, 0.0
20.889, ThrottleAReading, 1611
20.889, ThrottleBReading, 2130
20.889, BrakeReading, 1403
20.889, ThrottleAPercent, 0.0
20.889, ThrottleBPercent, 0.0
20.957, ThrottleAReading, 1611
20.957, ThrottleBReading, 2130
20.957, BrakeReading, 1403
20.957, ThrottleAPercent, 0.0
20.957, ThrottleBPercent, 0.0
21.716, AdjustedVoltageCellMuxSelect, 11
21.716, AdjustedVoltageCell34, 3.7981000000000003
21.716, AdjustedVoltageCell35, 3.7983000000000002
21.716, AdjustedVoltageCell36, 3.7985
21.953, ThrottleAReading, 1610
21.953, ThrottleBReading, 2129
21.953, BrakeReading, 1403
21.953, ThrottleAPercent, 0.0
21.953, ThrottleBPercent, 0.0
21.953, ThrottlePercent, 0
21.953, BrakePercent, 1
21.953, FrontBrakePressure, 15
21.953, SteeringAngle, -102
21.953, BrakeWhileThrottle, 0
22.543, ThrottlePercent, 0
22.543, BrakePercent, 1
22.543, FrontBrakePressure, 15
22.543, SteeringAngle, -102
22.543, BrakeWhileThrottle, 0
23.312, TCTorqueMax, 3.392
23.312, TCLeftSlip, -0.999
23.312, TCRightSlip, -0.999
23.312, TCTorqueAdjustment, 0.0
23.313, ThrottleAReading, 1610
23.313, ThrottleBReading, 2129
23.313, BrakeReading, 1403
23.313, ThrottleAPercent, 0.0
23.313, ThrottleBPercent, 0.0
23.313, ThrottlePercent, 0
23.313, BrakePercent, 1
23.313, FrontBrakePressure, 10
23.313, SteeringAngle, -102
23.313, BrakeWhileThrottle, 0
23.314, BMU_checkFailed, No Fault
23.314, BMU_InterlockInitialized, 1
23.314, VoltageCellMuxSelect, 43
23.314, VoltageCell130, 3.9160000000000004
23.314, VoltageCell131, 3.8086
23.314, VoltageCell132, 3.7981000000000003
24.521, ThrottleAReading, 1611
24.521, ThrottleBReading, 2129
24.521, BrakeReading, 1402
24.521, ThrottleAPercent, 0.0
24.521, ThrottleBPercent, 0.0
24.522, TempChannelMuxSelect, 20
24.522, TempChannel61, 24.519999999999996
24.522, TempChannel62, 19.25
24.522, TempChannel63, 19.370000000000005
25.202, TCTorqueMax, 3.392
25.202, TCLeftSlip, -0.999
25.202, TCRightSlip, -0.999
25.202, TCTorqueAdjustment, 0.0
25.203, ThrottlePercent, 0
25.203, BrakePercent, 1
25.203, FrontBrakePressure, 20
25.203, SteeringAngle, -102
25.203, BrakeWhileThrottle, 0
26.029, ThrottleAReading, 1610
26.029, ThrottleBReading, 2129
26.029, BrakeReading, 1402
26.029, ThrottleAPercent, 0.0
26.029, ThrottleBPercent, 0.0
27.809, ThrottleAReading, 1611
27.809, ThrottleBReading, 2129
27.809, BrakeReading, 1402
27.809, ThrottleAPercent, 0.0
27.809, ThrottleBPercent, 0.0
28.845, ThrottleAReading, 1610
28.845, ThrottleBReading, 2130
28.845, BrakeReading, 1402
28.845, ThrottleAPercent, 0.0
28.845, ThrottleBPercent, 0.0
29.501, ThrottleAReading, 1610
29.501, ThrottleBReading, 2129
29.501, BrakeReading, 1403
29.501, ThrottleAPercent, 0.0
29.501, ThrottleBPercent, 0.0
29.697, ThrottleAReading, 1611
29.697, ThrottleBReading, 2129
29.697, BrakeReading, 1401
29.697, ThrottleAPercent, 0.0
29.697, ThrottleBPercent, 0.0
29.993, ThrottleAReading, 1610
29.993, ThrottleBReading, 2129
29.993, BrakeReading, 1402
29.993, ThrottleAPercent, 0.0
29.993, ThrottleBPercent, 0.0
29.994, ThrottlePercent, 0
29.994, BrakePercent, 0
29.994, FrontBrakePressure, 18
29.994, SteeringAngle, -102
29.994, BrakeWhileThrottle, 0
29.994, VCU_wheelSpeed_RL, 0.0
29.994, VCU_wheelSpeed_RR, 0.0
29.995, RLSpeedKPH, 0.0
29.995, RRSpeedKPH, 0.0
29.995, FLSpeedKPH, 0.0
29.995, FRSpeedKPH, 0.0
30.703, ThrottlePercent, 0
30.703, BrakePercent, 1
30.703, FrontBrakePressure, 12
30.703, SteeringAngle, -102
30.703, BrakeWhileThrottle, 0
31.533, ThrottleAReading, 1609
31.533, ThrottleBReading, 2128
31.533, BrakeReading, 1403
31.533, ThrottleAPercent, 0.0
31.533, ThrottleBPercent, 0.0
31.534, ThrottlePercent, 0
31.534, BrakePercent, 1
31.534, FrontBrakePressure, 17
31.534, SteeringAngle, -102
31.534, BrakeWhileThrottle, 0
31.534, VCU_wheelSpeed_RL, 0.0
31.534, VCU_wheelSpeed_RR, 0.0
32.123, ThrottlePercent, 0
32.123, BrakePercent, 0
32.123, FrontBrakePressure, 16
32.123, SteeringAngle, -102
32.123, BrakeWhileThrottle, 0
32.125, VoltageBusHV, 538.38
32.125, VoltageCellMax, 4.0461
32.125, VoltageCellMin, 3.7942
32.125, CurrentBusHV, 0.01
32.125, ThrottleAReading, 1610
32.125, ThrottleBReading, 2130
32.125, BrakeReading, 1400
32.125, ThrottleAPercent, 0.0
32.125, ThrottleBPercent, 0.0
32.127, AMS_PackVoltage, 538.53
32.951, VoltageBusHV, 538.4300000000001
32.951, VoltageCellMax, 4.0454
32.951, VoltageCellMin, 3.7943000000000002
32.951, CurrentBusHV, 0.01
32.953, AMS_PackVoltage, 538.53
32.953, ThrottleAReading, 1611
32.953, ThrottleBReading, 2129
32.953, BrakeReading, 1402
32.953, ThrottleAPercent, 0.0
32.953, ThrottleBPercent, 0.0
32.954, ThrottlePercent, 0
32.954, BrakePercent, 0
32.954, FrontBrakePressure, 13
32.954, SteeringAngle, -102
32.954, BrakeWhileThrottle, 0
33.341, ThrottleAReading, 1611
33.341, ThrottleBReading, 2130
33.341, BrakeReading, 1405
33.341, ThrottleAPercent, 0.0
33.341, ThrottleBPercent, 0.0
33.993, ThrottleAReading, 1610
33.993, ThrottleBReading, 2129
33.993, BrakeReading, 1408
33.993, ThrottleAPercent, 0.0
33.993, ThrottleBPercent, 0.0
33.994, ThrottlePercent, 0
33.994, BrakePercent, 2
33.994, FrontBrakePressure, 26
33.994, SteeringAngle, -102
33.994, BrakeWhileThrottle, 0
34.683, VCU_wheelSpeed_RL, 0.0
34.683, VCU_wheelSpeed_RR, 0.0
34.684, ThrottlePercent, 0
34.684, BrakePercent, 25
34.684, FrontBrakePressure, 384
34.684, SteeringAngle, -102
34.684, BrakeWhileThrottle, 0
36.617, AdjustedVoltageCellMuxSelect, 27
36.617, AdjustedVoltageCell82, 3.7996000000000003
36.617, AdjustedVoltageCell83, 3.7998000000000003
36.617, AdjustedVoltageCell84, 3.7997
36.618, TempChannelMuxSelect, 27
36.618, TempChannel82, 19.08
36.618, TempChannel83, 19.17
36.618, TempChannel84, 19.17
37.385, ThrottleAReading, 1610
37.385, ThrottleBReading, 2128
37.385, BrakeReading, 1486
37.385, ThrottleAPercent, 0.0
37.385, ThrottleBPercent, 0.0
38.41, ThrottleAReading, 1610
38.41, ThrottleBReading, 2130
38.41, BrakeReading, 1483
38.41, ThrottleAPercent, 0.0
38.41, ThrottleBPercent, 0.0
39.042, ThrottleAReading, 1610
39.042, ThrottleBReading, 2129
39.042, BrakeReading, 1487
39.042, ThrottleAPercent, 0.0
39.042, ThrottleBPercent, 0.0
39.75, ThrottleAReading, 1611
39.75, ThrottleBReading, 2129
39.75, BrakeReading, 1394
39.75, ThrottleAPercent, 0.0
39.75, ThrottleBPercent, 0.0
41.166, ThrottleAReading, 1608
41.166, ThrottleBReading, 2132
41.166, BrakeReading, 1391
41.166, ThrottleAPercent, 0.0
41.166, ThrottleBPercent, 0.0
41.168, TempChannelMuxSelect, 24
41.168, TempChannel73, 19.299999999999997
41.168, TempChannel74, 19.39
41.168, TempChannel75, 19.629999999999995
41.55, ThrottleAReading, 1608
41.55, ThrottleBReading, 2132
41.55, BrakeReading, 1392
41.55, ThrottleAPercent, 0.0
41.55, ThrottleBPercent, 0.0
41.818, ThrottleAReading, 1608
41.818, ThrottleBReading, 2133
41.818, BrakeReading, 1393
41.818, ThrottleAPercent, 0.0
41.818, ThrottleBPercent, 0.0
42.426, ThrottleAReading, 1608
42.426, ThrottleBReading, 2132
42.426, BrakeReading, 1448
42.426, ThrottleAPercent, 0.0
42.426, ThrottleBPercent, 0.0
42.524, ThrottlePercent, 0
42.524, BrakePercent, 20
42.524, FrontBrakePressure, 289
42.524, SteeringAngle, -102
42.524, BrakeWhileThrottle, 0
43.174, ThrottleAReading, 1606
43.174, ThrottleBReading, 2132
43.174, BrakeReading, 1473
43.174, ThrottleAPercent, 0.0
43.174, ThrottleBPercent, 0.0
43.174, ThrottlePercent, 0
43.174, BrakePercent, 27
43.174, FrontBrakePressure, 442
43.174, SteeringAngle, -102
43.174, BrakeWhileThrottle, 0
43.578, ThrottleAReading, 1607
43.578, ThrottleBReading, 2133
43.578, BrakeReading, 1472
43.578, ThrottleAPercent, 0.0
43.578, ThrottleBPercent, 0.0
43.902, ThrottleAReading, 1607
43.902, ThrottleBReading, 2132
43.902, BrakeReading, 1472
43.902, ThrottleAPercent, 0.0
43.902, ThrottleBPercent, 0.0
43.963, INV_Tractive_Power_kW, 0.0
43.963, INV_Peak_Tractive_Power_kW, 0
43.963, TCTorqueMax, 3.392
43.963, TCLeftSlip, -0.999
43.963, TCRightSlip, -0.999
43.963, TCTorqueAdjustment, 0.0
43.963, AdjustedVoltageCellMuxSelect, 33
43.963, AdjustedVoltageCell100, 3.9178
43.963, AdjustedVoltageCell101, 3.8045
43.963, AdjustedVoltageCell102, 3.7987
43.964, ThrottlePercent, 1
43.964, BrakePercent, 26
43.964, FrontBrakePressure, 412
43.964, SteeringAngle, -102
43.964, BrakeWhileThrottle, 0
43.964, PDU_Heartbeat_dummydata, 0
43.966, ThrottleAReading, 1608
43.966, ThrottleBReading, 2133
43.966, BrakeReading, 1472
43.966, ThrottleAPercent, 0.0
43.966, ThrottleBPercent, 0.0
44.352, ThrottleAReading, 1608
44.352, ThrottleBReading, 2132
44.352, BrakeReading, 1407
44.352, ThrottleAPercent, 0.0
44.352, ThrottleBPercent, 0.0
44.634, VCU_INV_Torque_Command, 0
44.634, VCU_INV_Speed_Command, 0
44.634, VCU_INV_Direction_Command, CCW
44.634, VCU_INV_Inverter_Enable, Turn the Inverter ON
44.634, VCU_INV_Inverter_Discharge, Discharge Disable
44.634, VCU_INV_Speed_Mode_Enable, 0
44.634, VCU_INV_Torque_Limit_Command, 0.0
44.634, ThrottleAReading, 1607
44.634, ThrottleBReading, 2133
44.634, BrakeReading, 1392
44.634, ThrottleAPercent, 0.0
44.634, ThrottleBPercent, 0.0
44.712, VCU_INV_Torque_Command, 0
44.712, VCU_INV_Speed_Command, 0
44.712, VCU_INV_Direction_Command, CCW
44.712, VCU_INV_Inverter_Enable, Turn the Inverter ON
44.712, VCU_INV_Inverter_Discharge, Discharge Disable
44.712, VCU_INV_Speed_Mode_Enable, 0
44.712, VCU_INV_Torque_Limit_Command, 0.0
45.641, RLSpeedKPH, 0.0
45.641, RRSpeedKPH, 0.0
45.641, FLSpeedKPH, 0.0
45.641, FRSpeedKPH, 0.0
45.803, INV_Tractive_Power_kW, 0.0
45.803, INV_Peak_Tractive_Power_kW, 0
45.93, VCU_INV_Torque_Command, 0
45.93, VCU_INV_Speed_Command, 0
45.93, VCU_INV_Direction_Command, CCW
45.93, VCU_INV_Inverter_Enable, Turn the Inverter ON
45.93, VCU_INV_Inverter_Discharge, Discharge Disable
45.93, VCU_INV_Speed_Mode_Enable, 0
45.93, VCU_INV_Torque_Limit_Command, 0.0
45.93, ThrottleAReading, 1608
45.93, ThrottleBReading, 2133
45.93, BrakeReading, 1390
45.93, ThrottleAPercent, 0.0
45.93, ThrottleBPercent, 0.0
45.93, VCU_INV_Torque_Command, 0
45.93, VCU_INV_Speed_Command, 0
45.93, VCU_INV_Direction_Command, CCW
45.93, VCU_INV_Inverter_Enable, Turn the Inverter ON
45.93, VCU_INV_Inverter_Discharge, Discharge Disable
45.93, VCU_INV_Speed_Mode_Enable, 0
45.93, VCU_INV_Torque_Limit_Command, 0.0
46.606, ThrottleAReading, 1607
46.606, ThrottleBReading, 2133
46.606, BrakeReading, 1391
46.606, ThrottleAPercent, 0.0
46.606, ThrottleBPercent, 0.0
46.606, INV_Tractive_Power_kW, 0.0
46.606, INV_Peak_Tractive_Power_kW, 0
46.606, VCU_INV_Torque_Command, 0
46.606, VCU_INV_Speed_Command, 0
46.606, VCU_INV_Direction_Command, CCW
46.606, VCU_INV_Inverter_Enable, Turn the Inverter ON
46.606, VCU_INV_Inverter_Discharge, Discharge Disable
46.606, VCU_INV_Speed_Mode_Enable, 0
46.606, VCU_INV_Torque_Limit_Command, 0.0
46.926, INV_Tractive_Power_kW, 0.0
46.926, INV_Peak_Tractive_Power_kW, 0
46.986, ThrottleAReading, 1606
46.986, ThrottleBReading, 2133
46.986, BrakeReading, 1391
46.986, ThrottleAPercent, 0.0
46.986, ThrottleBPercent, 0.0
46.986, INV_Tractive_Power_kW, 0.0
46.986, INV_Peak_Tractive_Power_kW, 0
46.986, VCU_INV_Torque_Command, 0
46.986, VCU_INV_Speed_Command, 0
46.986, VCU_INV_Direction_Command, CCW
46.986, VCU_INV_Inverter_Enable, Turn the Inverter ON
46.986, VCU_INV_Inverter_Discharge, Discharge Disable
46.986, VCU_INV_Speed_Mode_Enable, 0
46.986, VCU_INV_Torque_Limit_Command, 0.0
47.13, VCU_INV_Torque_Command, 0
47.13, VCU_INV_Speed_Command, 0
47.13, VCU_INV_Direction_Command, CCW
47.13, VCU_INV_Inverter_Enable, Turn the Inverter ON
47.13, VCU_INV_Inverter_Discharge, Discharge Disable
47.13, VCU_INV_Speed_Mode_Enable, 0
47.13, VCU_INV_Torque_Limit_Command, 0.0
47.255, VCU_INV_Torque_Command, 0
47.255, VCU_INV_Speed_Command, 0
47.255, VCU_INV_Direction_Command, CCW
47.255, VCU_INV_Inverter_Enable, Turn the Inverter ON
47.255, VCU_INV_Inverter_Discharge, Discharge Disable
47.255, VCU_INV_Speed_Mode_Enable, 0
47.255, VCU_INV_Torque_Limit_Command, 0.0
47.422, VCU_INV_Torque_Command, 0
47.422, VCU_INV_Speed_Command, 0
47.422, VCU_INV_Direction_Command, CCW
47.422, VCU_INV_Inverter_Enable, Turn the Inverter ON
47.422, VCU_INV_Inverter_Discharge, Discharge Disable
47.422, VCU_INV_Speed_Mode_Enable, 0
47.422, VCU_INV_Torque_Limit_Command, 0.0
47.435, ThrottlePercent, 1
47.435, BrakePercent, 0
47.435, FrontBrakePressure, 16
47.435, SteeringAngle, -102
47.435, BrakeWhileThrottle, 0
47.614, ThrottleAReading, 1607
47.614, ThrottleBReading, 2133
47.614, BrakeReading, 1394
47.614, ThrottleAPercent, 0.0
47.614, ThrottleBPercent, 0.0
48.202, ThrottleAReading, 1607
48.202, ThrottleBReading, 2134
48.202, BrakeReading, 1393
48.202, ThrottleAPercent, 0.0
48.202, ThrottleBPercent, 0.0
48.203, VCU_INV_Torque_Command, 0
48.203, VCU_INV_Speed_Command, 0
48.203, VCU_INV_Direction_Command, CCW
48.203, VCU_INV_Inverter_Enable, Turn the Inverter ON
48.203, VCU_INV_Inverter_Discharge, Discharge Disable
48.203, VCU_INV_Speed_Mode_Enable, 0
48.203, VCU_INV_Torque_Limit_Command, 0.0
48.204, ThrottlePercent, 1
48.204, BrakePercent, 0
48.204, FrontBrakePressure, 18
48.204, SteeringAngle, -102
48.204, BrakeWhileThrottle, 0
48.241, VCU_INV_Torque_Command, 0
48.241, VCU_INV_Speed_Command, 0
48.241, VCU_INV_Direction_Command, CCW
48.241, VCU_INV_Inverter_Enable, Turn the Inverter ON
48.241, VCU_INV_Inverter_Discharge, Discharge Disable
48.241, VCU_INV_Speed_Mode_Enable, 0
48.241, VCU_INV_Torque_Limit_Command, 0.0
48.374, VCU_INV_Torque_Command, 0
48.374, VCU_INV_Speed_Command, 0
48.374, VCU_INV_Direction_Command, CCW
48.374, VCU_INV_Inverter_Enable, Turn the Inverter ON
48.374, VCU_INV_Inverter_Discharge, Discharge Disable
48.374, VCU_INV_Speed_Mode_Enable, 0
48.374, VCU_INV_Torque_Limit_Command, 0.0
48.444, ThrottlePercent, 1
48.444, BrakePercent, 0
48.444, FrontBrakePressure, 16
48.444, SteeringAngle, -102
48.444, BrakeWhileThrottle, 0
48.47, ThrottleAReading, 1608
48.47, ThrottleBReading, 2133
48.47, BrakeReading, 1393
48.47, ThrottleAPercent, 0.0
48.47, ThrottleBPercent, 0.0
48.858, AMS_PackVoltage, 538.53
48.898, ThrottleAReading, 1606
48.898, ThrottleBReading, 2133
48.898, BrakeReading, 1392
48.898, ThrottleAPercent, 0.0
48.898, ThrottleBPercent, 0.0
48.898, INV_Tractive_Power_kW, 0.0
48.898, INV_Peak_Tractive_Power_kW, 0
48.898, VCU_INV_Torque_Command, 0
48.898, VCU_INV_Speed_Command, 0
48.898, VCU_INV_Direction_Command, CCW
48.898, VCU_INV_Inverter_Enable, Turn the Inverter ON
48.898, VCU_INV_Inverter_Discharge, Discharge Disable
48.898, VCU_INV_Speed_Mode_Enable, 0
48.898, VCU_INV_Torque_Limit_Command, 0.0
48.899, TCTorqueMax, 3.392
48.899, TCLeftSlip, -0.999
48.899, TCRightSlip, -0.999
48.899, TCTorqueAdjustment, 0.0
49.434, INV_Tractive_Power_kW, 0.0
49.434, INV_Peak_Tractive_Power_kW, 0
49.466, INV_Tractive_Power_kW, 0.0
49.466, INV_Peak_Tractive_Power_kW, 0
49.467, VCU_INV_Torque_Command, 0
49.467, VCU_INV_Speed_Command, 0
49.467, VCU_INV_Direction_Command, CCW
49.467, VCU_INV_Inverter_Enable, Turn the Inverter ON
49.467, VCU_INV_Inverter_Discharge, Discharge Disable
49.467, VCU_INV_Speed_Mode_Enable, 0
49.467, VCU_INV_Torque_Limit_Command, 0.0
49.551, INV_Tractive_Power_kW, 0.0
49.551, INV_Peak_Tractive_Power_kW, 0
49.563, RLSpeedKPH, 0.0
49.563, RRSpeedKPH, 0.0
49.563, FLSpeedKPH, 0.0
49.563, FRSpeedKPH, 0.0
49.566, VCU_INV_Torque_Command, 0
49.566, VCU_INV_Speed_Command, 0
49.566, VCU_INV_Direction_Command, CCW
49.566, VCU_INV_Inverter_Enable, Turn the Inverter ON
49.566, VCU_INV_Inverter_Discharge, Discharge Disable
49.566, VCU_INV_Speed_Mode_Enable, 0
49.566, VCU_INV_Torque_Limit_Command, 0.0
49.567, INV_Tractive_Power_kW, 0.0
49.567, INV_Peak_Tractive_Power_kW, 0
49.842, INV_Tractive_Power_kW, 0.0
49.842, INV_Peak_Tractive_Power_kW, 0
49.85, INV_Tractive_Power_kW, 0.0
49.85, INV_Peak_Tractive_Power_kW, 0
50.17, ThrottleAReading, 1607
50.17, ThrottleBReading, 2133
50.17, BrakeReading, 1392
50.17, ThrottleAPercent, 0.0
50.17, ThrottleBPercent, 0.0
50.17, INV_Tractive_Power_kW, 0.0
50.17, INV_Peak_Tractive_Power_kW, 0
50.23, INV_Tractive_Power_kW, 0.0
50.23, INV_Peak_Tractive_Power_kW, 0
50.783, ThrottleAReading, 1606
50.783, ThrottleBReading, 2132
50.783, BrakeReading, 1391
50.783, ThrottleAPercent, 0.0
50.783, ThrottleBPercent, 0.0
50.784, INV_Tractive_Power_kW, 0.0
50.784, INV_Peak_Tractive_Power_kW, 0
50.786, VCU_INV_Torque_Command, 0
50.786, VCU_INV_Speed_Command, 0
50.786, VCU_INV_Direction_Command, CCW
50.786, VCU_INV_Inverter_Enable, Turn the Inverter ON
50.786, VCU_INV_Inverter_Discharge, Discharge Disable
50.786, VCU_INV_Speed_Mode_Enable, 0
50.786, VCU_INV_Torque_Limit_Command, 0.0
50.787, ThrottleAReading, 1606
50.787, ThrottleBReading, 2133
50.787, BrakeReading, 1391
50.787, ThrottleAPercent, 0.0
50.787, ThrottleBPercent, 0.0
50.787, TCTorqueMax, 3.392
50.787, TCLeftSlip, -0.999
50.787, TCRightSlip, -0.999
50.787, TCTorqueAdjustment, 0.0
50.825, ThrottlePercent, 0
50.825, BrakePercent, 0
50.825, FrontBrakePressure, 16
50.825, SteeringAngle, -102
50.825, BrakeWhileThrottle, 0
51.012, BrakePressureBMU, 418.0
51.012, BMU_checkFailed, No Fault
51.012, BMU_InterlockInitialized, 1
51.118, ThrottleAReading, 1607
51.118, ThrottleBReading, 2133
51.118, BrakeReading, 1391
51.118, ThrottleAPercent, 0.0
51.118, ThrottleBPercent, 0.0
51.118, INV_Tractive_Power_kW, 0.0
51.118, INV_Peak_Tractive_Power_kW, 0
51.13, VCU_INV_Torque_Command, 0
51.13, VCU_INV_Speed_Command, 0
51.13, VCU_INV_Direction_Command, CCW
51.13, VCU_INV_Inverter_Enable, Turn the Inverter ON
51.13, VCU_INV_Inverter_Discharge, Discharge Disable
51.13, VCU_INV_Speed_Mode_Enable, 0
51.13, VCU_INV_Torque_Limit_Command, 0.0
51.208, TCTorqueMax, 3.392
51.208, TCLeftSlip, -0.999
51.208, TCRightSlip, -0.999
51.208, TCTorqueAdjustment, 0.0
51.566, VCU_INV_Torque_Command, 0
51.566, VCU_INV_Speed_Command, 0
51.566, VCU_INV_Direction_Command, CCW
51.566, VCU_INV_Inverter_Enable, Turn the Inverter ON
51.566, VCU_INV_Inverter_Discharge, Discharge Disable
51.566, VCU_INV_Speed_Mode_Enable, 0
51.566, VCU_INV_Torque_Limit_Command, 0.0
52.102, ThrottleAReading, 1608
52.102, ThrottleBReading, 2133
52.102, BrakeReading, 1393
52.102, ThrottleAPercent, 0.0
52.102, ThrottleBPercent, 0.0
52.106, VCU_INV_Torque_Command, 0
52.106, VCU_INV_Speed_Command, 0
52.106, VCU_INV_Direction_Command, CCW
52.106, VCU_INV_Inverter_Enable, Turn the Inverter ON
52.106, VCU_INV_Inverter_Discharge, Discharge Disable
52.106, VCU_INV_Speed_Mode_Enable, 0
52.106, VCU_INV_Torque_Limit_Command, 0.0
52.119, TCTorqueMax, 3.392
52.119, TCLeftSlip, -0.999
52.119, TCRightSlip, -0.999
52.119, TCTorqueAdjustment, 0.0
52.55, ThrottleAReading, 1607
52.55, ThrottleBReading, 2133
52.55, BrakeReading, 1392
52.55, ThrottleAPercent, 0.0
52.55, ThrottleBPercent, 0.0
53.054, VCU_INV_Torque_Command, 0
53.054, VCU_INV_Speed_Command, 0
53.054, VCU_INV_Direction_Command, CCW
53.054, VCU_INV_Inverter_Enable, Turn the Inverter ON
53.054, VCU_INV_Inverter_Discharge, Discharge Disable
53.054, VCU_INV_Speed_Mode_Enable, 0
53.054, VCU_INV_Torque_Limit_Command, 0.0
53.449, VCU_INV_Torque_Command, 0
53.449, VCU_INV_Speed_Command, 0
53.449, VCU_INV_Direction_Command, CCW
53.449, VCU_INV_Inverter_Enable, Turn the Inverter ON
53.449, VCU_INV_Inverter_Discharge, Discharge Disable
53.449, VCU_INV_Speed_Mode_Enable, 0
53.449, VCU_INV_Torque_Limit_Command, 0.0
53.654, ThrottleAReading, 1606
53.654, ThrottleBReading, 2132
53.654, BrakeReading, 1391
53.654, ThrottleAPercent, 0.0
53.654, ThrottleBPercent, 0.0
53.894, VCU_INV_Torque_Command, 0
53.894, VCU_INV_Speed_Command, 0
53.894, VCU_INV_Direction_Command, CCW
53.894, VCU_INV_Inverter_Enable, Turn the Inverter ON
53.894, VCU_INV_Inverter_Discharge, Discharge Disable
53.894, VCU_INV_Speed_Mode_Enable, 0
53.894, VCU_INV_Torque_Limit_Command, 0.0
54.419, TempChannelMuxSelect, 7
54.419, TempChannel22, 19.680000000000007
54.419, TempChannel23, 20.150000000000006
54.419, TempChannel24, 19.78
54.563, INV_Tractive_Power_kW, 0.0
54.563, INV_Peak_Tractive_Power_kW, 0
55.05, ThrottleAReading, 1607
55.05, ThrottleBReading, 2133
55.05, BrakeReading, 1392
55.05, ThrottleAPercent, 0.0
55.05, ThrottleBPercent, 0.0
55.371, RLSpeedKPH, 0.0
55.371, RRSpeedKPH, 0.0
55.371, FLSpeedKPH, 0.0
55.371, FRSpeedKPH, 0.0
55.586, VCU_INV_Torque_Command, 0
55.586, VCU_INV_Speed_Command, 0
55.586, VCU_INV_Direction_Command, CCW
55.586, VCU_INV_Inverter_Enable, Turn the Inverter ON
55.586, VCU_INV_Inverter_Discharge, Discharge Disable
55.586, VCU_INV_Speed_Mode_Enable, 0
55.586, VCU_INV_Torque_Limit_Command, 0.0
55.586, ThrottleAReading, 1607
55.586, ThrottleBReading, 2133
55.586, BrakeReading, 1392
55.586, ThrottleAPercent, 0.0
55.586, ThrottleBPercent, 0.0
55.591, VCU_INV_Torque_Command, 0
55.591, VCU_INV_Speed_Command, 0
55.591, VCU_INV_Direction_Command, CCW
55.591, VCU_INV_Inverter_Enable, Turn the Inverter ON
55.591, VCU_INV_Inverter_Discharge, Discharge Disable
55.591, VCU_INV_Speed_Mode_Enable, 0
55.591, VCU_INV_Torque_Limit_Command, 0.0
55.756, VCU_wheelSpeed_RL, 0.0
55.756, VCU_wheelSpeed_RR, 0.0
55.886, VCU_INV_Torque_Command, 0
55.886, VCU_INV_Speed_Command, 0
55.886, VCU_INV_Direction_Command, CCW
55.886, VCU_INV_Inverter_Enable, Turn the Inverter ON
55.886, VCU_INV_Inverter_Discharge, Discharge Disable
55.886, VCU_INV_Speed_Mode_Enable, 0
55.886, VCU_INV_Torque_Limit_Command, 0.0
56.135, ThrottlePercent, 0
56.135, BrakePercent, 0
56.135, FrontBrakePressure, 16
56.135, SteeringAngle, -102
56.135, BrakeWhileThrottle, 0
56.815, ThrottlePercent, 1
56.815, BrakePercent, 0
56.815, FrontBrakePressure, 14
56.815, SteeringAngle, -102
56.815, BrakeWhileThrottle, 0
56.851, INV_Tractive_Power_kW, 0.0
56.851, INV_Peak_Tractive_Power_kW, 0
56.884, ThrottlePercent, 1
56.884, BrakePercent, 0
56.884, FrontBrakePressure, 18
56.884, SteeringAngle, -102
56.884, BrakeWhileThrottle, 0
57.479, INV_Tractive_Power_kW, 0.0
57.479, INV_Peak_Tractive_Power_kW, 0
57.658, INV_Tractive_Power_kW, 0.0
57.658, INV_Peak_Tractive_Power_kW, 0
57.756, VCU_INV_Torque_Command, 0
57.756, VCU_INV_Speed_Command, 0
57.756, VCU_INV_Direction_Command, CCW
57.756, VCU_INV_Inverter_Enable, Turn the Inverter ON
57.756, VCU_INV_Inverter_Discharge, Discharge Disable
57.756, VCU_INV_Speed_Mode_Enable, 0
57.756, VCU_INV_Torque_Limit_Command, 0.0
57.852, INV_Tractive_Power_kW, 0.0
57.852, INV_Peak_Tractive_Power_kW, 0
57.878, ThrottleAReading, 1608
57.878, ThrottleBReading, 2133
57.878, BrakeReading, 1392
57.878, ThrottleAPercent, 0.0
57.878, ThrottleBPercent, 0.0
57.985, VCU_INV_Torque_Command, 0
57.985, VCU_INV_Speed_Command, 0
57.985, VCU_INV_Direction_Command, CCW
57.985, VCU_INV_Inverter_Enable, Turn the Inverter ON
57.985, VCU_INV_Inverter_Discharge, Discharge Disable
57.985, VCU_INV_Speed_Mode_Enable, 0
57.985, VCU_INV_Torque_Limit_Command, 0.0
58.05, AMS_PackVoltage, 538.51
58.09, VCU_INV_Torque_Command, 0
58.09, VCU_INV_Speed_Command, 0
58.09, VCU_INV_Direction_Command, CCW
58.09, VCU_INV_Inverter_Enable, Turn the Inverter ON
58.09, VCU_INV_Inverter_Discharge, Discharge Disable
58.09, VCU_INV_Speed_Mode_Enable, 0
58.09, VCU_INV_Torque_Limit_Command, 0.0
58.276, RLSpeedKPH, 0.0
58.276, RRSpeedKPH, 0.0
58.276, FLSpeedKPH, 0.0
58.276, FRSpeedKPH, 0.0
58.562, VCU_INV_Torque_Command, 0
58.562, VCU_INV_Speed_Command, 0
58.562, VCU_INV_Direction_Command, CCW
58.562, VCU_INV_Inverter_Enable, Turn the Inverter ON
58.562, VCU_INV_Inverter_Discharge, Discharge Disable
58.562, VCU_INV_Speed_Mode_Enable, 0
58.562, VCU_INV_Torque_Limit_Command, 0.0
58.562, ThrottleAReading, 1607
58.562, ThrottleBReading, 2133
58.562, BrakeReading, 1391
58.562, ThrottleAPercent, 0.0
58.562, ThrottleBPercent, 0.0
58.562, INV_Tractive_Power_kW, 0.0
58.562, INV_Peak_Tractive_Power_kW, 0
58.638, ThrottleAReading, 1608
58.638, ThrottleBReading, 2133
58.638, BrakeReading, 1392
58.638, ThrottleAPercent, 0.0
58.638, ThrottleBPercent, 0.0
59.15, ThrottleAReading, 1606
59.15, ThrottleBReading, 2133
59.15, BrakeReading, 1392
59.15, ThrottleAPercent, 0.0
59.15, ThrottleBPercent, 0.0
59.342, VCU_INV_Torque_Command, 0
59.342, VCU_INV_Speed_Command, 0
59.342, VCU_INV_Direction_Command, CCW
59.342, VCU_INV_Inverter_Enable, Turn the Inverter ON
59.342, VCU_INV_Inverter_Discharge, Discharge Disable
59.342, VCU_INV_Speed_Mode_Enable, 0
59.342, VCU_INV_Torque_Limit_Command, 0.0
59.342, ThrottleAReading, 1607
59.342, ThrottleBReading, 2132
59.342, BrakeReading, 1392
59.342, ThrottleAPercent, 0.0
59.342, ThrottleBPercent, 0.0
59.695, ThrottlePercent, 1
59.695, BrakePercent, 0
59.695, FrontBrakePressure, 13
59.695, SteeringAngle, -102
59.695, BrakeWhileThrottle, 0
60.115, ThrottlePercent, 1
60.115, BrakePercent, 0
60.115, FrontBrakePressure, 16
60.115, SteeringAngle, -102
60.115, BrakeWhileThrottle, 0
60.186, ThrottleAReading, 1607
60.186, ThrottleBReading, 2130
60.186, BrakeReading, 1392
60.186, ThrottleAPercent, 0.0
60.186, ThrottleBPercent, 0.0
60.258, VCU_INV_Torque_Command, 0
60.258, VCU_INV_Speed_Command, 0
60.258, VCU_INV_Direction_Command, CCW
60.258, VCU_INV_Inverter_Enable, Turn the Inverter ON
60.258, VCU_INV_Inverter_Discharge, Discharge Disable
60.258, VCU_INV_Speed_Mode_Enable, 0
60.258, VCU_INV_Torque_Limit_Command, 0.0
60.259, ThrottleAReading, 1610
60.259, ThrottleBReading, 2126
60.259, BrakeReading, 1392
60.259, ThrottleAPercent, 0.0
60.259, ThrottleBPercent, 0.0
60.426, VCU_INV_Torque_Command, 86
60.426, VCU_INV_Speed_Command, 0
60.426, VCU_INV_Direction_Command, CCW
60.426, VCU_INV_Inverter_Enable, Turn the Inverter ON
60.426, VCU_INV_Inverter_Discharge, Discharge Disable
60.426, VCU_INV_Speed_Mode_Enable, 0
60.426, VCU_INV_Torque_Limit_Command, 0.0
60.426, ThrottleAReading, 1623
60.426, ThrottleBReading, 2111
60.426, BrakeReading, 1391
60.426, ThrottleAPercent, 0.0
60.426, ThrottleBPercent, 0.0
60.426, INV_Tractive_Power_kW, 0.48
60.426, INV_Peak_Tractive_Power_kW, 0
60.951, INV_Tractive_Power_kW, -1.03
60.951, INV_Peak_Tractive_Power_kW, 2
61.526, VCU_INV_Torque_Command, 309
61.526, VCU_INV_Speed_Command, 0
61.526, VCU_INV_Direction_Command, CCW
61.526, VCU_INV_Inverter_Enable, Turn the Inverter ON
61.526, VCU_INV_Inverter_Discharge, Discharge Disable
61.526, VCU_INV_Speed_Mode_Enable, 0
61.526, VCU_INV_Torque_Limit_Command, 0.0
61.526, ThrottleAReading, 1644
61.526, ThrottleBReading, 2091
61.526, BrakeReading, 1393
61.526, ThrottleAPercent, 0.0
61.526, ThrottleBPercent, 0.0
61.526, INV_Tractive_Power_kW, 10.18
61.526, INV_Peak_Tractive_Power_kW, 17
61.57, ThrottleAReading, 1609
61.57, ThrottleBReading, 2128
61.57, BrakeReading, 1392
61.57, ThrottleAPercent, 0.0
61.57, ThrottleBPercent, 0.0
61.636, RLSpeedKPH, 86.4
61.636, RRSpeedKPH, 86.4
61.636, FLSpeedKPH, 0.0
61.636, FRSpeedKPH, 0.0
62.206, VCU_INV_Torque_Command, 0
62.206, VCU_INV_Speed_Command, 0
62.206, VCU_INV_Direction_Command, CCW
62.206, VCU_INV_Inverter_Enable, Turn the Inverter ON
62.206, VCU_INV_Inverter_Discharge, Discharge Disable
62.206, VCU_INV_Speed_Mode_Enable, 0
62.206, VCU_INV_Torque_Limit_Command, 0.0
62.27, ThrottleAReading, 1608
62.27, ThrottleBReading, 2132
62.27, BrakeReading, 1392
62.27, ThrottleAPercent, 0.0
62.27, ThrottleBPercent, 0.0
62.27, INV_Tractive_Power_kW, 0.0
62.27, INV_Peak_Tractive_Power_kW, 17
62.271, VCU_INV_Torque_Command, 0
62.271, VCU_INV_Speed_Command, 0
62.271, VCU_INV_Direction_Command, CCW
62.271, VCU_INV_Inverter_Enable, Turn the Inverter ON
62.271, VCU_INV_Inverter_Discharge, Discharge Disable
62.271, VCU_INV_Speed_Mode_Enable, 0
62.271, VCU_INV_Torque_Limit_Command, 0.0
62.284, VoltageBusHV, 538.1800000000001
62.284, VoltageCellMax, 4.045100000000001
62.284, VoltageCellMin, 3.798
62.284, CurrentBusHV, 0.1
62.284, ThrottlePercent, 1
62.284, BrakePercent, 0
62.284, FrontBrakePressure, 11
62.284, SteeringAngle, -102
62.284, BrakeWhileThrottle, 0
62.285, AMS_PackVoltage, 539.02
62.579, VCU_wheelSpeed_RL, 246.25000000000003
62.579, VCU_wheelSpeed_RR, 246.25000000000003
62.631, VCU_INV_Torque_Command, 649
62.631, VCU_INV_Speed_Command, 0
62.631, VCU_INV_Direction_Command, CCW
62.631, VCU_INV_Inverter_Enable, Turn the Inverter ON
62.631, VCU_INV_Inverter_Discharge, Discharge Disable
62.631, VCU_INV_Speed_Mode_Enable, 0
62.631, VCU_INV_Torque_Limit_Command, 0.0
63.45, ThrottleAReading, 1607
63.45, ThrottleBReading, 2132
63.45, BrakeReading, 1393
63.45, ThrottleAPercent, 0.0
63.45, ThrottleBPercent, 0.0
63.45, INV_Tractive_Power_kW, -2.44
63.45, INV_Peak_Tractive_Power_kW, 85
63.451, VCU_INV_Torque_Command, 0
63.451, VCU_INV_Speed_Command, 0
63.451, VCU_INV_Direction_Command, CCW
63.451, VCU_INV_Inverter_Enable, Turn the Inverter ON
63.451, VCU_INV_Inverter_Discharge, Discharge Disable
63.451, VCU_INV_Speed_Mode_Enable, 0
63.451, VCU_INV_Torque_Limit_Command, 0.0
63.526, AMS_PackVoltage, 539.9300000000001
63.527, ThrottleAReading, 1607
63.527, ThrottleBReading, 2132
63.527, BrakeReading, 1390
63.527, ThrottleAPercent, 0.0
63.527, ThrottleBPercent, 0.0
63.527, INV_Tractive_Power_kW, 0.59
63.527, INV_Peak_Tractive_Power_kW, 85
63.527, RLSpeedKPH, 169.04
63.527, RRSpeedKPH, 169.04
63.527, FLSpeedKPH, 0.0
63.527, FRSpeedKPH, 0.0
63.61, ThrottleAReading, 1606
63.61, ThrottleBReading, 2133
63.61, BrakeReading, 1392
63.61, ThrottleAPercent, 0.0
63.61, ThrottleBPercent, 0.0
63.93, ThrottleAReading, 1607
63.93, ThrottleBReading, 2133
63.93, BrakeReading, 1391
63.93, ThrottleAPercent, 0.0
63.93, ThrottleBPercent, 0.0
63.93, INV_Tractive_Power_kW, 0.0
63.93, INV_Peak_Tractive_Power_kW, 85
64.774, ThrottleAReading, 1607
64.774, ThrottleBReading, 2133
64.774, BrakeReading, 1392
64.774, ThrottleAPercent, 0.0
64.774, ThrottleBPercent, 0.0
64.98, ChannelCurrentRadiator, 4.605
64.98, ChannelCurrentAccFan, 1.799
64.98, ChannelCurrentPump1, 4.686
64.98, ChannelCurrentPump2, 5.035
64.981, ChannelCurrentAUX1, 0.0
64.981, ChannelCurrentAUX2, 0.161
64.981, ChannelCurrentAUX3, 0.0
64.981, ChannelCurrentAUX4, 0.12
64.981, ChannelCurrentBrakeLight, 0.0
64.981, ChannelCurrentInverter, 1.289
65.21, VCU_INV_Torque_Command, 0
65.21, VCU_INV_Speed_Command, 0
65.21, VCU_INV_Direction_Command, CCW
65.21, VCU_INV_Inverter_Enable, Turn the Inverter ON
65.21, VCU_INV_Inverter_Discharge, Discharge Disable
65.21, VCU_INV_Speed_Mode_Enable, 0
65.21, VCU_INV_Torque_Limit_Command, 0.0
65.21, ThrottleAReading, 1606
65.21, ThrottleBReading, 2133
65.21, BrakeReading, 1393
65.21, ThrottleAPercent, 0.0
65.21, ThrottleBPercent, 0.0
65.211, INV_Tractive_Power_kW, -0.05
65.211, INV_Peak_Tractive_Power_kW, 85
65.212, BMU_checkFailed, No Fault
65.212, BMU_InterlockInitialized, 1
65.213, VoltageCellMuxSelect, 35
65.213, VoltageCell106, 3.7952000000000004
65.213, VoltageCell107, 3.8000000000000003
65.213, VoltageCell108, 3.9163
65.272, VCU_INV_Torque_Command, 0
65.272, VCU_INV_Speed_Command, 0
65.272, VCU_INV_Direction_Command, CCW
65.272, VCU_INV_Inverter_Enable, Turn the Inverter ON
65.272, VCU_INV_Inverter_Discharge, Discharge Disable
65.272, VCU_INV_Speed_Mode_Enable, 0
65.272, VCU_INV_Torque_Limit_Command, 0.0
65.524, ThrottlePercent, 0
65.524, BrakePercent, 0
65.524, FrontBrakePressure, 19
65.524, SteeringAngle, -102
65.524, BrakeWhileThrottle, 0
65.524, VCU_INV_Torque_Command, 0
65.524, VCU_INV_Speed_Command, 0
65.524, VCU_INV_Direction_Command, CCW
65.524, VCU_INV_Inverter_Enable, Turn the Inverter ON
65.524, VCU_INV_Inverter_Discharge, Discharge Disable
65.524, VCU_INV_Speed_Mode_Enable, 0
65.524, VCU_INV_Torque_Limit_Command, 0.0
66.15, ThrottleAReading, 1607
66.15, ThrottleBReading, 2133
66.15, BrakeReading, 1390
66.15, ThrottleAPercent, 0.0
66.15, ThrottleBPercent, 0.0
66.325, VCU_wheelSpeed_RL, 11.250000000000002
66.325, VCU_wheelSpeed_RR, 11.250000000000002
66.325, ThrottlePercent, 1
66.325, BrakePercent, 0
66.325, FrontBrakePressure, 13
66.325, SteeringAngle, -102
66.325, BrakeWhileThrottle, 0
66.326, VCU_INV_Torque_Command, 0
66.326, VCU_INV_Speed_Command, 0
66.326, VCU_INV_Direction_Command, CCW
66.326, VCU_INV_Inverter_Enable, Turn the Inverter ON
66.326, VCU_INV_Inverter_Discharge, Discharge Disable
66.326, VCU_INV_Speed_Mode_Enable, 0
66.326, VCU_INV_Torque_Limit_Command, 0.0
66.326, ThrottleAReading, 1608
66.326, ThrottleBReading, 2133
66.326, BrakeReading, 1394
66.326, ThrottleAPercent, 0.0
66.326, ThrottleBPercent, 0.0
66.327, INV_Tractive_Power_kW, 0.0
66.327, INV_Peak_Tractive_Power_kW, 85
66.327, RLSpeedKPH, 2.04
66.327, RRSpeedKPH, 2.04
66.327, FLSpeedKPH, 0.0
66.327, FRSpeedKPH, 0.0
66.328, TCTorqueMax, 0.0
66.328, TCLeftSlip, 79.998
66.328, TCRightSlip, 79.998
66.328, TCTorqueAdjustment, 143.64000000000001
66.484, ThrottlePercent, 1
66.484, BrakePercent, 0
66.484, FrontBrakePressure, 14
66.484, SteeringAngle, -102
66.484, BrakeWhileThrottle, 0
66.851, INV_Tractive_Power_kW, 0.0
66.851, INV_Peak_Tractive_Power_kW, 85
66.971, INV_Tractive_Power_kW, 0.0
66.971, INV_Peak_Tractive_Power_kW, 85
67.331, INV_Tractive_Power_kW, 0.0
67.331, INV_Peak_Tractive_Power_kW, 85
67.562, VoltageCellMuxSelect, 35
67.562, VoltageCell106, 3.7969000000000004
67.562, VoltageCell107, 3.8011000000000004
67.562, VoltageCell108, 3.9176
67.935, ThrottlePercent, 1
67.935, BrakePercent, 0
67.935, FrontBrakePressure, 16
67.935, SteeringAngle, -102
67.935, BrakeWhileThrottle, 0
68.212, ThrottleAReading, 1607
68.212, ThrottleBReading, 2133
68.212, BrakeReading, 1393
68.212, ThrottleAPercent, 0.0
68.212, ThrottleBPercent, 0.0
68.387, ThrottleAReading, 1607
68.387, ThrottleBReading, 2132
68.387, BrakeReading, 1391
68.387, ThrottleAPercent, 0.0
68.387, ThrottleBPercent, 0.0
68.533, TCTorqueMax, 3.392
68.533, TCLeftSlip, -0.999
68.533, TCRightSlip, -0.999
68.533, TCTorqueAdjustment, 0.0
68.535, ThrottlePercent, 0
68.535, BrakePercent, 0
68.535, FrontBrakePressure, 19
68.535, SteeringAngle, -102
68.535, BrakeWhileThrottle, 0
68.569, VCU_INV_Torque_Command, 0
68.569, VCU_INV_Speed_Command, 0
68.569, VCU_INV_Direction_Command, CCW
68.569, VCU_INV_Inverter_Enable, Turn the Inverter ON
68.569, VCU_INV_Inverter_Discharge, Discharge Disable
68.569, VCU_INV_Speed_Mode_Enable, 0
68.569, VCU_INV_Torque_Limit_Command, 0.0
68.603, TCTorqueMax, 3.392
68.603, TCLeftSlip, -0.999
68.603, TCRightSlip, -0.999
68.603, TCTorqueAdjustment, 0.0
68.801, VCU_INV_Torque_Command, 0
68.801, VCU_INV_Speed_Command, 0
68.801, VCU_INV_Direction_Command, CCW
68.801, VCU_INV_Inverter_Enable, Turn the Inverter ON
68.801, VCU_INV_Inverter_Discharge, Discharge Disable
68.801, VCU_INV_Speed_Mode_Enable, 0
68.801, VCU_INV_Torque_Limit_Command, 0.0
69.206, VCU_INV_Torque_Command, 0
69.206, VCU_INV_Speed_Command, 0
69.206, VCU_INV_Direction_Command, CCW
69.206, VCU_INV_Inverter_Enable, Turn the Inverter ON
69.206, VCU_INV_Inverter_Discharge, Discharge Disable
69.206, VCU_INV_Speed_Mode_Enable, 0
69.206, VCU_INV_Torque_Limit_Command, 0.0
69.206, ThrottleAReading, 1606
69.206, ThrottleBReading, 2133
69.206, BrakeReading, 1432
69.206, ThrottleAPercent, 0.0
69.206, ThrottleBPercent, 0.0
69.207, VoltageBusHV, 538.09
69.207, VoltageCellMax, 4.0419
69.207, VoltageCellMin, 3.7929000000000004
69.207, CurrentBusHV, 0.16
69.454, INV_Tractive_Power_kW, 0.0
69.454, INV_Peak_Tractive_Power_kW, 85
69.866, VCU_INV_Torque_Command, 0
69.866, VCU_INV_Speed_Command, 0
69.866, VCU_INV_Direction_Command, CCW
69.866, VCU_INV_Inverter_Enable, Turn the Inverter ON
69.866, VCU_INV_Inverter_Discharge, Discharge Disable
69.866, VCU_INV_Speed_Mode_Enable, 0
69.866, VCU_INV_Torque_Limit_Command, 0.0
70.415, ThrottlePercent, 0
70.415, BrakePercent, 6
70.415, FrontBrakePressure, 32
70.415, SteeringAngle, -102
70.415, BrakeWhileThrottle, 0
70.654, VCU_INV_Torque_Command, 0
70.654, VCU_INV_Speed_Command, 0
70.654, VCU_INV_Direction_Command, CCW
70.654, VCU_INV_Inverter_Enable, Turn the Inverter ON
70.654, VCU_INV_Inverter_Discharge, Discharge Disable
70.654, VCU_INV_Speed_Mode_Enable, 0
70.654, VCU_INV_Torque_Limit_Command, 0.0
70.654, ThrottleAReading, 1606
70.654, ThrottleBReading, 2133
70.654, BrakeReading, 1391
70.654, ThrottleAPercent, 0.0
70.654, ThrottleBPercent, 0.0
70.655, INV_Tractive_Power_kW, 0.0
70.655, INV_Peak_Tractive_Power_kW, 85
70.655, ThrottlePercent, 0
70.655, BrakePercent, 0
70.655, FrontBrakePressure, 18
70.655, SteeringAngle, -102
70.655, BrakeWhileThrottle, 0
70.794, ThrottleAReading, 1607
70.794, ThrottleBReading, 2133
70.794, BrakeReading, 1391
70.794, ThrottleAPercent, 0.0
70.794, ThrottleBPercent, 0.0
71.007, ThrottleAReading, 1607
71.007, ThrottleBReading, 2133
71.007, BrakeReading, 1417
71.007, ThrottleAPercent, 0.0
71.007, ThrottleBPercent, 0.0
71.011, ThrottleAReading, 1607
71.011, ThrottleBReading, 2133
71.011, BrakeReading, 1418
71.011, ThrottleAPercent, 0.0
71.011, ThrottleBPercent, 0.0
71.062, ThrottleAReading, 1607
71.062, ThrottleBReading, 2133
71.062, BrakeReading, 1420
71.062, ThrottleAPercent, 0.0
71.062, ThrottleBPercent, 0.0
71.126, ThrottleAReading, 1606
71.126, ThrottleBReading, 2133
71.126, BrakeReading, 1420
71.126, ThrottleAPercent, 0.0
71.126, ThrottleBPercent, 0.0
71.187, INV_Tractive_Power_kW, 0.0
71.187, INV_Peak_Tractive_Power_kW, 85
71.775, ThrottleAReading, 1607
71.775, ThrottleBReading, 2133
71.775, BrakeReading, 1392
71.775, ThrottleAPercent, 0.0
71.775, ThrottleBPercent, 0.0
71.866, ThrottlePercent, 1
71.866, BrakePercent, 0
71.866, FrontBrakePressure, 12
71.866, SteeringAngle, -102
71.866, BrakeWhileThrottle, 0
72.247, ThrottleAReading, 1607
72.247, ThrottleBReading, 2133
72.247, BrakeReading, 1402
72.247, ThrottleAPercent, 0.0
72.247, ThrottleBPercent, 0.0
72.413, VCU_INV_Torque_Command, 0
72.413, VCU_INV_Speed_Command, 0
72.413, VCU_INV_Direction_Command, CCW
72.413, VCU_INV_Inverter_Enable, Turn the Inverter ON
72.413, VCU_INV_Inverter_Discharge, Discharge Disable
72.413, VCU_INV_Speed_Mode_Enable, 0
72.413, VCU_INV_Torque_Limit_Command, 0.0
72.452, RLSpeedKPH, 0.0
72.452, RRSpeedKPH, 0.0
72.452, FLSpeedKPH, 0.0
72.452, FRSpeedKPH, 0.0
72.707, VCU_INV_Torque_Command, 0
72.707, VCU_INV_Speed_Command, 0
72.707, VCU_INV_Direction_Command, CCW
72.707, VCU_INV_Inverter_Enable, Turn the Inverter ON
72.707, VCU_INV_Inverter_Discharge, Discharge Disable
72.707, VCU_INV_Speed_Mode_Enable, 0
72.707, VCU_INV_Torque_Limit_Command, 0.0
72.707, INV_Tractive_Power_kW, 0.0
72.707, INV_Peak_Tractive_Power_kW, 85
72.71, VCU_INV_Torque_Command, 0
72.71, VCU_INV_Speed_Command, 0
72.71, VCU_INV_Direction_Command, CCW
72.71, VCU_INV_Inverter_Enable, Turn the Inverter ON
72.71, VCU_INV_Inverter_Discharge, Discharge Disable
72.71, VCU_INV_Speed_Mode_Enable, 0
72.71, VCU_INV_Torque_Limit_Command, 0.0
72.711, ThrottleAReading, 1607
72.711, ThrottleBReading, 2133
72.711, BrakeReading, 1394
72.711, ThrottleAPercent, 0.0
72.711, ThrottleBPercent, 0.0
73.624, ThrottlePercent, 0
73.624, BrakePercent, 0
73.624, FrontBrakePressure, 16
73.624, SteeringAngle, -102
73.624, BrakeWhileThrottle, 0
73.65, ThrottleAReading, 1607
73.65, ThrottleBReading, 2132
73.65, BrakeReading, 1390
73.65, ThrottleAPercent, 0.0
73.65, ThrottleBPercent, 0.0
73.651, INV_Tractive_Power_kW, 0.0
73.651, INV_Peak_Tractive_Power_kW, 85
73.882, ChannelCurrentBMU, 0.966
73.882, ChannelCurrentCDU, 0.657
73.882, ChannelCurrentTCU, 0.322
73.882, ChannelCurrentWSB, 0.604
73.882, ChannelCurrentBrakeLight, 0.0
73.882, ChannelCurrentInverter, 1.141
74.047, ThrottleAReading, 1606
74.047, ThrottleBReading, 2133
74.047, BrakeReading, 1393
74.047, ThrottleAPercent, 0.0
74.047, ThrottleBPercent, 0.0
74.375, ThrottlePercent, 1
74.375, BrakePercent, 0
74.375, FrontBrakePressure, 16
74.375, SteeringAngle, -102
74.375, BrakeWhileThrottle, 0
74.514, VCU_INV_Torque_Command, 0
74.514, VCU_INV_Speed_Command, 0
74.514, VCU_INV_Direction_Command, CCW
74.514, VCU_INV_Inverter_Enable, Turn the Inverter ON
74.514, VCU_INV_Inverter_Discharge, Discharge Disable
74.514, VCU_INV_Speed_Mode_Enable, 0
74.514, VCU_INV_Torque_Limit_Command, 0.0
74.515, ThrottleAReading, 1607
74.515, ThrottleBReading, 2133
74.515, BrakeReading, 1393
74.515, ThrottleAPercent, 0.0
74.515, ThrottleBPercent, 0.0
74.515, INV_Tractive_Power_kW, 0.0
74.515, INV_Peak_Tractive_Power_kW, 85
74.515, VCU_wheelSpeed_RL, 0.0
74.515, VCU_wheelSpeed_RR, 0.0
75.081, ChannelCurrentRadiator, 5.021
75.081, ChannelCurrentAccFan, 1.154
75.081, ChannelCurrentPump1, 4.5520000000000005
75.081, ChannelCurrentPump2, 2.6310000000000002
75.101, VCU_INV_Torque_Command, 0
75.101, VCU_INV_Speed_Command, 0
75.101, VCU_INV_Direction_Command, CCW
75.101, VCU_INV_Inverter_Enable, Turn the Inverter ON
75.101, VCU_INV_Inverter_Discharge, Discharge Disable
75.101, VCU_INV_Speed_Mode_Enable, 0
75.101, VCU_INV_Torque_Limit_Command, 0.0
75.613, VoltageBusHV, 538.11
75.613, VoltageCellMax, 4.043
75.613, VoltageCellMin, 3.7926
75.613, CurrentBusHV, 0.15
75.634, VCU_INV_Torque_Command, 0
75.634, VCU_INV_Speed_Command, 0
75.634, VCU_INV_Direction_Command, CCW
75.634, VCU_INV_Inverter_Enable, Turn the Inverter ON
75.634, VCU_INV_Inverter_Discharge, Discharge Disable
75.634, VCU_INV_Speed_Mode_Enable, 0
75.634, VCU_INV_Torque_Limit_Command, 0.0
75.635, ThrottleAReading, 1606
75.635, ThrottleBReading, 2133
75.635, BrakeReading, 1393
75.635, ThrottleAPercent, 0.0
75.635, ThrottleBPercent, 0.0
75.635, INV_Tractive_Power_kW, 0.0
75.635, INV_Peak_Tractive_Power_kW, 85
75.635, VCU_wheelSpeed_RL, 0.0
75.635, VCU_wheelSpeed_RR, 0.0
75.636, ThrottlePercent, 0
75.636, BrakePercent, 0
75.636, FrontBrakePressure, 18
75.636, SteeringAngle, -102
75.636, BrakeWhileThrottle, 0
75.636, RLSpeedKPH, 0.0
75.636, RRSpeedKPH, 0.0
75.636, FLSpeedKPH, 0.0
75.636, FRSpeedKPH, 0.0
76.214, ThrottleAReading, 1606
76.214, ThrottleBReading, 2133
76.214, BrakeReading, 1392
76.214, ThrottleAPercent, 0.0
76.214, ThrottleBPercent, 0.0
76.214, INV_Tractive_Power_kW, 0.0
76.214, INV_Peak_Tractive_Power_kW, 85
76.423, INV_Tractive_Power_kW, 0.0
76.423, INV_Peak_Tractive_Power_kW, 85
76.502, VCU_INV_Torque_Command, 0
76.502, VCU_INV_Speed_Command, 0
76.502, VCU_INV_Direction_Command, CCW
76.502, VCU_INV_Inverter_Enable, Turn the Inverter ON
76.502, VCU_INV_Inverter_Discharge, Discharge Disable
76.502, VCU_INV_Speed_Mode_Enable, 0
76.502, VCU_INV_Torque_Limit_Command, 0.0
76.865, VCU_INV_Torque_Command, 0
76.865, VCU_INV_Speed_Command, 0
76.865, VCU_INV_Direction_Command, CCW
76.865, VCU_INV_Inverter_Enable, Turn the Inverter ON
76.865, VCU_INV_Inverter_Discharge, Discharge Disable
76.865, VCU_INV_Speed_Mode_Enable, 0
76.865, VCU_INV_Torque_Limit_Command, 0.0
77.204, ThrottlePercent, 1
77.204, BrakePercent, 0
77.204, FrontBrakePressure, 13
77.204, SteeringAngle, -102
77.204, BrakeWhileThrottle, 0
77.284, ThrottlePercent, 1
77.284, BrakePercent, 0
77.284, FrontBrakePressure, 16
77.284, SteeringAngle, -102
77.284, BrakeWhileThrottle, 0
77.599, ThrottleAReading, 1608
77.599, ThrottleBReading, 2133
77.599, BrakeReading, 1394
77.599, ThrottleAPercent, 0.0
77.599, ThrottleBPercent, 0.0
77.701, RLSpeedKPH, 0.0
77.701, RRSpeedKPH, 0.0
77.701, FLSpeedKPH, 0.0
77.701, FRSpeedKPH, 0.0
77.726, VCU_INV_Torque_Command, 0
77.726, VCU_INV_Speed_Command, 0
77.726, VCU_INV_Direction_Command, CCW
77.726, VCU_INV_Inverter_Enable, Turn the Inverter ON
77.726, VCU_INV_Inverter_Discharge, Discharge Disable
77.726, VCU_INV_Speed_Mode_Enable, 0
77.726, VCU_INV_Torque_Limit_Command, 0.0
77.747, INV_Tractive_Power_kW, 0.0
77.747, INV_Peak_Tractive_Power_kW, 85
77.759, INV_Tractive_Power_kW, 0.0
77.759, INV_Peak_Tractive_Power_kW, 85
77.851, INV_Tractive_Power_kW, 0.0
77.851, INV_Peak_Tractive_Power_kW, 85
78.224, ThrottlePercent, 0
78.224, BrakePercent, 0
78.224, FrontBrakePressure, 18
78.224, SteeringAngle, -102
78.224, BrakeWhileThrottle, 0
78.471, RLSpeedKPH, 0.0
78.471, RRSpeedKPH, 0.0
78.471, FLSpeedKPH, 0.0
78.471, FRSpeedKPH, 0.0
78.473, TCTorqueMax, 3.392
78.473, TCLeftSlip, -0.999
78.473, TCRightSlip, -0.999
78.473, TCTorqueAdjustment, 0.0
78.967, ThrottleAReading, 1607
78.967, ThrottleBReading, 2132
78.967, BrakeReading, 1391
78.967, ThrottleAPercent, 0.0
78.967, ThrottleBPercent, 0.0
79.062, VCU_INV_Torque_Command, 0
79.062, VCU_INV_Speed_Command, 0
79.062, VCU_INV_Direction_Command, CCW
79.062, VCU_INV_Inverter_Enable, Turn the Inverter ON
79.062, VCU_INV_Inverter_Discharge, Discharge Disable
79.062, VCU_INV_Speed_Mode_Enable, 0
79.062, VCU_INV_Torque_Limit_Command, 0.0
79.124, ThrottlePercent, 1
79.124, BrakePercent, 0
79.124, FrontBrakePressure, 17
79.124, SteeringAngle, -102
79.124, BrakeWhileThrottle, 0
79.166, VCU_INV_Torque_Command, 0
79.166, VCU_INV_Speed_Command, 0
79.166, VCU_INV_Direction_Command, CCW
79.166, VCU_INV_Inverter_Enable, Turn the Inverter ON
79.166, VCU_INV_Inverter_Discharge, Discharge Disable
79.166, VCU_INV_Speed_Mode_Enable, 0
79.166, VCU_INV_Torque_Limit_Command, 0.0
79.167, INV_Tractive_Power_kW, 0.0
79.167, INV_Peak_Tractive_Power_kW, 85
79.225, VCU_INV_Torque_Command, 0
79.225, VCU_INV_Speed_Command, 0
79.225, VCU_INV_Direction_Command, CCW
79.225, VCU_INV_Inverter_Enable, Turn the Inverter ON
79.225, VCU_INV_Inverter_Discharge, Discharge Disable
79.225, VCU_INV_Speed_Mode_Enable, 0
79.225, VCU_INV_Torque_Limit_Command, 0.0
79.652, VCU_INV_Torque_Command, 0
79.652, VCU_INV_Speed_Command, 0
79.652, VCU_INV_Direction_Command, CCW
79.652, VCU_INV_Inverter_Enable, Turn the Inverter ON
79.652, VCU_INV_Inverter_Discharge, Discharge Disable
79.652, VCU_INV_Speed_Mode_Enable, 0
79.652, VCU_INV_Torque_Limit_Command, 0.0
79.691, INV_Tractive_Power_kW, 0.0
79.691, INV_Peak_Tractive_Power_kW, 85
79.87, VCU_INV_Torque_Command, 0
79.87, VCU_INV_Speed_Command, 0
79.87, VCU_INV_Direction_Command, CCW
79.87, VCU_INV_Inverter_Enable, Turn the Inverter ON
79.87, VCU_INV_Inverter_Discharge, Discharge Disable
79.87, VCU_INV_Speed_Mode_Enable, 0
79.87, VCU_INV_Torque_Limit_Command, 0.0
79.871, ThrottleAReading, 1606
79.871, ThrottleBReading, 2133
79.871, BrakeReading, 1393
79.871, ThrottleAPercent, 0.0
79.871, ThrottleBPercent, 0.0
79.871, INV_Tractive_Power_kW, 0.0
79.871, INV_Peak_Tractive_Power_kW, 85
79.873, TCTorqueMax, 3.392
79.873, TCLeftSlip, -0.999
79.873, TCRightSlip, -0.999
79.873, TCTorqueAdjustment, 0.0
81.002, VCU_INV_Torque_Command, 0
81.002, VCU_INV_Speed_Command, 0
81.002, VCU_INV_Direction_Command, CCW
81.002, VCU_INV_Inverter_Enable, Turn the Inverter ON
81.002, VCU_INV_Inverter_Discharge, Discharge Disable
81.002, VCU_INV_Speed_Mode_Enable, 0
81.002, VCU_INV_Torque_Limit_Command, 0.0
81.067, ThrottleAReading, 1607
81.067, ThrottleBReading, 2133
81.067, BrakeReading, 1392
81.067, ThrottleAPercent, 0.0
81.067, ThrottleBPercent, 0.0
81.123, INV_Tractive_Power_kW, 0.0
81.123, INV_Peak_Tractive_Power_kW, 85
81.175, ThrottleAReading, 1607
81.175, ThrottleBReading, 2132
81.175, BrakeReading, 1393
81.175, ThrottleAPercent, 0.0
81.175, ThrottleBPercent, 0.0
81.578, ThrottleAReading, 1607
81.578, ThrottleBReading, 2132
81.578, BrakeReading, 1392
81.578, ThrottleAPercent, 0.0
81.578, ThrottleBPercent, 0.0
81.756, INV_Tractive_Power_kW, 0.0
81.756, INV_Peak_Tractive_Power_kW, 85
81.948, VCU_INV_Torque_Command, 0
81.948, VCU_INV_Speed_Command, 0
81.948, VCU_INV_Direction_Command, CCW
81.948, VCU_INV_Inverter_Enable, Turn the Inverter ON
81.948, VCU_INV_Inverter_Discharge, Discharge Disable
81.948, VCU_INV_Speed_Mode_Enable, 0
81.948, VCU_INV_Torque_Limit_Command, 0.0
82.779, TCTorqueMax, 3.392
82.779, TCLeftSlip, -0.999
82.779, TCRightSlip, -0.999
82.779, TCTorqueAdjustment, 0.0
83.119, ThrottleAReading, 1607
83.119, ThrottleBReading, 2133
83.119, BrakeReading, 1393
83.119, ThrottleAPercent, 0.0
83.119, ThrottleBPercent, 0.0
83.322, VCU_INV_Torque_Command, 0
83.322, VCU_INV_Speed_Command, 0
83.322, VCU_INV_Direction_Command, CCW
83.322, VCU_INV_Inverter_Enable, Turn the Inverter ON
83.322, VCU_INV_Inverter_Discharge, Discharge Disable
83.322, VCU_INV_Speed_Mode_Enable, 0
83.322, VCU_INV_Torque_Limit_Command, 0.0
83.612, BMU_checkFailed, No Fault
83.612, BMU_InterlockInitialized, 1
84.063, VCU_INV_Torque_Command, 0
84.063, VCU_INV_Speed_Command, 0
84.063, VCU_INV_Direction_Command, CCW
84.063, VCU_INV_Inverter_Enable, Turn the Inverter ON
84.063, VCU_INV_Inverter_Discharge, Discharge Disable
84.063, VCU_INV_Speed_Mode_Enable, 0
84.063, VCU_INV_Torque_Limit_Command, 0.0
85.017, INV_Tractive_Power_kW, 0.0
85.017, INV_Peak_Tractive_Power_kW, 85
85.018, RLSpeedKPH, 0.0
85.018, RRSpeedKPH, 0.0
85.018, FLSpeedKPH, 0.0
85.018, FRSpeedKPH, 0.0
85.018, VCU_INV_Torque_Command, 0
85.018, VCU_INV_Speed_Command, 0
85.018, VCU_INV_Direction_Command, CCW
85.018, VCU_INV_Inverter_Enable, Turn the Inverter ON
85.018, VCU_INV_Inverter_Discharge, Discharge Disable
85.018, VCU_INV_Speed_Mode_Enable, 0
85.018, VCU_INV_Torque_Limit_Command, 0.0
85.019, ThrottleAReading, 1607
85.019, ThrottleBReading, 2132
85.019, BrakeReading, 1392
85.019, ThrottleAPercent, 0.0
85.019, ThrottleBPercent, 0.0
85.019, INV_Tractive_Power_kW, 0.0
85.019, INV_Peak_Tractive_Power_kW, 85
85.02, TempChannelMuxSelect, 8
85.02, TempChannel25, 19.450000000000003
85.02, TempChannel26, 19.129999999999995
85.02, TempChannel27, 19.689999999999998
85.067, AdjustedVoltageCellMuxSelect, 9
85.067, AdjustedVoltageCell28, 3.9432
85.067, AdjustedVoltageCell29, 3.9173
85.067, AdjustedVoltageCell30, 3.9166000000000003
85.308, ThrottleAReading, 1607
85.308, ThrottleBReading, 2132
85.308, BrakeReading, 1393
85.308, ThrottleAPercent, 0.0
85.308, ThrottleBPercent, 0.0
85.401, RLSpeedKPH, 0.0
85.401, RRSpeedKPH, 0.0
85.401, FLSpeedKPH, 0.0
85.401, FRSpeedKPH, 0.0
85.595, ThrottleAReading, 1607
85.595, ThrottleBReading, 2133
85.595, BrakeReading, 1393
85.595, ThrottleAPercent, 0.0
85.595, ThrottleBPercent, 0.0
85.894, TCTorqueMax, 3.392
85.894, TCLeftSlip, -0.999
85.894, TCRightSlip, -0.999
85.894, TCTorqueAdjustment, 0.0
86.031, RLSpeedKPH, 0.0
86.031, RRSpeedKPH, 0.0
86.031, FLSpeedKPH, 0.0
86.031, FRSpeedKPH, 0.0
86.391, VCU_INV_Torque_Command, 0
86.391, VCU_INV_Speed_Command, 0
86.391, VCU_INV_Direction_Command, CCW
86.391, VCU_INV_Inverter_Enable, Turn the Inverter ON
86.391, VCU_INV_Inverter_Discharge, Discharge Disable
86.391, VCU_INV_Speed_Mode_Enable, 0
86.391, VCU_INV_Torque_Limit_Command, 0.0
86.403, ThrottleAReading, 1608
86.403, ThrottleBReading, 2133
86.403, BrakeReading, 1392
86.403, ThrottleAPercent, 0.0
86.403, ThrottleBPercent, 0.0
87.051, INV_Tractive_Power_kW, 0.0
87.051, INV_Peak_Tractive_Power_kW, 85
87.119, INV_Tractive_Power_kW, 0.0
87.119, INV_Peak_Tractive_Power_kW, 85
87.197, VCU_INV_Torque_Command, 0
87.197, VCU_INV_Speed_Command, 0
87.197, VCU_INV_Direction_Command, CCW
87.197, VCU_INV_Inverter_Enable, Turn the Inverter ON
87.197, VCU_INV_Inverter_Discharge, Discharge Disable
87.197, VCU_INV_Speed_Mode_Enable, 0
87.197, VCU_INV_Torque_Limit_Command, 0.0
87.23, VoltageCellMuxSelect, 5
87.23, VoltageCell16, 3.7966
87.23, VoltageCell17, 3.7961
87.23, VoltageCell18, 3.9262
87.23, VCU_INV_Torque_Command, 0
87.23, VCU_INV_Speed_Command, 0
87.23, VCU_INV_Direction_Command, CCW
87.23, VCU_INV_Inverter_Enable, Turn the Inverter ON
87.23, VCU_INV_Inverter_Discharge, Discharge Disable
87.23, VCU_INV_Speed_Mode_Enable, 0
87.23, VCU_INV_Torque_Limit_Command, 0.0
87.467, ThrottleAReading, 1608
87.467, ThrottleBReading, 2132
87.467, BrakeReading, 1392
87.467, ThrottleAPercent, 0.0
87.467, ThrottleBPercent, 0.0
87.494, AMS_PackVoltage, 538.32
87.62, VCU_INV_Torque_Command, 0
87.62, VCU_INV_Speed_Command, 0
87.62, VCU_INV_Direction_Command, CCW
87.62, VCU_INV_Inverter_Enable, Turn the Inverter ON
87.62, VCU_INV_Inverter_Discharge, Discharge Disable
87.62, VCU_INV_Speed_Mode_Enable, 0
87.62, VCU_INV_Torque_Limit_Command, 0.0
87.644, ThrottleAReading, 1607
87.644, ThrottleBReading, 2131
87.644, BrakeReading, 1392
87.644, ThrottleAPercent, 0.0
87.644, ThrottleBPercent, 0.0
87.715, VCU_INV_Torque_Command, 0
87.715, VCU_INV_Speed_Command, 0
87.715, VCU_INV_Direction_Command, CCW
87.715, VCU_INV_Inverter_Enable, Turn the Inverter ON
87.715, VCU_INV_Inverter_Discharge, Discharge Disable
87.715, VCU_INV_Speed_Mode_Enable, 0
87.715, VCU_INV_Torque_Limit_Command, 0.0
87.923, INV_Tractive_Power_kW, 0.0
87.923, INV_Peak_Tractive_Power_kW, 85
88.064, AdjustedVoltageCellMuxSelect, 22
88.064, AdjustedVoltageCell67, 3.7956000000000003
88.064, AdjustedVoltageCell68, 3.9277
88.064, AdjustedVoltageCell69, 3.9164000000000003
88.123, ThrottleAReading, 1630
88.123, ThrottleBReading, 2107
88.123, BrakeReading, 1393
88.123, ThrottleAPercent, 0.0
88.123, ThrottleBPercent, 0.0
88.123, INV_Tractive_Power_kW, 1.34
88.123, INV_Peak_Tractive_Power_kW, 85
88.124, VCU_INV_Torque_Command, 160
88.124, VCU_INV_Speed_Command, 0
88.124, VCU_INV_Direction_Command, CCW
88.124, VCU_INV_Inverter_Enable, Turn the Inverter ON
88.124, VCU_INV_Inverter_Discharge, Discharge Disable
88.124, VCU_INV_Speed_Mode_Enable, 0
88.124, VCU_INV_Torque_Limit_Command, 0.0
88.308, TCTorqueMax, 0.0
88.308, TCLeftSlip, 79.998
88.308, TCRightSlip, 79.998
88.308, TCTorqueAdjustment, 143.64000000000001
88.551, INV_Tractive_Power_kW, 0.21
88.551, INV_Peak_Tractive_Power_kW, 85
88.974, TCTorqueMax, 0.0
88.974, TCLeftSlip, 79.998
88.974, TCRightSlip, 79.998
88.974, TCTorqueAdjustment, 143.64000000000001
89.055, VCU_INV_Torque_Command, 64
89.055, VCU_INV_Speed_Command, 0
89.055, VCU_INV_Direction_Command, CCW
89.055, VCU_INV_Inverter_Enable, Turn the Inverter ON
89.055, VCU_INV_Inverter_Discharge, Discharge Disable
89.055, VCU_INV_Speed_Mode_Enable, 0
89.055, VCU_INV_Torque_Limit_Command, 0.0
89.055, ThrottleAReading, 1621
89.055, ThrottleBReading, 2117
89.055, BrakeReading, 1393
89.055, ThrottleAPercent, 0.0
89.055, ThrottleBPercent, 0.0
89.055, INV_Tractive_Power_kW, 5.68
89.055, INV_Peak_Tractive_Power_kW, 85
89.055, ThrottlePercent, 8
89.055, BrakePercent, 0
89.055, FrontBrakePressure, 19
89.055, SteeringAngle, -102
89.055, BrakeWhileThrottle, 0
89.231, ThrottleAReading, 1614
89.231, ThrottleBReading, 2126
89.231, BrakeReading, 1393
89.231, ThrottleAPercent, 0.0
89.231, ThrottleBPercent, 0.0
89.231, INV_Tractive_Power_kW, 0.32
89.231, INV_Peak_Tractive_Power_kW, 85
89.435, ThrottlePercent, 4
89.435, BrakePercent, 0
89.435, FrontBrakePressure, 18
89.435, SteeringAngle, -102
89.435, BrakeWhileThrottle, 0
89.484, ThrottlePercent, 5
89.484, BrakePercent, 0
89.484, FrontBrakePressure, 18
89.484, SteeringAngle, -102
89.484, BrakeWhileThrottle, 0
89.555, VCU_INV_Torque_Command, 64
89.555, VCU_INV_Speed_Command, 0
89.555, VCU_INV_Direction_Command, CCW
89.555, VCU_INV_Inverter_Enable, Turn the Inverter ON
89.555, VCU_INV_Inverter_Discharge, Discharge Disable
89.555, VCU_INV_Speed_Mode_Enable, 0
89.555, VCU_INV_Torque_Limit_Command, 0.0
89.555, ThrottleAReading, 1621
89.555, ThrottleBReading, 2119
89.555, BrakeReading, 1398
89.555, ThrottleAPercent, 0.0
89.555, ThrottleBPercent, 0.0
89.555, INV_Tractive_Power_kW, 0.26
89.555, INV_Peak_Tractive_Power_kW, 85
90.203, ThrottleAReading, 1615
90.203, ThrottleBReading, 2125
90.203, BrakeReading, 1398
90.203, ThrottleAPercent, 0.0
90.203, ThrottleBPercent, 0.0
90.203, INV_Tractive_Power_kW, 0.8
90.203, INV_Peak_Tractive_Power_kW, 85
90.623, ThrottleAReading, 1630
90.623, ThrottleBReading, 2108
90.623, BrakeReading, 1401
90.623, ThrottleAPercent, 0.0
90.623, ThrottleBPercent, 0.0
90.623, INV_Tractive_Power_kW, 3.75
90.623, INV_Peak_Tractive_Power_kW, 85
91.289, StateBatteryChargeHV, 98.80000000000001
91.289, StateBatteryHealthHV, 0.0
91.289, StateBatteryPowerHV, 141.1
91.289, TempCellMax, 24.75
91.289, TempCellMin, 16.75
91.289, StateBMS, HV_Enable
91.289, HighestTempThermistor, 6
91.571, VCU_INV_Torque_Command, 107
91.571, VCU_INV_Speed_Command, 0
91.571, VCU_INV_Direction_Command, CCW
91.571, VCU_INV_Inverter_Enable, Turn the Inverter ON
91.571, VCU_INV_Inverter_Discharge, Discharge Disable
91.571, VCU_INV_Speed_Mode_Enable, 0
91.571, VCU_INV_Torque_Limit_Command, 0.0
91.571, ThrottleAReading, 1625
91.571, ThrottleBReading, 2113
91.571, BrakeReading, 1398
91.571, ThrottleAPercent, 0.0
91.571, ThrottleBPercent, 0.0
91.571, INV_Tractive_Power_kW, 9.1
91.571, INV_Peak_Tractive_Power_kW, 85
92.539, ThrottleAReading, 1610
92.539, ThrottleBReading, 2129
92.539, BrakeReading, 1399
92.539, ThrottleAPercent, 0.0
92.539, ThrottleBPercent, 0.0
92.951, ThrottleAReading, 1610
92.951, ThrottleBReading, 2129
92.951, BrakeReading, 1399
92.951, ThrottleAPercent, 0.0
92.951, ThrottleBPercent, 0.0
93.099, VCU_INV_Torque_Command, 0
93.099, VCU_INV_Speed_Command, 0
93.099, VCU_INV_Direction_Command, CCW
93.099, VCU_INV_Inverter_Enable, Turn the Inverter ON
93.099, VCU_INV_Inverter_Discharge, Discharge Disable
93.099, VCU_INV_Speed_Mode_Enable, 0
93.099, VCU_INV_Torque_Limit_Command, 0.0
93.103, VCU_INV_Torque_Command, 0
93.103, VCU_INV_Speed_Command, 0
93.103, VCU_INV_Direction_Command, CCW
93.103, VCU_INV_Inverter_Enable, Turn the Inverter ON
93.103, VCU_INV_Inverter_Discharge, Discharge Disable
93.103, VCU_INV_Speed_Mode_Enable, 0
93.103, VCU_INV_Torque_Limit_Command, 0.0
93.103, ThrottleAReading, 1611
93.103, ThrottleBReading, 2129
93.103, BrakeReading, 1399
93.103, ThrottleAPercent, 0.0
93.103, ThrottleBPercent, 0.0
93.103, INV_Tractive_Power_kW, 0.05
93.103, INV_Peak_Tractive_Power_kW, 85
93.103, TCTorqueMax, 0.0
93.103, TCLeftSlip, 79.998
93.103, TCRightSlip, 79.998
93.103, TCTorqueAdjustment, 143.64000000000001
93.104, ThrottlePercent, 3
93.104, BrakePercent, 0
93.104, FrontBrakePressure, 8
93.104, SteeringAngle, -102
93.104, BrakeWhileThrottle, 0
93.662, RLSpeedKPH, 21.240000000000002
93.662, RRSpeedKPH, 21.240000000000002
93.662, FLSpeedKPH, 0.0
93.662, FRSpeedKPH, 0.0
93.776, ThrottlePercent, 3
93.776, BrakePercent, 5
93.776, FrontBrakePressure, 23
93.776, SteeringAngle, -102
93.776, BrakeWhileThrottle, 0
93.927, INV_Tractive_Power_kW, 0.0
93.927, INV_Peak_Tractive_Power_kW, 85
94.019, INV_Tractive_Power_kW, 0.0
94.019, INV_Peak_Tractive_Power_kW, 85
94.064, ThrottleAReading, 1611
94.064, ThrottleBReading, 2129
94.064, BrakeReading, 1392
94.064, ThrottleAPercent, 0.0
94.064, ThrottleBPercent, 0.0
94.663, VCU_INV_Torque_Command, 0
94.663, VCU_INV_Speed_Command, 0
94.663, VCU_INV_Direction_Command, CCW
94.663, VCU_INV_Inverter_Enable, Turn the Inverter ON
94.663, VCU_INV_Inverter_Discharge, Discharge Disable
94.663, VCU_INV_Speed_Mode_Enable, 0
94.663, VCU_INV_Torque_Limit_Command, 0.0
94.812, VCU_INV_Torque_Command, 0
94.812, VCU_INV_Speed_Command, 0
94.812, VCU_INV_Direction_Command, CCW
94.812, VCU_INV_Inverter_Enable, Turn the Inverter ON
94.812, VCU_INV_Inverter_Discharge, Discharge Disable
94.812, VCU_INV_Speed_Mode_Enable, 0
94.812, VCU_INV_Torque_Limit_Command, 0.0
95.348, StateBatteryChargeHV, 98.80000000000001
95.348, StateBatteryHealthHV, 0.0
95.348, StateBatteryPowerHV, 141.1
95.348, TempCellMax, 24.75
95.348, TempCellMin, 13.75
95.348, StateBMS, HV_Enable
95.348, HighestTempThermistor, 6
95.807, ThrottleAReading, 1611
95.807, ThrottleBReading, 2129
95.807, BrakeReading, 1396
95.807, ThrottleAPercent, 0.0
95.807, ThrottleBPercent, 0.0
95.815, INV_Tractive_Power_kW, 0.0
95.815, INV_Peak_Tractive_Power_kW, 85
95.815, VCU_INV_Torque_Command, 0
95.815, VCU_INV_Speed_Command, 0
95.815, VCU_INV_Direction_Command, CCW
95.815, VCU_INV_Inverter_Enable, Turn the Inverter ON
95.815, VCU_INV_Inverter_Discharge, Discharge Disable
95.815, VCU_INV_Speed_Mode_Enable, 0
95.815, VCU_INV_Torque_Limit_Command, 0.0
95.931, ThrottleAReading, 1610
95.931, ThrottleBReading, 2129
95.931, BrakeReading, 1395
95.931, ThrottleAPercent, 0.0
95.931, ThrottleBPercent, 0.0
95.931, INV_Tractive_Power_kW, 0.0
95.931, INV_Peak_Tractive_Power_kW, 85
96.143, ThrottleAReading, 1611
96.143, ThrottleBReading, 2129
96.143, BrakeReading, 1395
96.143, ThrottleAPercent, 0.0
96.143, ThrottleBPercent, 0.0
96.858, VCU_INV_Torque_Command, 0
96.858, VCU_INV_Speed_Command, 0
96.858, VCU_INV_Direction_Command, CCW
96.858, VCU_INV_Inverter_Enable, Turn the Inverter ON
96.858, VCU_INV_Inverter_Discharge, Discharge Disable
96.858, VCU_INV_Speed_Mode_Enable, 0
96.858, VCU_INV_Torque_Limit_Command, 0.0
96.943, VCU_INV_Torque_Command, 0
96.943, VCU_INV_Speed_Command, 0
96.943, VCU_INV_Direction_Command, CCW
96.943, VCU_INV_Inverter_Enable, Turn the Inverter ON
96.943, VCU_INV_Inverter_Discharge, Discharge Disable
96.943, VCU_INV_Speed_Mode_Enable, 0
96.943, VCU_INV_Torque_Limit_Command, 0.0
96.943, ThrottleAReading, 1611
96.943, ThrottleBReading, 2128
96.943, BrakeReading, 1394
96.943, ThrottleAPercent, 0.0
96.943, ThrottleBPercent, 0.0
96.943, INV_Tractive_Power_kW, 0.0
96.943, INV_Peak_Tractive_Power_kW, 85
96.945, ThrottlePercent, 3
96.945, BrakePercent, 0
96.945, FrontBrakePressure, 13
96.945, SteeringAngle, -102
96.945, BrakeWhileThrottle, 0
97.016, ThrottlePercent, 3
97.016, BrakePercent, 0
97.016, FrontBrakePressure, 16
97.016, SteeringAngle, -102
97.016, BrakeWhileThrottle, 0
97.391, ThrottleAReading, 1610
97.391, ThrottleBReading, 2129
97.391, BrakeReading, 1397
97.391, ThrottleAPercent, 0.0
97.391, ThrottleBPercent, 0.0
98.123, ThrottleAReading, 1611
98.123, ThrottleBReading, 2129
98.123, BrakeReading, 1395
98.123, ThrottleAPercent, 0.0
98.123, ThrottleBPercent, 0.0
98.123, INV_Tractive_Power_kW, 0.0
98.123, INV_Peak_Tractive_Power_kW, 85
98.123, VCU_INV_Torque_Command, 0
98.123, VCU_INV_Speed_Command, 0
98.123, VCU_INV_Direction_Command, CCW
98.123, VCU_INV_Inverter_Enable, Turn the Inverter ON
98.123, VCU_INV_Inverter_Discharge, Discharge Disable
98.123, VCU_INV_Speed_Mode_Enable, 0
98.123, VCU_INV_Torque_Limit_Command, 0.0
98.125, ThrottlePercent, 3
98.125, BrakePercent, 0
98.125, FrontBrakePressure, 19
98.125, SteeringAngle, -102
98.125, BrakeWhileThrottle, 0
98.683, ChannelCurrentRadiator, 4.511
98.683, ChannelCurrentAccFan, 1.047
98.683, ChannelCurrentPump1, 3.826
98.683, ChannelCurrentPump2, 4.538
98.811, INV_Tractive_Power_kW, 0.0
98.811, INV_Peak_Tractive_Power_kW, 85
99.013, BMU_Heartbeat_dummydata, 0
99.069, VoltageBusLV, 10.948
99.069, CurrentBusLV, 0.0
99.069, PowerBusLV, 0
99.07, TempChannelMuxSelect, 7
99.07, TempChannel22, 19.950000000000003
99.07, TempChannel23, 19.939999999999998
99.07, TempChannel24, 19.400000000000006
99.107, ThrottleAReading, 1607
99.107, ThrottleBReading, 2133
99.107, BrakeReading, 1395
99.107, ThrottleAPercent, 0.0
99.107, ThrottleBPercent, 0.0
99.379, VCU_INV_Torque_Command, 0
99.379, VCU_INV_Speed_Command, 0
99.379, VCU_INV_Direction_Command, CCW
99.379, VCU_INV_Inverter_Enable, Turn the Inverter ON
99.379, VCU_INV_Inverter_Discharge, Discharge Disable
99.379, VCU_INV_Speed_Mode_Enable, 0
99.379, VCU_INV_Torque_Limit_Command, 0.0
99.379, ThrottleAReading, 1608
99.379, ThrottleBReading, 2131
99.379, BrakeReading, 1395
99.379, ThrottleAPercent, 0.0
99.379, ThrottleBPercent, 0.0
99.379, VCU_INV_Torque_Command, 0
99.379, VCU_INV_Speed_Command, 0
99.379, VCU_INV_Direction_Command, CCW
99.379, VCU_INV_Inverter_Enable, Turn the Inverter ON
99.379, VCU_INV_Inverter_Discharge, Discharge Disable
99.379, VCU_INV_Speed_Mode_Enable, 0
99.379, VCU_INV_Torque_Limit_Command, 0.0
100.147, VCU_INV_Torque_Command, 0
100.147, VCU_INV_Speed_Command, 0
100.147, VCU_INV_Direction_Command, CCW
100.147, VCU_INV_Inverter_Enable, Turn the Inverter ON
100.147, VCU_INV_Inverter_Discharge, Discharge Disable
100.147, VCU_INV_Speed_Mode_Enable, 0
100.147, VCU_INV_Torque_Limit_Command, 0.0
100.147, ThrottleAReading, 1606
100.147, ThrottleBReading, 2132
100.147, BrakeReading, 1394
100.147, ThrottleAPercent, 0.0
100.147, ThrottleBPercent, 0.0
100.148, INV_Tractive_Power_kW, 0.0
100.148, INV_Peak_Tractive_Power_kW, 85
