0.351, VoltageCellMuxSelect, 7
0.351, VoltageCell22, 3.7008
0.351, VoltageCell23, 3.701
0.351, VoltageCell24, 3.701
0.393, AdjustedVoltageCellMuxSelect, 7
0.393, AdjustedVoltageCell22, 3.7007000000000003
0.393, AdjustedVoltageCell23, 3.7009000000000003
0.393, AdjustedVoltageCell24, 3.701
0.393, IVT_MsgID_RX, 7
0.393, IVT_MsgCount, 7
0.393, IVT_Result_state, 0
0.393, IVT_Wh, 0
0.393, TempChannelMuxSelect, 7
0.393, TempChannel22, 0.0
0.393, TempChannel23, 0.0
0.393, TempChannel24, 0.0
0.393, IVT_MsgID_RX, 0
0.393, IVT_MsgCount, 11
0.393, IVT_Result_state, 0
0.393, IVT_I, -0.001
0.393, IVT_MsgID_RX, 5
0.393, IVT_MsgCount, 11
0.393, IVT_Result_state, 0
0.393, IVT_W, 0
0.393, ChannelCurrentRadiator, 0.214
0.393, ChannelCurrentAccFan, 0.214
0.393, ChannelCurrentPump1, 0.0
0.393, ChannelCurrentPump2, 0.214
0.393, ChannelCurrentAUX1, 0.0
0.393, ChannelCurrentAUX2, 0.214
0.393, ChannelCurrentAUX3, 0.0
0.393, ChannelCurrentAUX4, 0.214
0.393, ChannelCurrentBMU, 0.496
0.393, ChannelCurrentCDU, 0.362
0.393, ChannelCurrentTCU, 0.362
0.393, ChannelCurrentWSB, 0.792
0.393, ChannelCurrentBrakeLight, 0.0
0.393, ChannelCurrentInverter, 0.0
0.393, VCU_wheelSpeed_RL, 0.0
0.393, VCU_wheelSpeed_RR, 0.0
0.393, RLSpeedKPH, 0.0
0.393, RRSpeedKPH, 0.0
0.393, FLSpeedKPH, 0.0
0.393, FRSpeedKPH, 0.0
0.393, TCTorqueMax, 34.392
0.393, TCLeftSlip, -0.999
0.393, TCRightSlip, -0.999
0.393, TCTorqueAdjustment, 0.0
0.393, IVT_MsgID_RX, 0
0.393, IVT_MsgCount, 12
0.393, IVT_Result_state, 0
0.393, IVT_I, -0.002
0.393, IVT_MsgID_RX, 1
0.393, IVT_MsgCount, 4
0.393, IVT_Result_state, 0
0.393, IVT_U1, -0.027
0.396, IVT_MsgID_RX, 2
0.396, IVT_MsgCount, 4
0.396, IVT_Result_state, 0
0.396, IVT_U2, 0.031
0.396, IVT_MsgID_RX, 3
0.396, IVT_MsgCount, 4
0.396, IVT_Result_state, 0
0.396, IVT_U3, 0.02
0.396, IVT_MsgID_RX, 5
0.396, IVT_MsgCount, 12
0.396, IVT_Result_state, 0
0.396, IVT_W, 0
0.396, IVT_MsgID_RX, 7
0.396, IVT_MsgCount, 8
0.396, IVT_Result_state, 0
0.396, IVT_Wh, 0
0.443, RearBrakePressure, 3
0.443, BrakeTempFront, -31.539999999999992
0.443, BrakeTempFrontAccuracy, 1
0.443, IVT_MsgID_RX, 0
0.443, IVT_MsgCount, 13
0.443, IVT_Result_state, 0
0.443, IVT_I, 0.002
0.443, IVT_MsgID_RX, 5
0.443, IVT_MsgCount, 13
0.443, IVT_Result_state, 0
0.443, IVT_W, 0
0.443, BMU_checkFailed, BSPD_FAILED
0.443, BMU_InterlockInitialized, 0
0.443, VoltageCellMuxSelect, 8
0.443, VoltageCell25, 3.7082
0.443, VoltageCell26, 3.7012
0.443, VoltageCell27, 3.7008
0.443, AdjustedVoltageCellMuxSelect, 8
0.443, AdjustedVoltageCell25, 3.708
0.443, AdjustedVoltageCell26, 3.7012
0.443, AdjustedVoltageCell27, 3.7
0.443, VCU_wheelSpeed_RL, 0.0
0.443, VCU_wheelSpeed_RR, 0.0
0.443, RLSpeedKPH, 0.0
0.443, RRSpeedKPH, 0.0
0.443, FLSpeedKPH, 0.0
0.443, FRSpeedKPH, 0.0
0.443, VoltageBusHV, 0.0
0.443, VoltageCellMax, 3.9466
0.443, VoltageCellMin, 3.6948000000000003
0.443, CurrentBusHV, 0.0
0.443, TCTorqueMax, 34.392
0.443, TCLeftSlip, -0.999
0.443, TCRightSlip, -0.999
0.443, TCTorqueAdjustment, 0.0
0.446, AMS_PackVoltage, 524.35
0.446, IVT_MsgID_RX, 7
0.446, IVT_MsgCount, 9
0.446, IVT_Result_state, 0
0.446, IVT_Wh, 0
0.446, IVT_MsgID_RX, 0
0.446, IVT_MsgCount, 14
0.446, IVT_Result_state, 0
0.446, IVT_I, 0.0
0.446, IVT_MsgID_RX, 5
0.446, IVT_MsgCount, 14
0.446, IVT_Result_state, 0
0.446, IVT_W, 0
0.446, StateBatteryChargeHV, 90.80000000000001
0.446, StateBatteryHealthHV, 0.0
0.446, StateBatteryPowerHV, 331.90000000000003
0.446, TempCellMax, 156.0
0.446, TempCellMin, 55.0
0.446, StateBMS, Wait_System_Up
0.446, HighestTempThermistor, 0
0.446, TempChannelMuxSelect, 8
0.446, TempChannel25, 0.0
0.446, TempChannel26, 0.0
0.446, TempChannel27, 0.0
0.446, IVT_MsgID_RX, 0
0.446, IVT_MsgCount, 15
0.446, IVT_Result_state, 0
0.446, IVT_I, -0.002
0.446, IVT_MsgID_RX, 1
0.446, IVT_MsgCount, 5
0.446, IVT_Result_state, 0
0.446, IVT_U1, -0.039
0.446, IVT_MsgID_RX, 2
0.446, IVT_MsgCount, 5
0.446, IVT_Result_state, 0
0.446, IVT_U2, 0.029
0.447, IVT_MsgID_RX, 3
0.447, IVT_MsgCount, 5
0.447, IVT_Result_state, 0
0.447, IVT_U3, 0.043000000000000003
0.447, IVT_MsgID_RX, 5
0.447, IVT_MsgCount, 15
0.447, IVT_Result_state, 0
0.447, IVT_W, 0
0.447, VCU_wheelSpeed_RL, 0.0
0.447, VCU_wheelSpeed_RR, 0.0
0.493, RLSpeedKPH, 0.0
0.493, RRSpeedKPH, 0.0
0.493, FLSpeedKPH, 0.0
0.493, FRSpeedKPH, 0.0
0.493, IVT_MsgID_RX, 7
0.493, IVT_MsgCount, 10
0.493, IVT_Result_state, 0
0.493, IVT_Wh, 0
0.496, TCTorqueMax, 34.392
0.496, TCLeftSlip, -0.999
0.496, TCRightSlip, -0.999
0.496, TCTorqueAdjustment, 0.0
0.496, VoltageCellMuxSelect, 9
0.496, VoltageCell28, 3.8413000000000004
0.496, VoltageCell29, 3.8142
0.496, VoltageCell30, 3.8142
0.496, AdjustedVoltageCellMuxSelect, 9
0.496, AdjustedVoltageCell28, 3.8418
0.496, AdjustedVoltageCell29, 3.8141000000000003
0.496, AdjustedVoltageCell30, 3.8141000000000003
0.496, TempChannelMuxSelect, 9
0.496, TempChannel28, 20.659999999999997
0.496, TempChannel29, 20.620000000000005
0.496, TempChannel30, 20.730000000000004
0.496, IVT_MsgID_RX, 0
0.496, IVT_MsgCount, 0
0.496, IVT_Result_state, 0
0.496, IVT_I, -0.003
0.496, IVT_MsgID_RX, 5
0.496, IVT_MsgCount, 0
0.496, IVT_Result_state, 0
0.496, IVT_W, 0
0.496, ChannelCurrentRadiator, 0.214
0.496, ChannelCurrentAccFan, 0.17400000000000002
0.496, ChannelCurrentPump1, 0.0
0.496, ChannelCurrentPump2, 0.201
0.496, ChannelCurrentAUX1, 0.0
0.496, ChannelCurrentAUX2, 0.214
0.496, ChannelCurrentAUX3, 0.0
0.496, ChannelCurrentAUX4, 0.214
0.496, ChannelCurrentBMU, 0.537
0.496, ChannelCurrentCDU, 0.375
0.496, ChannelCurrentTCU, 0.375
0.496, ChannelCurrentWSB, 0.8190000000000001
0.496, ChannelCurrentBrakeLight, 0.0
0.496, ChannelCurrentInverter, 0.0
0.496, IVT_MsgID_RX, 7
0.496, IVT_MsgCount, 11
0.496, IVT_Result_state, 0
0.496, IVT_Wh, 0
0.496, VCU_wheelSpeed_RL, 0.0
0.496, VCU_wheelSpeed_RR, 0.0
0.496, RLSpeedKPH, 0.0
0.496, RRSpeedKPH, 0.0
0.496, FLSpeedKPH, 0.0
0.496, FRSpeedKPH, 0.0
0.496, IVT_MsgID_RX, 0
0.496, IVT_MsgCount, 1
0.496, IVT_Result_state, 0
0.496, IVT_I, -0.001
0.496, IVT_MsgID_RX, 5
0.496, IVT_MsgCount, 1
0.496, IVT_Result_state, 0
0.496, IVT_W, 0
0.534, TCTorqueMax, 34.392
0.534, TCLeftSlip, -0.999
0.534, TCRightSlip, -0.999
0.534, TCTorqueAdjustment, 0.0
0.543, RearBrakePressure, 3
0.543, BrakeTempFront, -31.539999999999992
0.543, BrakeTempFrontAccuracy, 1
0.543, IVT_MsgID_RX, 0
0.543, IVT_MsgCount, 2
0.543, IVT_Result_state, 0
0.543, IVT_I, 0.004
0.543, IVT_MsgID_RX, 1
0.543, IVT_MsgCount, 6
0.543, IVT_Result_state, 0
0.543, IVT_U1, -0.024
0.543, IVT_MsgID_RX, 2
0.543, IVT_MsgCount, 6
0.543, IVT_Result_state, 0
0.543, IVT_U2, 0.029
0.543, IVT_MsgID_RX, 3
0.543, IVT_MsgCount, 6
0.543, IVT_Result_state, 0
0.543, IVT_U3, 0.041
0.543, IVT_MsgID_RX, 5
0.543, IVT_MsgCount, 2
0.543, IVT_Result_state, 0
0.543, IVT_W, 0
0.543, BMU_checkFailed, BSPD_FAILED
0.543, BMU_InterlockInitialized, 0
0.543, VoltageCellMuxSelect, 10
0.543, VoltageCell31, 3.7004
0.543, VoltageCell32, 3.7004
0.543, VoltageCell33, 3.7005000000000003
0.543, IVT_MsgID_RX, 7
0.543, IVT_MsgCount, 12
0.543, IVT_Result_state, 0
0.543, IVT_Wh, 0
0.543, AdjustedVoltageCellMuxSelect, 10
0.543, AdjustedVoltageCell31, 3.7
0.543, AdjustedVoltageCell32, 3.7003000000000004
0.543, AdjustedVoltageCell33, 3.7003000000000004
0.543, TempChannelMuxSelect, 10
0.543, TempChannel31, 0.0
0.543, TempChannel32, 0.0
0.543, TempChannel33, 0.0
0.543, VoltageBusHV, 0.0
0.543, VoltageCellMax, 3.9458
0.543, VoltageCellMin, 3.6949
0.543, CurrentBusHV, 0.0
0.543, VCU_wheelSpeed_RL, 0.0
0.543, VCU_wheelSpeed_RR, 0.0
0.546, RLSpeedKPH, 0.0
0.546, RRSpeedKPH, 0.0
0.546, FLSpeedKPH, 0.0
0.546, FRSpeedKPH, 0.0
0.547, AMS_PackVoltage, 524.35
0.547, TCTorqueMax, 34.392
0.547, TCLeftSlip, -0.999
0.547, TCRightSlip, -0.999
0.547, TCTorqueAdjustment, 0.0
0.547, IVT_MsgID_RX, 5
0.547, IVT_MsgCount, 3
0.547, IVT_Result_state, 0
0.547, IVT_W, 0
0.547, IVT_MsgID_RX, 0
0.547, IVT_MsgCount, 3
0.547, IVT_Result_state, 0
0.547, IVT_I, 0.0
0.547, ThrottlePercent, 0
0.547, BrakePercent, 4
0.547, FrontBrakePressure, 3
0.547, SteeringAngle, -102
0.547, BrakeWhileThrottle, 0
0.547, ThrottlePercent, 0
0.547, BrakePercent, 4
0.547, FrontBrakePressure, 3
0.547, SteeringAngle, -102
0.547, BrakeWhileThrottle, 0
0.547, IVT_MsgID_RX, 7
0.547, IVT_MsgCount, 13
0.547, IVT_Result_state, 0
0.547, IVT_Wh, 0
0.547, IVT_MsgID_RX, 5
0.547, IVT_MsgCount, 4
0.547, IVT_Result_state, 0
0.547, IVT_W, 0
0.547, IVT_MsgID_RX, 0
0.547, IVT_MsgCount, 4
0.547, IVT_Result_state, 0
0.547, IVT_I, 0.0
0.547, ThrottlePercent, 0
0.547, BrakePercent, 4
0.547, FrontBrakePressure, 3
0.547, SteeringAngle, -102
0.547, BrakeWhileThrottle, 0
0.593, StateBatteryChargeHV, 90.80000000000001
0.593, StateBatteryHealthHV, 0.0
0.593, StateBatteryPowerHV, 331.90000000000003
0.593, TempCellMax, 156.0
0.593, TempCellMin, 55.0
0.593, StateBMS, Wait_System_Up
0.593, HighestTempThermistor, 0
0.593, VCU_wheelSpeed_RL, 0.0
0.593, VCU_wheelSpeed_RR, 0.0
0.593, RLSpeedKPH, 0.0
0.593, RRSpeedKPH, 0.0
0.593, FLSpeedKPH, 0.0
0.593, FRSpeedKPH, 0.0
0.596, VoltageBusLV, 11.691
0.596, CurrentBusLV, 0.0
0.596, PowerBusLV, 0
0.596, VoltageCellMuxSelect, 11
0.596, VoltageCell34, 3.7
0.596, VoltageCell35, 3.7002
0.596, VoltageCell36, 3.7004
0.596, TCTorqueMax, 34.392
0.596, TCLeftSlip, -0.999
0.596, TCRightSlip, -0.999
0.596, TCTorqueAdjustment, 0.0
0.596, AdjustedVoltageCellMuxSelect, 11
0.596, AdjustedVoltageCell34, 3.6999
0.596, AdjustedVoltageCell35, 3.7001000000000004
0.596, AdjustedVoltageCell36, 3.7003000000000004
0.596, ThrottlePercent, 0
0.596, BrakePercent, 4
0.596, FrontBrakePressure, 3
0.596, SteeringAngle, -102
0.596, BrakeWhileThrottle, 0
0.596, TempChannelMuxSelect, 11
0.596, TempChannel34, 0.0
0.596, TempChannel35, 0.0
0.596, TempChannel36, 0.0
0.596, IVT_MsgID_RX, 1
0.596, IVT_MsgCount, 7
0.596, IVT_Result_state, 0
0.596, IVT_U1, -0.008
0.596, IVT_MsgID_RX, 2
0.596, IVT_MsgCount, 7
0.596, IVT_Result_state, 0
0.596, IVT_U2, 0.051000000000000004
0.596, IVT_MsgID_RX, 3
0.596, IVT_MsgCount, 7
0.596, IVT_Result_state, 0
0.596, IVT_U3, 0.085
0.596, IVT_MsgID_RX, 5
0.596, IVT_MsgCount, 5
0.596, IVT_Result_state, 0
0.596, IVT_W, 0
0.596, IVT_MsgID_RX, 0
0.596, IVT_MsgCount, 5
0.596, IVT_Result_state, 0
0.596, IVT_I, 0.0
0.596, ThrottlePercent, 0
0.596, BrakePercent, 4
0.596, FrontBrakePressure, 3
0.596, SteeringAngle, -102
0.596, BrakeWhileThrottle, 0
0.596, IVT_MsgID_RX, 7
0.596, IVT_MsgCount, 14
0.596, IVT_Result_state, 0
0.596, IVT_Wh, 0
0.596, ChannelCurrentRadiator, 0.214
0.596, ChannelCurrentAccFan, 0.201
0.596, ChannelCurrentPump1, 0.0
0.596, ChannelCurrentPump2, 0.214
0.596, ChannelCurrentAUX1, 0.013000000000000001
0.596, ChannelCurrentAUX2, 0.187
0.596, ChannelCurrentAUX3, 0.0
0.596, ChannelCurrentAUX4, 0.201
0.6, ChannelCurrentBMU, 0.46900000000000003
0.6, ChannelCurrentCDU, 0.308
0.6, ChannelCurrentTCU, 0.335
0.6, ChannelCurrentWSB, 0.778
0.6, ChannelCurrentBrakeLight, 0.0
0.6, ChannelCurrentInverter, 0.0
0.6, ThrottlePercent, 0
0.6, BrakePercent, 3
0.6, FrontBrakePressure, 3
0.6, SteeringAngle, -102
0.6, BrakeWhileThrottle, 0
0.6, IVT_MsgID_RX, 5
0.6, IVT_MsgCount, 6
0.6, IVT_Result_state, 0
0.6, IVT_W, 0
0.6, IVT_MsgID_RX, 0
0.6, IVT_MsgCount, 6
0.6, IVT_Result_state, 0
0.6, IVT_I, 0.003
0.6, VCU_wheelSpeed_RL, 0.0
0.6, VCU_wheelSpeed_RR, 0.0
0.6, ThrottlePercent, 0
0.6, BrakePercent, 4
0.6, FrontBrakePressure, 3
0.6, SteeringAngle, -102
0.6, BrakeWhileThrottle, 0
0.6, RLSpeedKPH, 0.0
0.6, RRSpeedKPH, 0.0
0.6, FLSpeedKPH, 0.0
0.6, FRSpeedKPH, 0.0
0.6, TCTorqueMax, 34.392
0.6, TCLeftSlip, -0.999
0.6, TCRightSlip, -0.999
0.6, TCTorqueAdjustment, 0.0
0.6, ThrottlePercent, 0
0.6, BrakePercent, 4
0.6, FrontBrakePressure, 3
0.6, SteeringAngle, -102
0.6, BrakeWhileThrottle, 0
0.643, IVT_MsgID_RX, 7
0.643, IVT_MsgCount, 15
0.643, IVT_Result_state, 0
0.643, IVT_Wh, 0
0.643, RearBrakePressure, 0
0.643, BrakeTempFront, -31.819999999999993
0.643, BrakeTempFrontAccuracy, 1
0.643, IVT_MsgID_RX, 5
0.643, IVT_MsgCount, 7
0.643, IVT_Result_state, 0
0.643, IVT_W, 0
0.643, IVT_MsgID_RX, 0
0.643, IVT_MsgCount, 7
0.643, IVT_Result_state, 0
0.643, IVT_I, 0.001
0.646, BMU_checkFailed, BSPD_FAILED
0.646, BMU_InterlockInitialized, 0
0.646, VoltageCellMuxSelect, 12
0.646, VoltageCell37, 3.6989
0.646, VoltageCell38, 3.8228
0.646, VoltageCell39, 3.8119
0.646, ThrottlePercent, 0
0.646, BrakePercent, 4
0.646, FrontBrakePressure, 0
0.646, SteeringAngle, -102
0.646, BrakeWhileThrottle, 0
0.646, AdjustedVoltageCellMuxSelect, 12
0.646, AdjustedVoltageCell37, 3.6986000000000003
0.646, AdjustedVoltageCell38, 3.8229
0.646, AdjustedVoltageCell39, 3.8119
0.646, TempChannelMuxSelect, 12
0.646, TempChannel37, 0.0
0.646, TempChannel38, 0.0
0.646, TempChannel39, 0.0
0.646, ThrottlePercent, 0
0.646, BrakePercent, 4
0.646, FrontBrakePressure, 0
0.646, SteeringAngle, -102
0.646, BrakeWhileThrottle, 0
0.646, VCU_wheelSpeed_RL, 0.0
0.646, VCU_wheelSpeed_RR, 0.0
0.646, IVT_MsgID_RX, 1
0.646, IVT_MsgCount, 8
0.646, IVT_Result_state, 0
0.646, IVT_U1, -0.049
0.646, IVT_MsgID_RX, 2
0.646, IVT_MsgCount, 8
0.646, IVT_Result_state, 0
0.646, IVT_U2, 0.01
0.646, IVT_MsgID_RX, 3
0.646, IVT_MsgCount, 8
0.646, IVT_Result_state, 0
0.646, IVT_U3, 0.018000000000000002
0.646, VoltageBusHV, 0.0
0.646, VoltageCellMax, 3.9459000000000004
0.646, VoltageCellMin, 3.6949
0.646, CurrentBusHV, 0.0
0.646, IVT_MsgID_RX, 5
0.646, IVT_MsgCount, 8
0.646, IVT_Result_state, 0
0.646, IVT_W, 0
0.646, IVT_MsgID_RX, 0
0.646, IVT_MsgCount, 8
0.646, IVT_Result_state, 0
0.646, IVT_I, -0.002
0.646, AMS_PackVoltage, 524.35
0.65, RLSpeedKPH, 0.0
0.65, RRSpeedKPH, 0.0
0.65, FLSpeedKPH, 0.0
0.65, FRSpeedKPH, 0.0
0.65, TCTorqueMax, 34.392
0.65, TCLeftSlip, -0.999
0.65, TCRightSlip, -0.999
0.65, TCTorqueAdjustment, 0.0
0.65, ThrottlePercent, 0
0.65, BrakePercent, 4
0.65, FrontBrakePressure, 0
0.65, SteeringAngle, -102
0.65, BrakeWhileThrottle, 0
0.65, IVT_MsgID_RX, 7
0.65, IVT_MsgCount, 0
0.65, IVT_Result_state, 0
0.65, IVT_Wh, 0
0.65, ThrottlePercent, 0
0.65, BrakePercent, 4
0.65, FrontBrakePressure, 0
0.65, SteeringAngle, -102
0.65, BrakeWhileThrottle, 0
0.65, IVT_MsgID_RX, 5
0.65, IVT_MsgCount, 9
0.65, IVT_Result_state, 0
0.65, IVT_W, 0
0.65, IVT_MsgID_RX, 0
0.65, IVT_MsgCount, 9
0.65, IVT_Result_state, 0
0.65, IVT_I, 0.002
0.65, ThrottlePercent, 0
0.65, BrakePercent, 4
0.65, FrontBrakePressure, 0
0.65, SteeringAngle, -102
0.65, BrakeWhileThrottle, 0
0.693, VCU_wheelSpeed_RL, 0.0
0.693, VCU_wheelSpeed_RR, 0.0
0.693, ThrottlePercent, 0
0.693, BrakePercent, 4
0.693, FrontBrakePressure, 0
0.693, SteeringAngle, -102
0.693, BrakeWhileThrottle, 0
0.693, IVT_MsgID_RX, 7
0.693, IVT_MsgCount, 1
0.693, IVT_Result_state, 0
0.693, IVT_Wh, 0
0.693, RLSpeedKPH, 0.0
0.693, RRSpeedKPH, 0.0
0.693, FLSpeedKPH, 0.0
0.693, FRSpeedKPH, 0.0
0.693, IVT_MsgID_RX, 5
0.693, IVT_MsgCount, 10
0.693, IVT_Result_state, 0
0.693, IVT_W, 0
0.693, TCTorqueMax, 34.392
0.693, TCLeftSlip, -0.999
0.693, TCRightSlip, -0.999
0.693, TCTorqueAdjustment, 0.0
0.693, IVT_MsgID_RX, 0
0.693, IVT_MsgCount, 10
0.693, IVT_Result_state, 0
0.693, IVT_I, 0.0
0.696, StateBatteryChargeHV, 90.80000000000001
0.696, StateBatteryHealthHV, 0.0
0.696, StateBatteryPowerHV, 331.90000000000003
0.696, TempCellMax, 156.0
0.696, TempCellMin, 55.0
0.696, StateBMS, Wait_System_Up
0.696, HighestTempThermistor, 0
0.696, VoltageCellMuxSelect, 13
0.696, VoltageCell40, 3.8137000000000003
0.696, VoltageCell41, 3.7407000000000004
0.696, VoltageCell42, 3.7723
0.696, ThrottlePercent, 0
0.696, BrakePercent, 4
0.696, FrontBrakePressure, 0
0.696, SteeringAngle, -102
0.696, BrakeWhileThrottle, 0
0.696, AdjustedVoltageCellMuxSelect, 13
0.696, AdjustedVoltageCell40, 3.8137000000000003
0.696, AdjustedVoltageCell41, 3.7391
0.696, AdjustedVoltageCell42, 3.7722
0.696, ChannelCurrentRadiator, 0.201
0.696, ChannelCurrentAccFan, 0.214
0.696, ChannelCurrentPump1, 0.0
0.696, ChannelCurrentPump2, 0.201
0.696, ChannelCurrentAUX1, 0.0
0.696, ChannelCurrentAUX2, 0.228
0.696, ChannelCurrentAUX3, 0.0
0.696, ChannelCurrentAUX4, 0.187
0.696, ChannelCurrentBMU, 0.537
0.696, ChannelCurrentCDU, 0.389
0.696, ChannelCurrentTCU, 0.362
0.696, ChannelCurrentWSB, 0.765
0.696, ChannelCurrentBrakeLight, 0.0
0.696, ChannelCurrentInverter, 0.0
0.696, ThrottlePercent, 0
0.696, BrakePercent, 4
0.696, FrontBrakePressure, 0
0.696, SteeringAngle, -102
0.696, BrakeWhileThrottle, 0
0.696, IVT_MsgID_RX, 1
0.696, IVT_MsgCount, 9
0.696, IVT_Result_state, 0
0.696, IVT_U1, -0.051000000000000004
0.696, IVT_MsgID_RX, 2
0.696, IVT_MsgCount, 9
0.696, IVT_Result_state, 0
0.696, IVT_U2, 0.062
0.696, IVT_MsgID_RX, 3
0.696, IVT_MsgCount, 9
0.696, IVT_Result_state, 0
0.696, IVT_U3, 0.016
0.697, IVT_MsgID_RX, 5
0.697, IVT_MsgCount, 11
0.697, IVT_Result_state, 0
0.697, IVT_W, 0
0.697, IVT_MsgID_RX, 0
0.697, IVT_MsgCount, 11
0.697, IVT_Result_state, 0
0.697, IVT_I, 0.004
0.7, IVT_MsgID_RX, 7
0.7, IVT_MsgCount, 2
0.7, IVT_Result_state, 0
0.7, IVT_Wh, 0
0.7, ThrottlePercent, 0
0.7, BrakePercent, 3
0.7, FrontBrakePressure, 0
0.7, SteeringAngle, -102
0.7, BrakeWhileThrottle, 0
0.7, VCU_wheelSpeed_RL, 0.0
0.7, VCU_wheelSpeed_RR, 0.0
0.7, RLSpeedKPH, 0.0
0.7, RRSpeedKPH, 0.0
0.7, FLSpeedKPH, 0.0
0.7, FRSpeedKPH, 0.0
0.7, TCTorqueMax, 34.392
0.7, TCLeftSlip, -0.999
0.7, TCRightSlip, -0.999
0.7, TCTorqueAdjustment, 0.0
0.7, ThrottlePercent, 0
0.7, BrakePercent, 4
0.7, FrontBrakePressure, 0
0.7, SteeringAngle, -102
0.7, BrakeWhileThrottle, 0
0.743, RearBrakePressure, 3
0.743, BrakeTempFront, -31.450000000000017
0.743, BrakeTempFrontAccuracy, 1
0.743, IVT_MsgID_RX, 5
0.743, IVT_MsgCount, 12
0.743, IVT_Result_state, 0
0.743, IVT_W, 0
0.743, IVT_MsgID_RX, 0
0.743, IVT_MsgCount, 12
0.743, IVT_Result_state, 0
0.743, IVT_I, -0.001
0.743, BMU_checkFailed, BSPD_FAILED
0.743, BMU_InterlockInitialized, 0
0.743, VoltageCellMuxSelect, 14
0.743, VoltageCell43, 3.7735000000000003
0.743, VoltageCell44, 3.7714000000000003
0.743, VoltageCell45, 3.7739000000000003
0.743, ThrottlePercent, 0
0.743, BrakePercent, 4
0.743, FrontBrakePressure, 3
0.743, SteeringAngle, -102
0.743, BrakeWhileThrottle, 0
0.743, AdjustedVoltageCellMuxSelect, 14
0.743, AdjustedVoltageCell43, 3.7734
0.743, AdjustedVoltageCell44, 3.7713
0.743, AdjustedVoltageCell45, 3.7739000000000003
0.743, TempChannelMuxSelect, 14
0.743, TempChannel43, 20.820000000000007
0.743, TempChannel44, 20.689999999999998
0.743, TempChannel45, 20.879999999999995
0.746, IVT_MsgID_RX, 7
0.746, IVT_MsgCount, 3
0.746, IVT_Result_state, 0
0.746, IVT_Wh, 0
0.746, ThrottlePercent, 0
0.746, BrakePercent, 4
0.746, FrontBrakePressure, 3
0.746, SteeringAngle, -102
0.746, BrakeWhileThrottle, 0
0.746, IVT_MsgID_RX, 5
0.746, IVT_MsgCount, 13
0.746, IVT_Result_state, 0
0.746, IVT_W, 0
0.746, IVT_MsgID_RX, 0
0.746, IVT_MsgCount, 13
0.746, IVT_Result_state, 0
0.746, IVT_I, -0.003
0.746, VoltageBusHV, 0.0
0.746, VoltageCellMax, 3.9450000000000003
0.746, VoltageCellMin, 3.6949
0.746, CurrentBusHV, 0.0
0.746, AMS_PackVoltage, 524.35
0.746, ThrottlePercent, 0
0.746, BrakePercent, 4
0.746, FrontBrakePressure, 3
0.746, SteeringAngle, -102
0.746, BrakeWhileThrottle, 0
0.746, VCU_wheelSpeed_RL, 0.0
0.746, VCU_wheelSpeed_RR, 0.0
0.746, RLSpeedKPH, 0.0
0.746, RRSpeedKPH, 0.0
0.746, FLSpeedKPH, 0.0
0.746, FRSpeedKPH, 0.0
0.746, TCTorqueMax, 34.392
0.746, TCLeftSlip, -0.999
0.746, TCRightSlip, -0.999
0.746, TCTorqueAdjustment, 0.0
0.747, ThrottlePercent, 0
0.747, BrakePercent, 4
0.747, FrontBrakePressure, 3
0.747, SteeringAngle, -102
0.747, BrakeWhileThrottle, 0
0.747, IVT_MsgID_RX, 1
0.747, IVT_MsgCount, 10
0.747, IVT_Result_state, 0
0.747, IVT_U1, -0.006
0.747, IVT_MsgID_RX, 2
0.747, IVT_MsgCount, 10
0.747, IVT_Result_state, 0
0.747, IVT_U2, 0.024
0.747, IVT_MsgID_RX, 3
0.747, IVT_MsgCount, 10
0.747, IVT_Result_state, 0
0.747, IVT_U3, 0.0
0.747, IVT_MsgID_RX, 5
0.747, IVT_MsgCount, 14
0.747, IVT_Result_state, 0
0.747, IVT_W, 0
0.75, IVT_MsgID_RX, 0
0.75, IVT_MsgCount, 14
0.75, IVT_Result_state, 0
0.75, IVT_I, 0.001
0.75, IVT_MsgID_RX, 7
0.75, IVT_MsgCount, 4
0.75, IVT_Result_state, 0
0.75, IVT_Wh, 0
0.75, ThrottlePercent, 0
0.75, BrakePercent, 4
0.75, FrontBrakePressure, 3
0.75, SteeringAngle, -102
0.75, BrakeWhileThrottle, 0
0.793, ThrottlePercent, 0
0.793, BrakePercent, 4
0.793, FrontBrakePressure, 3
0.793, SteeringAngle, -102
0.793, BrakeWhileThrottle, 0
0.793, IVT_MsgID_RX, 5
0.793, IVT_MsgCount, 15
0.793, IVT_Result_state, 0
0.793, IVT_W, 0
0.793, IVT_MsgID_RX, 0
0.793, IVT_MsgCount, 15
0.793, IVT_Result_state, 0
0.793, IVT_I, 0.002
0.793, VCU_wheelSpeed_RL, 0.0
0.793, VCU_wheelSpeed_RR, 0.0
0.793, RLSpeedKPH, 0.0
0.793, RRSpeedKPH, 0.0
0.793, FLSpeedKPH, 0.0
0.793, FRSpeedKPH, 0.0
0.793, TCTorqueMax, 34.392
0.793, TCLeftSlip, -0.999
0.793, TCRightSlip, -0.999
0.793, TCTorqueAdjustment, 0.0
0.793, ThrottlePercent, 0
0.793, BrakePercent, 3
0.793, FrontBrakePressure, 3
0.793, SteeringAngle, -102
0.793, BrakeWhileThrottle, 0
0.793, ChannelCurrentRadiator, 0.201
0.793, ChannelCurrentAccFan, 0.201
0.793, ChannelCurrentPump1, 0.0
0.793, ChannelCurrentPump2, 0.214
0.793, ChannelCurrentAUX1, 0.0
0.793, ChannelCurrentAUX2, 0.187
0.793, ChannelCurrentAUX3, 0.0
0.793, ChannelCurrentAUX4, 0.214
0.793, ChannelCurrentBMU, 0.537
0.793, ChannelCurrentCDU, 0.34900000000000003
0.793, ChannelCurrentTCU, 0.375
0.793, ChannelCurrentWSB, 0.778
0.793, ChannelCurrentBrakeLight, 0.0
0.793, ChannelCurrentInverter, 0.0
0.8, IVT_MsgID_RX, 7
0.8, IVT_MsgCount, 5
0.8, IVT_Result_state, 0
0.8, IVT_Wh, 0
0.8, ThrottlePercent, 0
0.8, BrakePercent, 4
0.8, FrontBrakePressure, 3
0.8, SteeringAngle, -102
0.8, BrakeWhileThrottle, 0
0.8, StateBatteryChargeHV, 90.80000000000001
0.8, StateBatteryHealthHV, 0.0
0.8, StateBatteryPowerHV, 331.90000000000003
0.8, TempCellMax, 156.0
0.8, TempCellMin, 55.0
0.8, StateBMS, Wait_System_Up
0.8, HighestTempThermistor, 0
0.8, VoltageCellMuxSelect, 15
0.8, VoltageCell46, 3.7756000000000003
0.8, VoltageCell47, 3.7373000000000003
0.8, VoltageCell48, 3.9458
0.8, IVT_MsgID_RX, 5
0.8, IVT_MsgCount, 0
0.8, IVT_Result_state, 0
0.8, IVT_W, 0
0.8, IVT_MsgID_RX, 0
0.8, IVT_MsgCount, 0
0.8, IVT_Result_state, 0
0.8, IVT_I, 0.001
0.8, AdjustedVoltageCellMuxSelect, 15
0.8, AdjustedVoltageCell46, 3.7756000000000003
0.8, AdjustedVoltageCell47, 3.7364
0.8, AdjustedVoltageCell48, 3.9464
0.8, TempChannelMuxSelect, 15
0.8, TempChannel46, 20.549999999999997
0.8, TempChannel47, 20.60000000000001
0.8, TempChannel48, 0.0
0.8, ThrottlePercent, 0
0.8, BrakePercent, 4
0.8, FrontBrakePressure, 3
0.8, SteeringAngle, -102
0.8, BrakeWhileThrottle, 0
0.8, VCU_wheelSpeed_RL, 0.0
0.8, VCU_wheelSpeed_RR, 0.0
0.8, ThrottlePercent, 0
0.8, BrakePercent, 4
0.8, FrontBrakePressure, 3
0.8, SteeringAngle, -102
0.8, BrakeWhileThrottle, 0
0.843, RLSpeedKPH, 0.0
0.843, RRSpeedKPH, 0.0
0.843, FLSpeedKPH, 0.0
0.843, FRSpeedKPH, 0.0
0.843, IVT_MsgID_RX, 1
0.843, IVT_MsgCount, 11
0.843, IVT_Result_state, 0
0.843, IVT_U1, 0.033
0.843, IVT_MsgID_RX, 2
0.843, IVT_MsgCount, 11
0.843, IVT_Result_state, 0
0.843, IVT_U2, 0.02
0.843, BrakeTempFront, -31.539999999999992
0.843, BrakeTempFrontAccuracy, 1
0.846, RearBrakePressure, 3
0.846, IVT_MsgID_RX, 3
0.846, IVT_MsgCount, 11
0.846, IVT_Result_state, 0
0.846, IVT_U3, 0.033
0.846, IVT_MsgID_RX, 0
0.846, IVT_MsgCount, 1
0.846, IVT_Result_state, 0
0.846, IVT_I, 0.001
0.846, IVT_MsgID_RX, 5
0.846, IVT_MsgCount, 1
0.846, IVT_Result_state, 0
0.846, IVT_W, 0
0.846, TCTorqueMax, 34.392
0.846, TCLeftSlip, -0.999
0.846, TCRightSlip, -0.999
0.846, TCTorqueAdjustment, 0.0
0.846, IVT_MsgID_RX, 7
0.846, IVT_MsgCount, 6
0.846, IVT_Result_state, 0
0.846, IVT_Wh, 0
0.846, ThrottlePercent, 0
0.846, BrakePercent, 4
0.846, FrontBrakePressure, 3
0.846, SteeringAngle, -102
0.846, BrakeWhileThrottle, 0
0.846, BMU_checkFailed, BSPD_FAILED
0.846, BMU_InterlockInitialized, 0
0.846, VoltageCellMuxSelect, 16
0.846, VoltageCell49, 3.9131
0.846, VoltageCell50, 3.9106
0.846, VoltageCell51, 3.7252
0.846, AdjustedVoltageCellMuxSelect, 16
0.846, AdjustedVoltageCell49, 3.9131
0.846, AdjustedVoltageCell50, 3.9104
0.846, AdjustedVoltageCell51, 3.7245000000000004
0.846, TempChannelMuxSelect, 16
0.846, TempChannel49, 0.0
0.846, TempChannel50, 0.0
0.846, TempChannel51, 0.0
0.846, ThrottlePercent, 0
0.846, BrakePercent, 4
0.846, FrontBrakePressure, 3
0.846, SteeringAngle, -102
0.846, BrakeWhileThrottle, 0
0.846, IVT_MsgID_RX, 5
0.846, IVT_MsgCount, 2
0.846, IVT_Result_state, 0
0.846, IVT_W, 0
0.846, IVT_MsgID_RX, 0
0.846, IVT_MsgCount, 2
0.846, IVT_Result_state, 0
0.846, IVT_I, 0.001
0.846, ThrottlePercent, 0
0.846, BrakePercent, 4
0.846, FrontBrakePressure, 3
0.846, SteeringAngle, -102
0.846, BrakeWhileThrottle, 0
0.85, VoltageBusHV, 0.03
0.85, VoltageCellMax, 3.9458
0.85, VoltageCellMin, 3.6949
0.85, CurrentBusHV, 0.0
0.85, AMS_PackVoltage, 524.35
0.85, VCU_wheelSpeed_RL, 0.0
0.85, VCU_wheelSpeed_RR, 0.0
0.85, RLSpeedKPH, 0.0
0.85, RRSpeedKPH, 0.0
0.85, FLSpeedKPH, 0.0
0.85, FRSpeedKPH, 0.0
0.85, IVT_MsgID_RX, 7
0.85, IVT_MsgCount, 7
0.85, IVT_Result_state, 0
0.85, IVT_Wh, 0
0.85, TCTorqueMax, 34.392
0.85, TCLeftSlip, -0.999
0.85, TCRightSlip, -0.999
0.85, TCTorqueAdjustment, 0.0
0.85, ThrottlePercent, 0
0.85, BrakePercent, 4
0.85, FrontBrakePressure, 3
0.85, SteeringAngle, -102
0.85, BrakeWhileThrottle, 0
0.85, IVT_MsgID_RX, 5
0.85, IVT_MsgCount, 3
0.85, IVT_Result_state, 0
0.85, IVT_W, 0
0.85, IVT_MsgID_RX, 0
0.85, IVT_MsgCount, 3
0.85, IVT_Result_state, 0
0.85, IVT_I, 0.0
0.85, ThrottlePercent, 0
0.85, BrakePercent, 4
0.85, FrontBrakePressure, 3
0.85, SteeringAngle, -102
0.85, BrakeWhileThrottle, 0
0.893, VoltageCellMuxSelect, 17
0.893, VoltageCell52, 3.7524
0.893, VoltageCell53, 3.7531000000000003
0.893, VoltageCell54, 3.7528
0.893, ThrottlePercent, 0
0.893, BrakePercent, 3
0.893, FrontBrakePressure, 3
0.893, SteeringAngle, -102
0.893, BrakeWhileThrottle, 0
0.893, IVT_MsgID_RX, 1
0.893, IVT_MsgCount, 12
0.893, IVT_Result_state, 0
0.893, IVT_U1, -0.006
0.893, IVT_MsgID_RX, 2
0.893, IVT_MsgCount, 12
0.893, IVT_Result_state, 0
0.893, IVT_U2, -0.002
0.896, IVT_MsgID_RX, 3
0.896, IVT_MsgCount, 12
0.896, IVT_Result_state, 0
0.896, IVT_U3, 0.076
0.896, AdjustedVoltageCellMuxSelect, 17
0.896, AdjustedVoltageCell52, 3.7523
0.896, AdjustedVoltageCell53, 3.753
0.896, AdjustedVoltageCell54, 3.7528
0.896, IVT_MsgID_RX, 5
0.896, IVT_MsgCount, 4
0.896, IVT_Result_state, 0
0.896, IVT_W, 0
0.896, IVT_MsgID_RX, 0
0.896, IVT_MsgCount, 4
0.896, IVT_Result_state, 0
0.896, IVT_I, -0.002
0.896, TempChannelMuxSelect, 17
0.896, TempChannel52, 0.0
0.896, TempChannel53, 0.0
0.896, TempChannel54, 0.0
0.896, IVT_MsgID_RX, 7
0.896, IVT_MsgCount, 8
0.896, IVT_Result_state, 0
0.896, IVT_Wh, 0
0.896, VCU_wheelSpeed_RL, 0.0
0.896, VCU_wheelSpeed_RR, 0.0
0.896, ThrottlePercent, 0
0.896, BrakePercent, 4
0.896, FrontBrakePressure, 3
0.896, SteeringAngle, -102
0.896, BrakeWhileThrottle, 0
0.896, ChannelCurrentRadiator, 0.17400000000000002
0.896, ChannelCurrentAccFan, 0.214
0.896, ChannelCurrentPump1, 0.0
0.896, ChannelCurrentPump2, 0.201
0.896, ChannelCurrentAUX1, 0.0
0.896, ChannelCurrentAUX2, 0.17400000000000002
0.896, ChannelCurrentAUX3, 0.0
0.896, ChannelCurrentAUX4, 0.187
0.896, RLSpeedKPH, 0.0
0.896, RRSpeedKPH, 0.0
0.896, FLSpeedKPH, 0.0
0.896, FRSpeedKPH, 0.0
0.896, ChannelCurrentBMU, 0.55
0.896, ChannelCurrentCDU, 0.362
0.896, ChannelCurrentTCU, 0.322
0.896, ChannelCurrentWSB, 0.725
0.896, ChannelCurrentBrakeLight, 0.0
0.896, ChannelCurrentInverter, 0.0
0.896, TCTorqueMax, 34.392
0.896, TCLeftSlip, -0.999
0.896, TCRightSlip, -0.999
0.896, TCTorqueAdjustment, 0.0
0.896, ThrottlePercent, 0
0.896, BrakePercent, 4
0.896, FrontBrakePressure, 3
0.896, SteeringAngle, -102
0.896, BrakeWhileThrottle, 0
0.933, IVT_MsgID_RX, 5
0.933, IVT_MsgCount, 5
0.933, IVT_Result_state, 0
0.933, IVT_W, 0
0.933, IVT_MsgID_RX, 0
0.933, IVT_MsgCount, 5
0.933, IVT_Result_state, 0
0.933, IVT_I, -0.002
0.933, ThrottlePercent, 0
0.933, BrakePercent, 4
0.933, FrontBrakePressure, 3
0.933, SteeringAngle, -102
0.933, BrakeWhileThrottle, 0
0.933, StateBatteryChargeHV, 90.80000000000001
0.933, StateBatteryHealthHV, 0.0
0.933, StateBatteryPowerHV, 331.90000000000003
0.933, TempCellMax, 156.0
0.933, TempCellMin, 55.0
0.933, StateBMS, Wait_System_Up
0.933, HighestTempThermistor, 0
0.933, IVT_MsgID_RX, 7
0.933, IVT_MsgCount, 9
0.933, IVT_Result_state, 0
0.933, IVT_Wh, 0
0.933, ThrottlePercent, 0
0.933, BrakePercent, 4
0.933, FrontBrakePressure, 3
0.933, SteeringAngle, -102
0.933, BrakeWhileThrottle, 0
0.943, IVT_MsgID_RX, 5
0.943, IVT_MsgCount, 6
0.943, IVT_Result_state, 0
0.943, IVT_W, 0
0.943, IVT_MsgID_RX, 0
0.943, IVT_MsgCount, 6
0.943, IVT_Result_state, 0
0.943, IVT_I, -0.001
0.943, RearBrakePressure, 3
0.943, BrakeTempFront, -31.539999999999992
0.943, BrakeTempFrontAccuracy, 1
0.943, VCU_wheelSpeed_RL, 0.0
0.943, VCU_wheelSpeed_RR, 0.0
0.943, RLSpeedKPH, 0.0
0.943, RRSpeedKPH, 0.0
0.943, FLSpeedKPH, 0.0
0.943, FRSpeedKPH, 0.0
0.943, BMU_checkFailed, BSPD_FAILED
0.943, BMU_InterlockInitialized, 0
0.943, VoltageCellMuxSelect, 18
0.943, VoltageCell55, 3.754
0.943, VoltageCell56, 3.7547
0.943, VoltageCell57, 3.7288
0.946, TCTorqueMax, 34.392
0.946, TCLeftSlip, -0.999
0.946, TCRightSlip, -0.999
0.946, TCTorqueAdjustment, 0.0
0.946, ThrottlePercent, 0
0.946, BrakePercent, 4
0.946, FrontBrakePressure, 3
0.946, SteeringAngle, -102
0.946, BrakeWhileThrottle, 0
0.946, AdjustedVoltageCellMuxSelect, 18
0.946, AdjustedVoltageCell55, 3.7538
0.946, AdjustedVoltageCell56, 3.7546000000000004
0.946, AdjustedVoltageCell57, 3.7275
0.946, TempChannelMuxSelect, 18
0.946, TempChannel55, 20.960000000000008
0.946, TempChannel56, 20.799999999999997
0.946, TempChannel57, 20.960000000000008
0.946, ThrottlePercent, 0
0.946, BrakePercent, 3
0.946, FrontBrakePressure, 3
0.946, SteeringAngle, -102
0.946, BrakeWhileThrottle, 0
0.946, IVT_MsgID_RX, 1
0.946, IVT_MsgCount, 13
0.946, IVT_Result_state, 0
0.946, IVT_U1, -0.012
0.946, IVT_MsgID_RX, 2
0.946, IVT_MsgCount, 13
0.946, IVT_Result_state, 0
0.946, IVT_U2, 0.02
0.946, IVT_MsgID_RX, 3
0.946, IVT_MsgCount, 13
0.946, IVT_Result_state, 0
0.946, IVT_U3, 0.037
0.946, IVT_MsgID_RX, 5
0.946, IVT_MsgCount, 7
0.946, IVT_Result_state, 0
0.946, IVT_W, 0
0.946, IVT_MsgID_RX, 0
0.946, IVT_MsgCount, 7
0.946, IVT_Result_state, 0
0.946, IVT_I, 0.0
0.946, IVT_MsgID_RX, 7
0.946, IVT_MsgCount, 10
0.946, IVT_Result_state, 0
0.946, IVT_Wh, 0
0.946, ThrottlePercent, 0
0.946, BrakePercent, 4
0.946, FrontBrakePressure, 3
0.946, SteeringAngle, -102
0.946, BrakeWhileThrottle, 0
0.946, VoltageBusHV, 0.0
0.946, VoltageCellMax, 3.9450000000000003
0.946, VoltageCellMin, 3.6950000000000003
0.946, CurrentBusHV, 0.0
0.947, AMS_PackVoltage, 524.35
0.947, IVT_MsgID_RX, 5
0.947, IVT_MsgCount, 8
0.947, IVT_Result_state, 0
0.947, IVT_W, 0
0.95, VCU_wheelSpeed_RL, 0.0
0.95, VCU_wheelSpeed_RR, 0.0
0.95, ThrottlePercent, 0
0.95, BrakePercent, 4
0.95, FrontBrakePressure, 3
0.95, SteeringAngle, -102
0.95, BrakeWhileThrottle, 0
0.95, IVT_MsgID_RX, 0
0.95, IVT_MsgCount, 8
0.95, IVT_Result_state, 0
0.95, IVT_I, 0.0
0.95, RLSpeedKPH, 0.0
0.95, RRSpeedKPH, 0.0
0.95, FLSpeedKPH, 0.0
0.95, FRSpeedKPH, 0.0
0.95, TCTorqueMax, 34.392
0.95, TCLeftSlip, -0.999
0.95, TCRightSlip, -0.999
0.95, TCTorqueAdjustment, 0.0
0.95, ThrottlePercent, 0
0.95, BrakePercent, 4
0.95, FrontBrakePressure, 3
0.95, SteeringAngle, -102
0.95, BrakeWhileThrottle, 0
0.993, IVT_MsgID_RX, 7
0.993, IVT_MsgCount, 11
0.993, IVT_Result_state, 0
0.993, IVT_Wh, 0
0.993, PDU_Heartbeat_dummydata, 0
0.993, VoltageCellMuxSelect, 19
0.993, VoltageCell58, 3.938
0.993, VoltageCell59, 3.9026
0.993, VoltageCell60, 3.9095
0.993, IVT_MsgID_RX, 5
0.993, IVT_MsgCount, 9
0.993, IVT_Result_state, 0
0.993, IVT_W, 0
0.993, CarStateIsLV, -1
0.993, CarStateIsEM, 0
0.993, CarStateIsHV, 0
0.993, ThrottlePercent, 0
0.993, BrakePercent, 4
0.993, FrontBrakePressure, 3
0.993, SteeringAngle, -102
0.993, BrakeWhileThrottle, 0
0.993, IVT_MsgID_RX, 0
0.993, IVT_MsgCount, 9
0.993, IVT_Result_state, 0
0.993, IVT_I, -0.001
0.993, AdjustedVoltageCellMuxSelect, 19
0.993, AdjustedVoltageCell58, 3.9392
0.993, AdjustedVoltageCell59, 3.9025000000000003
0.993, AdjustedVoltageCell60, 3.9094
0.996, TempChannelMuxSelect, 19
0.996, TempChannel58, 20.86
0.996, TempChannel59, 20.960000000000008
0.996, TempChannel60, 20.760000000000005
0.996, ThrottlePercent, 0
0.996, BrakePercent, 5
0.996, FrontBrakePressure, 3
0.996, SteeringAngle, -102
0.996, BrakeWhileThrottle, 0
0.996, ChannelCurrentRadiator, 0.187
0.996, ChannelCurrentAccFan, 0.214
0.996, ChannelCurrentPump1, 0.0
0.996, ChannelCurrentPump2, 0.214
0.996, ChannelCurrentAUX1, 0.0
0.996, ChannelCurrentAUX2, 0.214
0.996, ChannelCurrentAUX3, 0.0
0.996, ChannelCurrentAUX4, 0.214
0.996, ChannelCurrentBMU, 0.496
0.996, ChannelCurrentCDU, 0.322
0.996, ChannelCurrentTCU, 0.362
0.996, ChannelCurrentWSB, 0.872
0.997, ChannelCurrentBrakeLight, 0.0
0.997, ChannelCurrentInverter, 0.0
0.997, VCU_wheelSpeed_RL, 0.0
0.997, VCU_wheelSpeed_RR, 0.0
0.997, RLSpeedKPH, 0.0
0.997, RRSpeedKPH, 0.0
0.997, FLSpeedKPH, 0.0
0.997, FRSpeedKPH, 0.0
0.997, TCTorqueMax, 34.392
0.997, TCLeftSlip, -0.999
0.997, TCRightSlip, -0.999
0.997, TCTorqueAdjustment, 0.0
0.997, IVT_MsgID_RX, 1
0.997, IVT_MsgCount, 14
0.997, IVT_Result_state, 0
0.997, IVT_U1, -0.008
0.997, IVT_MsgID_RX, 2
0.997, IVT_MsgCount, 14
0.997, IVT_Result_state, 0
0.997, IVT_U2, 0.01
0.997, IVT_MsgID_RX, 3
0.997, IVT_MsgCount, 14
0.997, IVT_Result_state, 0
0.997, IVT_U3, 0.027
0.997, ThrottlePercent, 0
0.997, BrakePercent, 4
0.997, FrontBrakePressure, 3
0.997, SteeringAngle, -102
0.997, BrakeWhileThrottle, 0
0.997, IVT_MsgID_RX, 5
0.997, IVT_MsgCount, 10
0.997, IVT_Result_state, 0
0.997, IVT_W, 0
1.0, IVT_MsgID_RX, 0
1.0, IVT_MsgCount, 10
1.0, IVT_Result_state, 0
1.0, IVT_I, -0.001
1.0, IVT_MsgID_RX, 7
1.0, IVT_MsgCount, 12
1.0, IVT_Result_state, 0
1.0, IVT_Wh, 0
1.0, ThrottlePercent, 0
1.0, BrakePercent, 4
1.0, FrontBrakePressure, 3
1.0, SteeringAngle, -102
1.0, BrakeWhileThrottle, 0
1.0, IVT_MsgID_RX, 5
1.0, IVT_MsgCount, 11
1.0, IVT_Result_state, 0
1.0, IVT_W, 0
1.0, ThrottlePercent, 0
1.0, BrakePercent, 4
1.0, FrontBrakePressure, 3
1.0, SteeringAngle, -102
1.0, BrakeWhileThrottle, 0
1.043, IVT_MsgID_RX, 0
1.043, IVT_MsgCount, 11
1.043, IVT_Result_state, 0
1.043, IVT_I, 0.0
1.043, RearBrakePressure, 3
1.043, BrakeTempFront, -31.450000000000017
1.043, BrakeTempFrontAccuracy, 1
1.043, StateBatteryChargeHV, 90.80000000000001
1.043, StateBatteryHealthHV, 0.0
1.043, StateBatteryPowerHV, 331.90000000000003
1.043, TempCellMax, 156.0
1.043, TempCellMin, 55.0
1.043, StateBMS, Wait_System_Up
1.043, HighestTempThermistor, 0
1.043, BMU_Heartbeat_dummydata, 0
1.043, FanPeriod, -112
1.043, BMU_checkFailed, BSPD_FAILED
1.043, BMU_InterlockInitialized, 0
1.043, BrakePressureBMU, 2.0
1.043, VoltageCellMuxSelect, 20
1.043, VoltageCell61, 3.6957
1.043, VoltageCell62, 3.6995
1.043, VoltageCell63, 3.6997
1.043, VCU_wheelSpeed_RL, 0.0
1.043, VCU_wheelSpeed_RR, 0.0
1.046, ThrottlePercent, 0
1.046, BrakePercent, 4
1.046, FrontBrakePressure, 3
1.046, SteeringAngle, -102
1.046, BrakeWhileThrottle, 0
1.046, AdjustedVoltageCellMuxSelect, 20
1.046, AdjustedVoltageCell61, 3.6950000000000003
1.046, AdjustedVoltageCell62, 3.6994000000000002
1.046, AdjustedVoltageCell63, 3.6996
1.046, RLSpeedKPH, 0.0
1.046, RRSpeedKPH, 0.0
1.046, FLSpeedKPH, 0.0
1.046, FRSpeedKPH, 0.0
1.046, TempChannelMuxSelect, 20
1.046, TempChannel61, 24.519999999999996
1.046, TempChannel62, 20.799999999999997
1.046, TempChannel63, 0.0
1.046, TCTorqueMax, 34.392
1.046, TCLeftSlip, -0.999
1.046, TCRightSlip, -0.999
1.046, TCTorqueAdjustment, 0.0
1.046, IVT_MsgID_RX, 7
1.046, IVT_MsgCount, 13
1.046, IVT_Result_state, 0
1.046, IVT_Wh, 0
1.046, IVT_MsgID_RX, 5
1.046, IVT_MsgCount, 12
1.046, IVT_Result_state, 0
1.046, IVT_W, 0
1.046, ThrottlePercent, 0
1.046, BrakePercent, 4
1.046, FrontBrakePressure, 3
1.046, SteeringAngle, -102
1.046, BrakeWhileThrottle, 0
1.046, IVT_MsgID_RX, 0
1.046, IVT_MsgCount, 12
1.046, IVT_Result_state, 0
1.046, IVT_I, 0.002
1.046, VCU_Heartbeat_dummydata, 0
1.047, ThrottlePercent, 0
1.047, BrakePercent, 4
1.047, FrontBrakePressure, 3
1.047, SteeringAngle, -102
1.047, BrakeWhileThrottle, 0
1.047, VoltageBusHV, 0.0
1.047, VoltageCellMax, 3.9447
1.047, VoltageCellMin, 3.6950000000000003
1.047, CurrentBusHV, 0.0
1.047, IVT_MsgID_RX, 1
1.047, IVT_MsgCount, 15
1.047, IVT_Result_state, 0
1.047, IVT_U1, -0.012
1.047, IVT_MsgID_RX, 2
1.047, IVT_MsgCount, 15
1.047, IVT_Result_state, 0
1.047, IVT_U2, 0.037
1.047, IVT_MsgID_RX, 3
1.047, IVT_MsgCount, 15
1.047, IVT_Result_state, 0
1.047, IVT_U3, 0.045
1.05, IVT_MsgID_RX, 5
1.05, IVT_MsgCount, 13
1.05, IVT_Result_state, 0
1.05, IVT_W, 0
1.05, AMS_PackVoltage, 524.35
1.05, ThrottlePercent, 0
1.05, BrakePercent, 4
1.05, FrontBrakePressure, 3
1.05, SteeringAngle, -102
1.05, BrakeWhileThrottle, 0
1.05, IVT_MsgID_RX, 0
1.05, IVT_MsgCount, 13
1.05, IVT_Result_state, 0
1.05, IVT_I, -0.001
1.05, IVT_MsgID_RX, 7
1.05, IVT_MsgCount, 14
1.05, IVT_Result_state, 0
1.05, IVT_Wh, 0
1.05, VCU_wheelSpeed_RL, 0.0
1.05, VCU_wheelSpeed_RR, 0.0
1.05, RLSpeedKPH, 0.0
1.05, RRSpeedKPH, 0.0
1.05, FLSpeedKPH, 0.0
1.05, FRSpeedKPH, 0.0
1.05, TCTorqueMax, 34.392
1.05, TCLeftSlip, -0.999
1.05, TCRightSlip, -0.999
1.05, TCTorqueAdjustment, 0.0
1.05, ThrottlePercent, 0
1.05, BrakePercent, 4
1.05, FrontBrakePressure, 3
1.05, SteeringAngle, -102
1.05, BrakeWhileThrottle, 0
1.093, VoltageBusLV, 11.711
1.093, CurrentBusLV, 0.0
1.093, PowerBusLV, 0
1.093, IVT_MsgID_RX, 5
1.093, IVT_MsgCount, 14
1.093, IVT_Result_state, 0
1.093, IVT_W, 0
1.093, VoltageCellMuxSelect, 21
1.093, VoltageCell64, 3.6996
1.093, VoltageCell65, 3.6995
1.093, VoltageCell66, 3.6999
1.093, IVT_MsgID_RX, 0
1.093, IVT_MsgCount, 14
1.093, IVT_Result_state, 0
1.093, IVT_I, -0.002
1.093, ThrottlePercent, 0
1.093, BrakePercent, 4
1.093, FrontBrakePressure, 3
1.093, SteeringAngle, -102
1.093, BrakeWhileThrottle, 0
1.096, AdjustedVoltageCellMuxSelect, 21
1.096, AdjustedVoltageCell64, 3.6996
1.096, AdjustedVoltageCell65, 3.6994000000000002
1.096, AdjustedVoltageCell66, 3.6998
1.096, TempChannelMuxSelect, 21
1.096, TempChannel64, 0.0
1.096, TempChannel65, 0.0
1.096, TempChannel66, 0.0
1.096, ThrottlePercent, 0
1.096, BrakePercent, 4
1.096, FrontBrakePressure, 3
1.096, SteeringAngle, -102
1.096, BrakeWhileThrottle, 0
1.096, ChannelCurrentRadiator, 0.214
1.096, ChannelCurrentAccFan, 0.187
1.096, ChannelCurrentPump1, 0.0
1.096, ChannelCurrentPump2, 0.214
1.096, ChannelCurrentAUX1, 0.0
1.096, ChannelCurrentAUX2, 0.201
1.096, ChannelCurrentAUX3, 0.0
1.096, ChannelCurrentAUX4, 0.187
1.096, ChannelCurrentBMU, 0.51
1.096, ChannelCurrentCDU, 0.362
1.096, ChannelCurrentTCU, 0.34900000000000003
1.096, ChannelCurrentWSB, 0.671
1.096, ChannelCurrentBrakeLight, 0.0
1.096, ChannelCurrentInverter, 0.0
1.096, IVT_MsgID_RX, 7
1.096, IVT_MsgCount, 15
1.096, IVT_Result_state, 0
1.096, IVT_Wh, 0
1.096, IVT_MsgID_RX, 5
1.096, IVT_MsgCount, 15
1.096, IVT_Result_state, 0
1.096, IVT_W, 0
1.096, IVT_MsgID_RX, 0
1.096, IVT_MsgCount, 15
1.096, IVT_Result_state, 0
1.096, IVT_I, -0.001
1.096, VCU_wheelSpeed_RL, 0.0
1.096, VCU_wheelSpeed_RR, 0.0
1.096, ThrottlePercent, 0
1.096, BrakePercent, 4
1.096, FrontBrakePressure, 3
1.096, SteeringAngle, -102
1.096, BrakeWhileThrottle, 0
1.096, RLSpeedKPH, 0.0
1.096, RRSpeedKPH, 0.0
1.096, FLSpeedKPH, 0.0
1.096, FRSpeedKPH, 0.0
1.096, TCTorqueMax, 34.392
1.096, TCLeftSlip, -0.999
1.096, TCRightSlip, -0.999
1.096, TCTorqueAdjustment, 0.0
1.096, ThrottlePercent, 0
1.096, BrakePercent, 4
1.096, FrontBrakePressure, 3
1.096, SteeringAngle, -102
1.096, BrakeWhileThrottle, 0
1.1, IVT_MsgID_RX, 1
1.1, IVT_MsgCount, 0
1.1, IVT_Result_state, 0
1.1, IVT_U1, -0.004
1.1, IVT_MsgID_RX, 2
1.1, IVT_MsgCount, 0
1.1, IVT_Result_state, 0
1.1, IVT_U2, 0.012
1.1, IVT_MsgID_RX, 3
1.1, IVT_MsgCount, 0
1.1, IVT_Result_state, 0
1.1, IVT_U3, 0.07
1.1, IVT_MsgID_RX, 5
1.1, IVT_MsgCount, 0
1.1, IVT_Result_state, 0
1.1, IVT_W, 0
1.1, IVT_MsgID_RX, 0
1.1, IVT_MsgCount, 0
1.1, IVT_Result_state, 0
1.1, IVT_I, -0.001
1.1, ThrottlePercent, 0
1.1, BrakePercent, 4
1.1, FrontBrakePressure, 3
1.1, SteeringAngle, -102
1.1, BrakeWhileThrottle, 0
1.143, RearBrakePressure, 3
1.143, BrakeTempFront, -31.539999999999992
1.143, BrakeTempFrontAccuracy, 1
1.143, IVT_MsgID_RX, 7
1.143, IVT_MsgCount, 0
1.143, IVT_Result_state, 0
1.143, IVT_Wh, 0
1.143, ThrottlePercent, 0
1.143, BrakePercent, 3
1.143, FrontBrakePressure, 3
1.143, SteeringAngle, -102
1.143, BrakeWhileThrottle, 0
1.143, VCU_wheelSpeed_RL, 0.0
1.143, VCU_wheelSpeed_RR, 0.0
1.143, IVT_MsgID_RX, 5
1.143, IVT_MsgCount, 1
1.143, IVT_Result_state, 0
1.143, IVT_W, 0
1.143, RLSpeedKPH, 0.0
1.143, RRSpeedKPH, 0.0
1.143, FLSpeedKPH, 0.0
1.143, FRSpeedKPH, 0.0
1.143, StateBatteryChargeHV, 90.80000000000001
1.143, StateBatteryHealthHV, 0.0
1.143, StateBatteryPowerHV, 331.90000000000003
1.143, TempCellMax, 156.0
1.143, TempCellMin, 55.0
1.143, StateBMS, Wait_System_Up
1.143, HighestTempThermistor, 0
1.146, BMU_checkFailed, BSPD_FAILED
1.146, BMU_InterlockInitialized, 0
1.146, TCTorqueMax, 34.392
1.146, TCLeftSlip, -0.999
1.146, TCRightSlip, -0.999
1.146, TCTorqueAdjustment, 0.0
1.146, IVT_MsgID_RX, 0
1.146, IVT_MsgCount, 1
1.146, IVT_Result_state, 0
1.146, IVT_I, -0.007
1.146, ThrottlePercent, 0
1.146, BrakePercent, 3
1.146, FrontBrakePressure, 3
1.146, SteeringAngle, -102
1.146, BrakeWhileThrottle, 0
1.146, AdjustedVoltageCellMuxSelect, 22
1.146, AdjustedVoltageCell67, 3.6977
1.146, AdjustedVoltageCell68, 3.8247
1.146, AdjustedVoltageCell69, 3.8134
1.146, TempChannelMuxSelect, 22
1.146, TempChannel67, 0.0
1.146, TempChannel68, 0.0
1.146, TempChannel69, 20.960000000000008
1.146, ThrottlePercent, 0
1.146, BrakePercent, 3
1.146, FrontBrakePressure, 3
1.146, SteeringAngle, -102
1.146, BrakeWhileThrottle, 0
1.146, IVT_MsgID_RX, 7
1.146, IVT_MsgCount, 1
1.146, IVT_Result_state, 0
1.146, IVT_Wh, 0
1.146, IVT_MsgID_RX, 5
1.146, IVT_MsgCount, 2
1.146, IVT_Result_state, 0
1.146, IVT_W, 0
1.146, IVT_MsgID_RX, 0
1.146, IVT_MsgCount, 2
1.146, IVT_Result_state, 0
1.146, IVT_I, 0.002
1.146, ThrottlePercent, 0
1.146, BrakePercent, 4
1.146, FrontBrakePressure, 3
1.146, SteeringAngle, -102
1.146, BrakeWhileThrottle, 0
1.147, VoltageBusHV, 0.0
1.147, VoltageCellMax, 3.9450000000000003
1.147, VoltageCellMin, 3.6950000000000003
1.147, CurrentBusHV, 0.0
1.147, AMS_PackVoltage, 524.35
1.147, VCU_wheelSpeed_RL, 0.0
1.147, VCU_wheelSpeed_RR, 0.0
1.147, ThrottlePercent, 0
1.147, BrakePercent, 3
1.147, FrontBrakePressure, 3
1.147, SteeringAngle, -102
1.147, BrakeWhileThrottle, 0
1.193, RLSpeedKPH, 0.0
1.193, RRSpeedKPH, 0.0
1.193, FLSpeedKPH, 0.0
1.193, FRSpeedKPH, 0.0
1.193, TCTorqueMax, 34.392
1.193, TCLeftSlip, -0.999
1.193, TCRightSlip, -0.999
1.193, TCTorqueAdjustment, 0.0
1.193, IVT_MsgID_RX, 1
1.193, IVT_MsgCount, 1
1.193, IVT_Result_state, 0
1.193, IVT_U1, -0.027
1.193, IVT_MsgID_RX, 2
1.193, IVT_MsgCount, 1
1.193, IVT_Result_state, 0
1.193, IVT_U2, -0.01
1.193, IVT_MsgID_RX, 3
1.193, IVT_MsgCount, 1
1.193, IVT_Result_state, 0
1.193, IVT_U3, 0.018000000000000002
1.193, IVT_MsgID_RX, 5
1.193, IVT_MsgCount, 3
1.193, IVT_Result_state, 0
1.193, IVT_W, 0
1.193, IVT_MsgID_RX, 0
1.193, IVT_MsgCount, 3
1.193, IVT_Result_state, 0
1.193, IVT_I, -0.003
1.193, VoltageCellMuxSelect, 23
1.193, VoltageCell70, 3.8143000000000002
1.193, VoltageCell71, 3.6980000000000004
1.193, VoltageCell72, 3.6990000000000003
1.193, ThrottlePercent, 0
1.193, BrakePercent, 4
1.193, FrontBrakePressure, 3
1.193, SteeringAngle, -102
1.193, BrakeWhileThrottle, 0
1.193, AdjustedVoltageCellMuxSelect, 23
1.193, AdjustedVoltageCell70, 3.8142
1.193, AdjustedVoltageCell71, 3.6974
1.193, AdjustedVoltageCell72, 3.6989
1.193, IVT_MsgID_RX, 7
1.193, IVT_MsgCount, 2
1.193, IVT_Result_state, 0
1.193, IVT_Wh, 0
1.193, TempChannelMuxSelect, 23
1.193, TempChannel70, 20.980000000000004
1.193, TempChannel71, 21.060000000000002
1.193, TempChannel72, 20.85000000000001
1.193, ThrottlePercent, 0
1.193, BrakePercent, 4
1.193, FrontBrakePressure, 3
1.193, SteeringAngle, -102
1.193, BrakeWhileThrottle, 0
1.193, ChannelCurrentRadiator, 0.241
1.193, ChannelCurrentAccFan, 0.214
1.193, ChannelCurrentPump1, 0.0
1.193, ChannelCurrentPump2, 0.214
1.193, ChannelCurrentAUX1, 0.0
1.193, ChannelCurrentAUX2, 0.214
1.193, ChannelCurrentAUX3, 0.0
1.193, ChannelCurrentAUX4, 0.201
1.196, ChannelCurrentBMU, 0.483
1.196, ChannelCurrentCDU, 0.362
1.196, ChannelCurrentTCU, 0.322
1.196, ChannelCurrentWSB, 0.6980000000000001
1.196, ChannelCurrentBrakeLight, 0.0
1.196, ChannelCurrentInverter, 0.0
1.196, IVT_MsgID_RX, 5
1.196, IVT_MsgCount, 4
1.196, IVT_Result_state, 0
1.196, IVT_W, 0
1.196, IVT_MsgID_RX, 0
1.196, IVT_MsgCount, 4
1.196, IVT_Result_state, 0
1.196, IVT_I, 0.0
1.197, ThrottlePercent, 0
1.197, BrakePercent, 3
1.197, FrontBrakePressure, 3
1.197, SteeringAngle, -102
1.197, BrakeWhileThrottle, 0
1.197, VCU_wheelSpeed_RL, 0.0
1.197, VCU_wheelSpeed_RR, 0.0
1.197, RLSpeedKPH, 0.0
1.197, RRSpeedKPH, 0.0
1.197, FLSpeedKPH, 0.0
1.197, FRSpeedKPH, 0.0
1.197, TCTorqueMax, 34.392
1.197, TCLeftSlip, -0.999
1.197, TCRightSlip, -0.999
1.197, TCTorqueAdjustment, 0.0
1.197, ThrottlePercent, 0
1.197, BrakePercent, 3
1.197, FrontBrakePressure, 3
1.197, SteeringAngle, -102
1.197, BrakeWhileThrottle, 0
1.197, IVT_MsgID_RX, 7
1.197, IVT_MsgCount, 3
1.197, IVT_Result_state, 0
1.197, IVT_Wh, 0
1.197, IVT_MsgID_RX, 5
1.197, IVT_MsgCount, 5
1.197, IVT_Result_state, 0
1.197, IVT_W, 0
1.197, IVT_MsgID_RX, 0
1.197, IVT_MsgCount, 5
1.197, IVT_Result_state, 0
1.197, IVT_I, 0.001
1.197, ThrottlePercent, 0
1.197, BrakePercent, 3
1.197, FrontBrakePressure, 3
1.197, SteeringAngle, -102
1.197, BrakeWhileThrottle, 0
1.243, RearBrakePressure, 3
1.246, BrakeTempFront, -31.539999999999992
1.246, BrakeTempFrontAccuracy, 1
1.246, ThrottlePercent, 0
1.246, BrakePercent, 4
1.246, FrontBrakePressure, 3
1.246, SteeringAngle, -102
1.246, BrakeWhileThrottle, 0
1.246, RRSpeedKPH, 0.0
1.246, RRSpeedRPM, 0
1.246, RLSpeedKPH, 0.0
1.246, RLSpeedRPM, 0.0
1.246, IVT_MsgID_RX, 1
1.246, IVT_MsgCount, 2
1.246, IVT_Result_state, 0
1.246, IVT_U1, 0.02
1.246, IVT_MsgID_RX, 2
1.246, IVT_MsgCount, 2
1.246, IVT_Result_state, 0
1.246, IVT_U2, 0.004
1.246, IVT_MsgID_RX, 3
1.246, IVT_MsgCount, 2
1.246, IVT_Result_state, 0
1.246, IVT_U3, 0.014
1.246, IVT_MsgID_RX, 5
1.246, IVT_MsgCount, 6
1.246, IVT_Result_state, 0
1.246, IVT_W, 0
1.246, IVT_MsgID_RX, 0
1.246, IVT_MsgCount, 6
1.246, IVT_Result_state, 0
1.246, IVT_I, 0.0
1.246, VCU_wheelSpeed_RL, 0.0
1.246, VCU_wheelSpeed_RR, 0.0
1.246, ThrottlePercent, 0
1.246, BrakePercent, 4
1.246, FrontBrakePressure, 3
1.246, SteeringAngle, -102
1.246, BrakeWhileThrottle, 0
1.246, IVT_MsgID_RX, 7
1.246, IVT_MsgCount, 4
1.246, IVT_Result_state, 0
1.246, IVT_Wh, 0
1.246, RLSpeedKPH, 0.0
1.246, RRSpeedKPH, 0.0
1.246, FLSpeedKPH, 0.0
1.246, FRSpeedKPH, 0.0
1.246, TCTorqueMax, 34.392
1.246, TCLeftSlip, -0.999
1.246, TCRightSlip, -0.999
1.246, TCTorqueAdjustment, 0.0
1.246, ThrottlePercent, 0
1.246, BrakePercent, 3
1.246, FrontBrakePressure, 3
1.246, SteeringAngle, -102
1.246, BrakeWhileThrottle, 0
1.25, StateBatteryChargeHV, 90.80000000000001
1.25, StateBatteryHealthHV, 0.0
1.25, StateBatteryPowerHV, 331.90000000000003
1.25, TempCellMax, 156.0
1.25, TempCellMin, 55.0
1.25, StateBMS, Wait_System_Up
1.25, HighestTempThermistor, 0
1.25, BMU_checkFailed, BSPD_FAILED
1.25, BMU_InterlockInitialized, 0
1.25, VoltageCellMuxSelect, 24
1.25, VoltageCell73, 3.6987
1.25, VoltageCell74, 3.6987
1.25, VoltageCell75, 3.6986000000000003
1.25, AdjustedVoltageCellMuxSelect, 24
1.25, AdjustedVoltageCell73, 3.6986000000000003
1.25, AdjustedVoltageCell74, 3.6987
1.25, AdjustedVoltageCell75, 3.6985
1.25, IVT_MsgID_RX, 5
1.25, IVT_MsgCount, 7
1.25, IVT_Result_state, 0
1.25, IVT_W, 0
1.25, TempChannelMuxSelect, 24
1.25, TempChannel73, 20.810000000000002
1.25, TempChannel74, 20.870000000000005
1.25, TempChannel75, 20.980000000000004
1.25, IVT_MsgID_RX, 0
1.25, IVT_MsgCount, 7
1.25, IVT_Result_state, 0
1.25, IVT_I, 0.0
1.25, ThrottlePercent, 0
1.25, BrakePercent, 4
1.25, FrontBrakePressure, 3
1.25, SteeringAngle, -102
1.25, BrakeWhileThrottle, 0
1.25, VoltageBusHV, 0.02
1.25, VoltageCellMax, 3.9450000000000003
1.25, VoltageCellMin, 3.6950000000000003
1.25, CurrentBusHV, 0.0
1.25, AMS_PackVoltage, 524.35
1.25, ThrottlePercent, 0
1.25, BrakePercent, 4
1.25, FrontBrakePressure, 3
1.25, SteeringAngle, -102
1.25, BrakeWhileThrottle, 0
1.293, IVT_MsgID_RX, 7
1.293, IVT_MsgCount, 5
1.293, IVT_Result_state, 0
1.293, IVT_Wh, 0
1.293, IVT_MsgID_RX, 5
1.293, IVT_MsgCount, 8
1.293, IVT_Result_state, 0
1.293, IVT_W, 0
1.293, VCU_wheelSpeed_RL, 0.0
1.293, VCU_wheelSpeed_RR, 0.0
1.293, IVT_MsgID_RX, 0
1.293, IVT_MsgCount, 8
1.293, IVT_Result_state, 0
1.293, IVT_I, 0.0
1.331, RLSpeedKPH, 0.0
1.331, RRSpeedKPH, 0.0
1.331, FLSpeedKPH, 0.0
1.331, FRSpeedKPH, 0.0
1.331, TCTorqueMax, 34.392
1.331, TCLeftSlip, -0.999
1.331, TCRightSlip, -0.999
1.331, TCTorqueAdjustment, 0.0
1.331, ThrottlePercent, 0
1.331, BrakePercent, 3
1.331, FrontBrakePressure, 3
1.331, SteeringAngle, -102
1.331, BrakeWhileThrottle, 0
1.331, VoltageCellMuxSelect, 25
1.331, VoltageCell76, 3.6988000000000003
1.331, VoltageCell77, 3.6968
1.331, VoltageCell78, 3.822
1.331, AdjustedVoltageCellMuxSelect, 25
1.331, AdjustedVoltageCell76, 3.6987
1.331, AdjustedVoltageCell77, 3.6965000000000003
1.331, AdjustedVoltageCell78, 3.8222
1.331, TempChannelMuxSelect, 25
1.331, TempChannel76, 20.840000000000003
1.331, TempChannel77, 20.820000000000007
1.331, TempChannel78, 0.0
1.331, ThrottlePercent, 0
1.331, BrakePercent, 4
1.331, FrontBrakePressure, 3
1.331, SteeringAngle, -102
1.331, BrakeWhileThrottle, 0
1.331, ChannelCurrentRadiator, 0.241
1.331, ChannelCurrentAccFan, 0.17400000000000002
1.331, ChannelCurrentPump1, 0.0
1.331, ChannelCurrentPump2, 0.214
1.331, ChannelCurrentAUX1, 0.0
1.331, ChannelCurrentAUX2, 0.17400000000000002
1.331, ChannelCurrentAUX3, 0.0
1.331, ChannelCurrentAUX4, 0.17400000000000002
1.331, ChannelCurrentBMU, 0.51
1.331, ChannelCurrentCDU, 0.375
1.331, ChannelCurrentTCU, 0.34900000000000003
1.331, ChannelCurrentWSB, 0.617
1.331, ChannelCurrentBrakeLight, 0.0
1.331, ChannelCurrentInverter, 0.0
1.331, IVT_MsgID_RX, 1
1.331, IVT_MsgCount, 3
1.331, IVT_Result_state, 0
1.331, IVT_U1, -0.033
1.331, IVT_MsgID_RX, 2
1.331, IVT_MsgCount, 3
1.331, IVT_Result_state, 0
1.331, IVT_U2, -0.027
1.331, IVT_MsgID_RX, 3
1.331, IVT_MsgCount, 3
1.331, IVT_Result_state, 0
1.331, IVT_U3, 0.016
1.334, IVT_MsgID_RX, 5
1.334, IVT_MsgCount, 9
1.334, IVT_Result_state, 0
1.334, IVT_W, 0
1.335, IVT_MsgID_RX, 0
1.335, IVT_MsgCount, 9
1.335, IVT_Result_state, 0
1.335, IVT_I, 0.005
1.335, ThrottlePercent, 0
1.335, BrakePercent, 4
1.335, FrontBrakePressure, 3
1.335, SteeringAngle, -102
1.335, BrakeWhileThrottle, 0
1.335, IVT_MsgID_RX, 7
1.335, IVT_MsgCount, 6
1.335, IVT_Result_state, 0
1.335, IVT_Wh, 0
1.335, VCU_wheelSpeed_RL, 0.0
1.335, VCU_wheelSpeed_RR, 0.0
1.335, ThrottlePercent, 0
1.335, BrakePercent, 4
1.335, FrontBrakePressure, 3
1.335, SteeringAngle, -102
1.335, BrakeWhileThrottle, 0
1.335, RLSpeedKPH, 0.0
1.335, RRSpeedKPH, 0.0
1.335, FLSpeedKPH, 0.0
1.335, FRSpeedKPH, 0.0
1.335, TCTorqueMax, 34.392
1.335, TCLeftSlip, -0.999
1.335, TCRightSlip, -0.999
1.335, TCTorqueAdjustment, 0.0
1.335, IVT_MsgID_RX, 5
1.335, IVT_MsgCount, 10
1.335, IVT_Result_state, 0
1.335, IVT_W, 0
1.335, IVT_MsgID_RX, 0
1.335, IVT_MsgCount, 10
1.335, IVT_Result_state, 0
1.335, IVT_I, -0.001
1.335, ThrottlePercent, 0
1.335, BrakePercent, 4
1.335, FrontBrakePressure, 3
1.335, SteeringAngle, -102
1.335, BrakeWhileThrottle, 0
