00000089, VCU_wheelSpeed_RL, 0.0
00000089, VCU_wheelSpeed_RR, 0.0
000000AC, RLSpeedKPH, 0.0
000000AC, RRSpeedKPH, 0.0
000000AC, FLSpeedKPH, 0.0
000000AC, FRSpeedKPH, 0.0
000000AC, TCTorqueMax, 3.392
000000AC, TCLeftSlip, -0.999
000000AC, TCRightSlip, -0.999
000000AC, TCTorqueAdjustment, 0.0
000000AC, TCTorqueMax, 1.215
000000AC, TCLeftSlip, 0.051000000000000004
000000AC, TCRightSlip, -36.402
000000AC, TCTorqueAdjustment, 1.9000000000000001
000000AC, VoltageCellMuxSelect, 3
000000AC, VoltageCell10, 3.5
000000AC, VoltageCell11, 3.5
000000AC, VoltageCell12, 3.5
000000AC, AdjustedVoltageCellMuxSelect, 3
000000AC, AdjustedVoltageCell10, 0.0
000000AC, AdjustedVoltageCell11, 0.0
000000AC, AdjustedVoltageCell12, 0.0
000000AC, TempChannelMuxSelect, 3
000000AC, TempChannel10, 0.0
000000AC, TempChannel11, 0.0
000000AC, TempChannel12, 0.0
000000AC, TempChannelMuxSelect, 0
000000AC, TempChannel01, 550.25
000000AC, TempChannel02, 555.35
000000AC, TempChannel03, -97.45
000000AD, VCU_wheelSpeed_RL, 0.0
000000AD, VCU_wheelSpeed_RR, 0.0
000000DE, RLSpeedKPH, 0.0
000000DE, RRSpeedKPH, 0.0
000000DE, FLSpeedKPH, 0.0
000000DE, FRSpeedKPH, 0.0
000000DE, VCU_wheelSpeed_RL, 0.0026300000000000004
000000DE, VCU_wheelSpeed_RR, 0.0
000000DE, TCTorqueMax, 3.392
000000DE, TCLeftSlip, -0.999
000000DE, TCRightSlip, -0.999
000000DE, TCTorqueAdjustment, 0.0
000000DE, TCTorqueMax, 0.512
000000DE, TCLeftSlip, -0.012
000000DE, TCRightSlip, -0.003
000000DE, TCTorqueAdjustment, 0.0
000000DE, VoltageCellMuxSelect, 4
000000DE, VoltageCell13, 3.7433
000000DE, VoltageCell14, 3.7433
000000DE, VoltageCell15, 3.7432000000000003
000000DE, AdjustedVoltageCellMuxSelect, 4
000000DE, AdjustedVoltageCell13, 0.0
000000DE, AdjustedVoltageCell14, 0.0
000000DE, AdjustedVoltageCell15, 0.0
000000E0, VoltageBusHV, 0.0
000000E0, VoltageCellMax, 0.0
000000E0, VoltageCellMin, 0.0
000000E0, CurrentBusHV, 0.0
000000E0, VoltageBusHV, 7.68
000000E0, VoltageCellMax, 6.5533
000000E0, VoltageCellMin, 6.5535000000000005
000000E0, CurrentBusHV, 0.0
000000E0, VoltageBusHV, 2.57
000000E0, VoltageCellMax, 6.551200000000001
000000E0, VoltageCellMin, 6.5535000000000005
000000E0, CurrentBusHV, 0.0
000000E0, VoltageBusHV, 2.58
000000E0, VoltageCellMax, 0.0051
000000E0, VoltageCellMin, 0.0
000000E0, CurrentBusHV, 0.0
000000E0, AMS_PackVoltage, 0.0
000000E1, AMS_PackVoltage, 2.59
000000E1, AMS_PackVoltage, 5.19
000000E1, VCU_wheelSpeed_RL, 0.0
000000E1, VCU_wheelSpeed_RR, 0.0
000000E1, TempChannelMuxSelect, 4
000000E1, TempChannel13, 0.0
000000E1, TempChannel14, 0.0
000000E1, TempChannel15, 0.0
000000E1, RLSpeedKPH, 0.0
000000E1, RRSpeedKPH, 0.0
000000E1, FLSpeedKPH, 0.0
000000E1, FRSpeedKPH, 0.0
000000E1, TCTorqueMax, 3.392
000000E1, TCLeftSlip, -0.999
000000E1, TCRightSlip, -0.999
000000E1, TCTorqueAdjustment, 0.0
00000110, TCTorqueMax, 1.024
00000110, TCLeftSlip, 0.0
00000110, TCRightSlip, 0.0
00000110, TCTorqueAdjustment, 0.0
00000110, TCTorqueMax, 0.775
00000110, TCLeftSlip, 0.0
00000110, TCRightSlip, 0.0
00000110, TCTorqueAdjustment, 0.0
00000110, StateBatteryChargeHV, 0.0
00000110, StateBatteryHealthHV, 0.0
00000110, StateBatteryPowerHV, 331.90000000000003
00000110, TempCellMax, 156.0
00000110, TempCellMin, 55.0
00000110, StateBMS, Wait_System_Up
00000110, HighestTempThermistor, 0
00000110, VCU_wheelSpeed_RL, 0.0
00000110, VCU_wheelSpeed_RR, 0.0
00000112, VCU_wheelSpeed_RL, 0.0128
00000112, VCU_wheelSpeed_RR, 0.0
00000112, RLSpeedKPH, 0.0
00000112, RRSpeedKPH, 0.0
00000112, FLSpeedKPH, 0.0
00000112, FRSpeedKPH, 0.0
00000112, TCTorqueMax, 3.392
00000112, TCLeftSlip, -0.999
00000112, TCRightSlip, -0.999
00000112, TCTorqueAdjustment, 0.0
00000112, VoltageCellMuxSelect, 5
00000112, VoltageCell16, 3.7430000000000003
00000112, VoltageCell17, 3.7427
00000112, VoltageCell18, 3.847
00000112, AdjustedVoltageCellMuxSelect, 5
00000112, AdjustedVoltageCell16, 3.7430000000000003
00000112, AdjustedVoltageCell17, 3.7427
00000112, AdjustedVoltageCell18, 3.847
00000112, TempChannelMuxSelect, 5
00000112, TempChannel16, 0.0
00000112, TempChannel17, 0.0
00000112, TempChannel18, 0.0
00000112, TempChannelMuxSelect, 0
00000112, TempChannel01, -97.38
00000112, TempChannel02, -100.0
00000112, TempChannel03, -100.0
00000113, TempChannelMuxSelect, 1
00000113, TempChannel04, 529.78
00000113, TempChannel05, 555.35
00000113, TempChannel06, -97.45
00000113, TempChannelMuxSelect, 2
00000113, TempChannel07, -48.78
00000113, TempChannel08, -100.0
00000113, TempChannel09, -100.0
00000113, TempChannelMuxSelect, 3
00000113, TempChannel10, 10.100000000000009
00000113, TempChannel11, -100.0
00000113, TempChannel12, -100.0
00000113, TempChannelMuxSelect, 7
00000113, TempChannel22, -99.96
00000113, TempChannel23, -100.0
00000113, TempChannel24, -100.0
00000142, VCU_wheelSpeed_RL, 0.0
00000142, VCU_wheelSpeed_RR, 0.0
00000142, RLSpeedKPH, 0.0
00000142, RRSpeedKPH, 0.0
00000142, FLSpeedKPH, 0.0
00000142, FRSpeedKPH, 0.0
00000142, TCTorqueMax, 3.392
00000142, TCLeftSlip, -0.999
00000142, TCRightSlip, -0.999
00000142, TCTorqueAdjustment, 0.0
00000143, TCTorqueMax, 1.792
00000143, TCLeftSlip, -0.009000000000000001
00000143, TCRightSlip, -0.003
00000143, TCTorqueAdjustment, 0.0
00000144, TCTorqueMax, 1.287
00000144, TCLeftSlip, 0.0
00000144, TCRightSlip, 0.0
00000144, TCTorqueAdjustment, 0.0
00000144, VoltageCellMuxSelect, 6
00000144, VoltageCell19, 3.8365
00000144, VoltageCell20, 3.8384
00000144, VoltageCell21, 3.7430000000000003
00000144, VoltageCellMuxSelect, 0
00000144, VoltageCell01, 0.1032
00000144, VoltageCell02, 0.0
00000144, VoltageCell03, 0.0
00000144, AdjustedVoltageCellMuxSelect, 6
00000144, AdjustedVoltageCell19, 3.8365
00000144, AdjustedVoltageCell20, 3.8384
00000144, AdjustedVoltageCell21, 3.7430000000000003
00000144, VoltageBusHV, 0.0
00000144, VoltageCellMax, 3.9582
00000144, VoltageCellMin, 3.7394000000000003
00000144, CurrentBusHV, 0.0
00000144, TempChannelMuxSelect, 6
00000144, TempChannel19, 0.0
00000144, TempChannel20, 0.0
00000144, TempChannel21, 0.0
00000144, AMS_PackVoltage, 529.8
00000145, VCU_wheelSpeed_RL, 0.0
00000145, VCU_wheelSpeed_RR, 0.0
00000145, RLSpeedKPH, 0.0
00000145, RRSpeedKPH, 0.0
00000145, FLSpeedKPH, 0.0
00000145, FRSpeedKPH, 0.0
00000145, TCTorqueMax, 3.392
00000145, TCLeftSlip, -0.999
00000145, TCRightSlip, -0.999
00000145, TCTorqueAdjustment, 0.0
00000174, TCTorqueMax, 2.3040000000000003
00000174, TCLeftSlip, 0.015
00000174, TCRightSlip, 0.0
00000174, TCTorqueAdjustment, 0.0
00000174, TCTorqueMax, 0.769
00000174, TCLeftSlip, -0.17400000000000002
00000174, TCRightSlip, -0.003
00000174, TCTorqueAdjustment, 0.0
00000174, TCTorqueMax, 0.77
00000174, TCLeftSlip, -0.006
00000174, TCRightSlip, -0.003
00000174, TCTorqueAdjustment, 0.0
00000174, TCTorqueMax, 0.771
00000174, TCLeftSlip, 0.17400000000000002
00000174, TCRightSlip, 0.0
00000174, TCTorqueAdjustment, 0.0
00000176, TCTorqueMax, 1.543
00000176, TCLeftSlip, 0.0
00000176, TCRightSlip, 0.0
00000176, TCTorqueAdjustment, 0.0
00000176, TCTorqueMax, 2.56
00000176, TCLeftSlip, -0.009000000000000001
00000176, TCRightSlip, -0.003
00000176, TCTorqueAdjustment, 0.0
00000176, VCU_wheelSpeed_RL, 0.0
00000176, VCU_wheelSpeed_RR, 0.0
00000176, RLSpeedKPH, 0.0
00000176, RRSpeedKPH, 0.0
00000176, FLSpeedKPH, 0.0
00000176, FRSpeedKPH, 0.0
00000176, TCTorqueMax, 3.392
00000176, TCLeftSlip, -0.999
00000176, TCRightSlip, -0.999
00000176, TCTorqueAdjustment, 0.0
00000176, TCTorqueMax, 1.799
00000176, TCLeftSlip, 0.0
00000176, TCRightSlip, 0.0
00000176, TCTorqueAdjustment, 0.0
00000176, StateBatteryChargeHV, 96.4
00000176, StateBatteryHealthHV, 0.0
00000176, StateBatteryPowerHV, 331.90000000000003
00000176, TempCellMax, 156.0
00000176, TempCellMin, 55.0
00000176, StateBMS, Wait_System_Up
00000176, HighestTempThermistor, 0
00000177, StateBatteryChargeHV, 76.80000000000001
00000177, StateBatteryHealthHV, 77.0
00000177, StateBatteryPowerHV, 409.5
00000177, TempCellMax, 89.75
00000177, TempCellMin, 105.75
00000177, StateBMS, Self_Check
00000177, HighestTempThermistor, 0
00000177, VoltageCellMuxSelect, 7
00000177, VoltageCell22, 3.7433
00000177, VoltageCell23, 3.7436000000000003
00000177, VoltageCell24, 3.7436000000000003
00000177, AdjustedVoltageCellMuxSelect, 7
00000177, AdjustedVoltageCell22, 3.7432000000000003
00000177, AdjustedVoltageCell23, 3.7435
00000177, AdjustedVoltageCell24, 3.7435
00000177, TempChannelMuxSelect, 7
00000177, TempChannel22, 0.0
00000177, TempChannel23, 0.0
00000177, TempChannel24, 0.0
000001A6, TempChannelMuxSelect, 0
000001A6, TempChannel01, -99.88
000001A6, TempChannel02, -100.0
000001A6, TempChannel03, -100.0
000001A6, VCU_wheelSpeed_RL, 0.0
000001A6, VCU_wheelSpeed_RR, 0.0
000001A6, VCU_wheelSpeed_RL, 42947.06177
000001A6, VCU_wheelSpeed_RR, 0.6553500000000001
000001A6, VCU_wheelSpeed_RL, 24.258580000000002
000001A6, VCU_wheelSpeed_RR, 0.0
000001A8, VCU_wheelSpeed_RL, 14.42819
000001A8, VCU_wheelSpeed_RR, 0.0
000001A8, VCU_wheelSpeed_RL, 0.020550000000000002
000001A8, VCU_wheelSpeed_RR, 0.0
000001A8, RLSpeedKPH, 0.0
000001A8, RRSpeedKPH, 0.0
000001A8, FLSpeedKPH, 0.0
000001A8, FRSpeedKPH, 0.0
000001A8, TCTorqueMax, 3.392
000001A8, TCLeftSlip, -0.999
000001A8, TCRightSlip, -0.999
000001A8, TCTorqueAdjustment, 0.0
000001A8, VoltageCellMuxSelect, 8
000001A8, VoltageCell25, 3.7747
000001A8, VoltageCell26, 3.7438000000000002
000001A8, VoltageCell27, 3.7425
000001A8, VoltageCellMuxSelect, 0
000001A8, VoltageCell01, 6.4781
000001A8, VoltageCell02, 6.5535000000000005
000001A8, VoltageCell03, 0.025500000000000002
000001A8, AdjustedVoltageCellMuxSelect, 8
000001A8, AdjustedVoltageCell25, 3.7746000000000004
000001A8, AdjustedVoltageCell26, 3.7437
000001A8, AdjustedVoltageCell27, 3.7424000000000004
000001A9, TempChannelMuxSelect, 8
000001A9, TempChannel25, 0.0
000001A9, TempChannel26, 0.0
000001A9, TempChannel27, 0.0
000001A9, VoltageBusHV, 0.0
000001A9, VoltageCellMax, 3.958
000001A9, VoltageCellMin, 3.7393
000001A9, CurrentBusHV, 0.0
000001A9, VoltageBusHV, 23.11
000001A9, VoltageCellMax, 0.0
000001A9, VoltageCellMin, 0.0
000001A9, CurrentBusHV, 0.0
000001A9, AMS_PackVoltage, 529.8
000001A9, VCU_wheelSpeed_RL, 0.0
000001A9, VCU_wheelSpeed_RR, 0.0
000001A9, RLSpeedKPH, 0.0
000001A9, RRSpeedKPH, 0.0
000001A9, FLSpeedKPH, 0.0
000001A9, FRSpeedKPH, 0.0
000001A9, RLSpeedKPH, 143.36
000001A9, RRSpeedKPH, -0.04
000001A9, FLSpeedKPH, -0.04
000001A9, FRSpeedKPH, 0.0
000001AB, TCTorqueMax, 3.392
000001AB, TCLeftSlip, -0.999
000001AB, TCRightSlip, -0.999
000001AB, TCTorqueAdjustment, 0.0
000001D8, TCTorqueMax, 3.84
000001D8, TCLeftSlip, -0.006
000001D8, TCRightSlip, -0.003
000001D8, TCTorqueAdjustment, 0.0
000001D8, TCTorqueMax, 1.281
000001D8, TCLeftSlip, 0.018000000000000002
000001D8, TCRightSlip, 0.0
000001D8, TCTorqueAdjustment, 0.0
000001D8, TCTorqueMax, 1.282
000001D8, TCLeftSlip, 0.06
000001D8, TCRightSlip, 0.0
000001D8, TCTorqueAdjustment, 0.0
000001D8, TCTorqueMax, 2.567
000001D8, TCLeftSlip, 0.0
000001D8, TCRightSlip, 0.0
000001D8, TCTorqueAdjustment, 0.0
000001D8, VoltageCellMuxSelect, 9
000001D8, VoltageCell28, 3.8654
000001D8, VoltageCell29, 3.8385000000000002
000001D8, VoltageCell30, 3.8399
000001D8, VCU_wheelSpeed_RL, 0.0
000001D8, VCU_wheelSpeed_RR, 0.0
000001D9, AdjustedVoltageCellMuxSelect, 9
000001D9, AdjustedVoltageCell28, 3.866
000001D9, AdjustedVoltageCell29, 3.8384
000001D9, AdjustedVoltageCell30, 3.8398000000000003
000001D9, RLSpeedKPH, 0.0
000001D9, RRSpeedKPH, 0.0
000001D9, FLSpeedKPH, 0.0
000001D9, FRSpeedKPH, 0.0
000001D9, TCTorqueMax, 3.392
000001D9, TCLeftSlip, -0.999
000001D9, TCRightSlip, -0.999
000001D9, TCTorqueAdjustment, 0.0
000001D9, TempChannelMuxSelect, 9
000001D9, TempChannel28, 11.469999999999999
000001D9, TempChannel29, 11.469999999999999
000001D9, TempChannel30, 0.0
000001D9, TempChannelMuxSelect, 0
000001D9, TempChannel01, 542.5600000000001
000001D9, TempChannel02, 555.35
000001D9, TempChannel03, -97.45
000001D9, TempChannelMuxSelect, 7
000001D9, TempChannel22, -99.89
000001D9, TempChannel23, -100.0
000001D9, TempChannel24, -100.0
0000020A, TempChannelMuxSelect, 0
0000020A, TempChannel01, 537.45
0000020A, TempChannel02, 555.35
0000020A, TempChannel03, -97.45
0000020B, StateBatteryChargeHV, 96.4
0000020B, StateBatteryHealthHV, 0.0
0000020B, StateBatteryPowerHV, 331.90000000000003
0000020B, TempCellMax, 156.0
0000020B, TempCellMin, 55.0
0000020B, StateBMS, Wait_System_Up
0000020B, HighestTempThermistor, 0
0000020B, VCU_wheelSpeed_RL, 0.0
0000020B, VCU_wheelSpeed_RR, 0.0
0000020B, RLSpeedKPH, 0.0
0000020B, RRSpeedKPH, 0.0
0000020B, FLSpeedKPH, 0.0
0000020B, FRSpeedKPH, 0.0
0000020C, TCTorqueMax, 3.392
0000020C, TCLeftSlip, -0.999
0000020C, TCRightSlip, -0.999
0000020C, TCTorqueAdjustment, 0.0
0000020C, VoltageCellMuxSelect, 10
0000020C, VoltageCell31, 3.7673
0000020C, VoltageCell32, 3.7430000000000003
0000020C, VoltageCell33, 3.7429
0000020C, VoltageCellMuxSelect, 0
0000020C, VoltageCell01, 6.477
0000020C, VoltageCell02, 6.5535000000000005
0000020C, VoltageCell03, 0.025500000000000002
0000020C, VoltageCellMuxSelect, 1
0000020C, VoltageCell04, 6.0934
0000020C, VoltageCell05, 6.5535000000000005
0000020C, VoltageCell06, 0.025500000000000002
0000020C, VoltageCellMuxSelect, 2
0000020C, VoltageCell07, 1.1014000000000002
0000020C, VoltageCell08, 0.0
0000020C, VoltageCell09, 0.0
0000020C, VoltageCellMuxSelect, 3
0000020C, VoltageCell10, 1.3062
0000020C, VoltageCell11, 0.0
0000020C, VoltageCell12, 0.0
0000020C, VoltageCellMuxSelect, 7
0000020C, VoltageCell22, 0.0012000000000000001
0000020C, VoltageCell23, 0.0
0000020C, VoltageCell24, 0.0
0000020D, AdjustedVoltageCellMuxSelect, 10
0000020D, AdjustedVoltageCell31, 3.7670000000000003
0000020D, AdjustedVoltageCell32, 3.7429
0000020D, AdjustedVoltageCell33, 3.7428000000000003
0000020D, TempChannelMuxSelect, 10
0000020D, TempChannel31, 0.0
0000020D, TempChannel32, 0.0
0000020D, TempChannel33, 0.0
0000020D, VoltageBusHV, 0.0
0000020D, VoltageCellMax, 3.9581000000000004
0000020D, VoltageCellMin, 3.7394000000000003
0000020D, CurrentBusHV, 0.0
0000020D, AMS_PackVoltage, 529.8
0000020D, AMS_PackVoltage, 7.68
0000020F, VCU_wheelSpeed_RL, 0.0
0000020F, VCU_wheelSpeed_RR, 0.0
0000023C, RLSpeedKPH, 0.0
0000023C, RRSpeedKPH, 0.0
0000023C, FLSpeedKPH, 0.0
0000023C, FRSpeedKPH, 0.0
0000023C, TCTorqueMax, 3.392
0000023C, TCLeftSlip, -0.999
0000023C, TCRightSlip, -0.999
0000023C, TCTorqueAdjustment, 0.0
0000023C, TCTorqueMax, 3.335
0000023C, TCLeftSlip, 0.0
0000023C, TCRightSlip, 0.0
0000023C, TCTorqueAdjustment, 0.0
0000023C, ThrottlePercent, 0
0000023C, BrakePercent, 12
0000023C, brakePressure, 10
0000023C, SteeringAngle, -102
0000023C, BrakeWhileThrottle, 0
0000023C, TCTorqueMax, 1.024
0000023C, TCLeftSlip, -0.012
0000023C, TCRightSlip, -0.003
0000023C, TCTorqueAdjustment, 0.0
0000023C, VoltageBusLV, 12.267
0000023C, CurrentBusLV, 0.0
0000023C, PowerBusLV, 0
0000023C, VoltageCellMuxSelect, 11
0000023C, VoltageCell34, 3.7426000000000004
0000023C, VoltageCell35, 3.7427
0000023C, VoltageCell36, 3.7428000000000003
0000023D, AdjustedVoltageCellMuxSelect, 11
0000023D, AdjustedVoltageCell34, 3.7425
0000023D, AdjustedVoltageCell35, 3.7427
0000023D, AdjustedVoltageCell36, 3.7428000000000003
0000023D, TempChannelMuxSelect, 11
0000023D, TempChannel34, 0.0
0000023D, TempChannel35, 0.0
0000023D, TempChannel36, 0.0
0000023D, VCU_wheelSpeed_RL, 0.0
0000023D, VCU_wheelSpeed_RR, 0.0
0000023D, RLSpeedKPH, 0.0
0000023D, RRSpeedKPH, 0.0
0000023D, FLSpeedKPH, 0.0
0000023D, FRSpeedKPH, 0.0
0000023D, VCU_wheelSpeed_RL, 0.0128
0000023D, VCU_wheelSpeed_RR, 0.0
0000023D, VCU_wheelSpeed_RL, 42930.685450000004
0000023D, VCU_wheelSpeed_RR, 0.6553500000000001
0000023F, VCU_wheelSpeed_RL, 42944.44802
0000023F, VCU_wheelSpeed_RR, 0.6553500000000001
0000023F, VCU_wheelSpeed_RL, 9.19299
0000023F, VCU_wheelSpeed_RR, 0.0
0000023F, VCU_wheelSpeed_RL, 0.035910000000000004
0000023F, VCU_wheelSpeed_RR, 0.0
0000023F, TCTorqueMax, 3.392
0000023F, TCLeftSlip, -0.999
0000023F, TCRightSlip, -0.999
0000023F, TCTorqueAdjustment, 0.0
0000026E, TCTorqueMax, 1.536
0000026E, TCLeftSlip, 0.0
0000026E, TCRightSlip, 0.0
0000026E, TCTorqueAdjustment, 0.0
0000026E, ThrottlePercent, 0
0000026E, BrakePercent, 11
0000026E, brakePressure, 10
0000026E, SteeringAngle, -102
0000026E, BrakeWhileThrottle, 0
0000026E, TCTorqueMax, 3.847
0000026E, TCLeftSlip, 0.0
0000026E, TCRightSlip, 0.0
0000026E, TCTorqueAdjustment, 0.0
0000026E, VCU_wheelSpeed_RL, 0.0
0000026E, VCU_wheelSpeed_RR, 0.0
0000026E, RLSpeedKPH, 0.0
0000026E, RRSpeedKPH, 0.0
0000026E, FLSpeedKPH, 0.0
0000026E, FRSpeedKPH, 0.0
0000026E, TCTorqueMax, 3.392
0000026E, TCLeftSlip, -0.999
0000026E, TCRightSlip, -0.999
0000026E, TCTorqueAdjustment, 0.0
0000026E, TCTorqueMax, 1.792
0000026E, TCLeftSlip, 0.0
0000026E, TCRightSlip, 0.0
0000026E, TCTorqueAdjustment, 0.0
0000026F, StateBatteryChargeHV, 96.4
0000026F, StateBatteryHealthHV, 0.0
0000026F, StateBatteryPowerHV, 331.90000000000003
0000026F, TempCellMax, 156.0
0000026F, TempCellMin, 55.0
0000026F, StateBMS, Wait_System_Up
0000026F, HighestTempThermistor, 0
0000026F, VoltageCellMuxSelect, 12
0000026F, VoltageCell37, 3.7427
0000026F, VoltageCell38, 3.8465000000000003
0000026F, VoltageCell39, 3.8358000000000003
0000026F, AdjustedVoltageCellMuxSelect, 12
0000026F, AdjustedVoltageCell37, 3.7424000000000004
0000026F, AdjustedVoltageCell38, 3.8467000000000002
0000026F, AdjustedVoltageCell39, 3.8357
0000026F, VoltageBusHV, 0.0
0000026F, VoltageCellMax, 3.9581000000000004
0000026F, VoltageCellMin, 3.7394000000000003
0000026F, CurrentBusHV, 0.0
00000271, TempChannelMuxSelect, 12
00000271, TempChannel37, 0.0
00000271, TempChannel38, 0.0
00000271, TempChannel39, 0.0
00000271, AMS_PackVoltage, 529.8
00000271, AMS_PackVoltage, 20.48
00000271, AMS_PackVoltage, 20.490000000000002
00000271, AMS_PackVoltage, 20.5
00000271, AMS_PackVoltage, 20.51
00000271, AMS_PackVoltage, 0.07
000002A0, VCU_wheelSpeed_RL, 0.0
000002A0, VCU_wheelSpeed_RR, 0.0
000002A0, RLSpeedKPH, 0.0
000002A0, RRSpeedKPH, 0.0
000002A0, FLSpeedKPH, 0.0
000002A0, FRSpeedKPH, 0.0
000002A0, TCTorqueMax, 3.392
000002A0, TCLeftSlip, -0.999
000002A0, TCRightSlip, -0.999
000002A0, TCTorqueAdjustment, 0.0
000002A0, ThrottlePercent, 0
000002A0, BrakePercent, 12
000002A0, brakePressure, 10
000002A0, SteeringAngle, -102
000002A0, BrakeWhileThrottle, 0
000002A0, ThrottlePercent, 0
000002A0, BrakePercent, 9
000002A0, brakePressure, -2
000002A0, SteeringAngle, -1
000002A0, BrakeWhileThrottle, 1
000002A0, ThrottlePercent, 7
000002A0, BrakePercent, 1
000002A0, brakePressure, 0
000002A0, SteeringAngle, 0
000002A0, BrakeWhileThrottle, 0
000002A0, VoltageCellMuxSelect, 13
000002A0, VoltageCell40, 3.8379000000000003
000002A0, VoltageCell41, 3.7945
000002A0, VoltageCell42, 3.8256
000002A2, AdjustedVoltageCellMuxSelect, 13
000002A2, AdjustedVoltageCell40, 3.8379000000000003
000002A2, AdjustedVoltageCell41, 3.7944
000002A2, AdjustedVoltageCell42, 3.8255000000000003
000002A2, AdjustedVoltageCellMuxSelect, 0
000002A2, AdjustedVoltageCell01, 0.026600000000000002
000002A2, AdjustedVoltageCell02, 0.0
000002A2, AdjustedVoltageCell03, 0.0
000002A2, TempChannelMuxSelect, 13
000002A2, TempChannel40, 0.0
000002A2, TempChannel41, 0.0
000002A2, TempChannel42, 11.689999999999998
000002A2, VCU_wheelSpeed_RL, 0.0
000002A2, VCU_wheelSpeed_RR, 0.0
000002A3, RLSpeedKPH, 0.0
000002A3, RRSpeedKPH, 0.0
000002A3, FLSpeedKPH, 0.0
000002A3, FRSpeedKPH, 0.0
000002A3, TCTorqueMax, 3.392
000002A3, TCLeftSlip, -0.999
000002A3, TCRightSlip, -0.999
000002A3, TCTorqueAdjustment, 0.0
000002D2, TCTorqueMax, 2.816
000002D2, TCLeftSlip, 0.0
000002D2, TCRightSlip, 0.0
000002D2, TCTorqueAdjustment, 0.0
000002D2, TCTorqueMax, 2.305
000002D2, TCLeftSlip, -0.012
000002D2, TCRightSlip, -0.003
000002D2, TCTorqueAdjustment, 0.0
000002D2, TCTorqueMax, 2.306
000002D2, TCLeftSlip, 0.036000000000000004
000002D2, TCRightSlip, 0.0
000002D2, TCTorqueAdjustment, 0.0
000002D2, TCTorqueMax, 2.307
000002D2, TCLeftSlip, 0.105
000002D2, TCRightSlip, 0.0
000002D2, TCTorqueAdjustment, 0.0
000002D2, TCTorqueMax, 0.519
000002D2, TCLeftSlip, 0.0
000002D2, TCRightSlip, 0.0
000002D2, TCTorqueAdjustment, 0.0
000002D2, ThrottlePercent, 0
000002D2, BrakePercent, 12
000002D2, brakePressure, 10
000002D2, SteeringAngle, -102
000002D2, BrakeWhileThrottle, 0
000002D2, ThrottlePercent, 0
000002D2, BrakePercent, 12
000002D2, brakePressure, -2
000002D2, SteeringAngle, -1
000002D2, BrakeWhileThrottle, 1
000002D3, VCU_wheelSpeed_RL, 0.0
000002D3, VCU_wheelSpeed_RR, 0.0
000002D3, RLSpeedKPH, 0.0
000002D3, RRSpeedKPH, 0.0
000002D3, FLSpeedKPH, 0.0
000002D3, FRSpeedKPH, 0.0
000002D4, VoltageCellMuxSelect, 14
000002D4, VoltageCell43, 3.8266
000002D4, VoltageCell44, 3.8246
000002D4, VoltageCell45, 3.8271
000002D4, TCTorqueMax, 3.392
000002D4, TCLeftSlip, -0.999
000002D4, TCRightSlip, -0.999
000002D4, TCTorqueAdjustment, 0.0
000002D5, AdjustedVoltageCellMuxSelect, 14
000002D5, AdjustedVoltageCell43, 3.8265000000000002
000002D5, AdjustedVoltageCell44, 3.8245
000002D5, AdjustedVoltageCell45, 3.8270000000000004
000002D5, AdjustedVoltageCellMuxSelect, 7
000002D5, AdjustedVoltageCell22, 0.00030000000000000003
000002D5, AdjustedVoltageCell23, 0.0
000002D5, AdjustedVoltageCell24, 0.0
000002D5, TempChannelMuxSelect, 14
000002D5, TempChannel43, 11.560000000000002
000002D5, TempChannel44, 11.480000000000004
000002D5, TempChannel45, 11.549999999999997
000002D5, TempChannelMuxSelect, 0
000002D5, TempChannel01, 550.37
000002D5, TempChannel02, 555.35
000002D5, TempChannel03, -97.45
000002D5, VoltageBusHV, 0.0
000002D5, VoltageCellMax, 3.9581000000000004
000002D5, VoltageCellMin, 3.7394000000000003
000002D5, CurrentBusHV, 0.0
000002D5, AMS_PackVoltage, 529.8
00000304, ThrottlePercent, 0
00000304, BrakePercent, 12
00000304, brakePressure, 10
00000304, SteeringAngle, -102
00000304, BrakeWhileThrottle, 0
00000304, VCU_wheelSpeed_RL, 0.0
00000304, VCU_wheelSpeed_RR, 0.0
00000304, RLSpeedKPH, 0.0
00000304, RRSpeedKPH, 0.0
00000304, FLSpeedKPH, 0.0
00000304, FRSpeedKPH, 0.0
00000304, TCTorqueMax, 3.392
00000304, TCLeftSlip, -0.999
00000304, TCRightSlip, -0.999
00000304, TCTorqueAdjustment, 0.0
00000304, TCTorqueMax, 3.584
00000304, TCLeftSlip, 0.009000000000000001
00000304, TCRightSlip, 0.0
00000304, TCTorqueAdjustment, 0.0
00000304, TCTorqueMax, 2.561
00000304, TCLeftSlip, -0.081
00000304, TCRightSlip, -0.003
00000304, TCTorqueAdjustment, 0.0
00000304, TCTorqueMax, 2.562
00000304, TCLeftSlip, 0.129
00000304, TCRightSlip, 0.0
00000304, TCTorqueAdjustment, 0.0
00000306, StateBatteryChargeHV, 96.4
00000306, StateBatteryHealthHV, 0.0
00000306, StateBatteryPowerHV, 331.90000000000003
00000306, TempCellMax, 156.0
00000306, TempCellMin, 55.0
00000306, StateBMS, Wait_System_Up
00000306, HighestTempThermistor, 0
00000306, StateBatteryChargeHV, 51.5
00000306, StateBatteryHealthHV, 51.400000000000006
00000306, StateBatteryPowerHV, 0.1
00000306, TempCellMax, 90.0
00000306, TempCellMin, 90.0
00000306, StateBMS, Self_Check
00000306, HighestTempThermistor, 0
00000306, StateBatteryChargeHV, 0.7000000000000001
00000306, StateBatteryHealthHV, 0.1
00000306, StateBatteryPowerHV, 0.0
00000306, TempCellMax, 90.0
00000306, TempCellMin, 90.0
00000306, StateBMS, Self_Check
00000306, HighestTempThermistor, 0
00000306, VoltageCellMuxSelect, 15
00000306, VoltageCell46, 3.8289
00000306, VoltageCell47, 3.7932
00000306, VoltageCell48, 3.958
00000307, AdjustedVoltageCellMuxSelect, 15
00000307, AdjustedVoltageCell46, 3.8289
00000307, AdjustedVoltageCell47, 3.7932
00000307, AdjustedVoltageCell48, 3.9581000000000004
00000307, AdjustedVoltageCellMuxSelect, 0
00000307, AdjustedVoltageCell01, 0.1039
00000307, AdjustedVoltageCell02, 0.0
00000307, AdjustedVoltageCell03, 0.0
00000307, TempChannelMuxSelect, 15
00000307, TempChannel46, 11.350000000000009
00000307, TempChannel47, 0.0
00000307, TempChannel48, 0.0
00000307, TempChannelMuxSelect, 7
00000307, TempChannel22, -99.95
00000307, TempChannel23, -100.0
00000307, TempChannel24, -100.0
00000307, VCU_wheelSpeed_RL, 0.0
00000307, VCU_wheelSpeed_RR, 0.0
00000307, RLSpeedKPH, 0.0
00000307, RRSpeedKPH, 0.0
00000307, FLSpeedKPH, 0.0
00000307, FRSpeedKPH, 0.0
00000307, TCTorqueMax, 3.392
00000307, TCLeftSlip, -0.999
00000307, TCRightSlip, -0.999
00000307, TCTorqueAdjustment, 0.0
00000336, TCTorqueMax, 0.0
00000336, TCLeftSlip, -0.006
00000336, TCRightSlip, -0.003
00000336, TCTorqueAdjustment, 0.0
00000336, ThrottlePercent, 0
00000336, BrakePercent, 12
00000336, brakePressure, 10
00000336, SteeringAngle, -102
00000336, BrakeWhileThrottle, 0
00000336, ThrottlePercent, 0
00000336, BrakePercent, 1
00000336, brakePressure, -3
00000336, SteeringAngle, -1
00000336, BrakeWhileThrottle, 1
00000338, ThrottlePercent, 1
00000338, BrakePercent, 11
00000338, brakePressure, -6
00000338, SteeringAngle, -1
00000338, BrakeWhileThrottle, 1
00000338, ThrottlePercent, 2
00000338, BrakePercent, 11
00000338, brakePressure, 72
00000338, SteeringAngle, 0
00000338, BrakeWhileThrottle, 0
00000338, ThrottlePercent, 3
00000338, BrakePercent, 11
00000338, brakePressure, 12
00000338, SteeringAngle, 0
00000338, BrakeWhileThrottle, 0
00000338, ThrottlePercent, 7
00000338, BrakePercent, 6
00000338, brakePressure, 0
00000338, SteeringAngle, 0
00000338, BrakeWhileThrottle, 0
00000338, VCU_wheelSpeed_RL, 0.0
00000338, VCU_wheelSpeed_RR, 0.0
00000338, VoltageCellMuxSelect, 16
00000338, VoltageCell49, 3.9275
00000338, VoltageCell50, 3.9248000000000003
00000338, VoltageCell51, 3.7833
00000338, RLSpeedKPH, 0.0
00000338, RRSpeedKPH, 0.0
00000338, FLSpeedKPH, 0.0
00000338, FRSpeedKPH, 0.0
00000338, AdjustedVoltageCellMuxSelect, 16
00000338, AdjustedVoltageCell49, 3.9275
00000338, AdjustedVoltageCell50, 3.9248000000000003
00000338, AdjustedVoltageCell51, 3.7819000000000003
00000339, TCTorqueMax, 3.392
00000339, TCLeftSlip, -0.999
00000339, TCRightSlip, -0.999
00000339, TCTorqueAdjustment, 0.0
00000339, TempChannelMuxSelect, 16
00000339, TempChannel49, 0.0
00000339, TempChannel50, 0.0
00000339, TempChannel51, 0.0
00000339, TempChannelMuxSelect, 0
00000339, TempChannel01, -99.98
00000339, TempChannel02, -100.0
00000339, TempChannel03, -100.0
00000339, VoltageBusHV, 0.0
00000339, VoltageCellMax, 3.958
00000339, VoltageCellMin, 3.7394000000000003
00000339, CurrentBusHV, 0.0
00000368, AMS_PackVoltage, 529.8
00000368, AMS_PackVoltage, 17.990000000000002
00000368, ThrottlePercent, 0
00000368, BrakePercent, 12
00000368, brakePressure, 10
00000368, SteeringAngle, -102
00000368, BrakeWhileThrottle, 0
0000036A, AMS_PackVoltage, 7.68
0000036A, VCU_wheelSpeed_RL, 0.0
0000036A, VCU_wheelSpeed_RR, 0.0
0000036A, RLSpeedKPH, 0.0
0000036A, RRSpeedKPH, 0.0
0000036A, FLSpeedKPH, 0.0
0000036A, FRSpeedKPH, 0.0
0000036A, TCTorqueMax, 3.392
0000036A, TCLeftSlip, -0.999
0000036A, TCRightSlip, -0.999
0000036A, TCTorqueAdjustment, 0.0
0000036A, TCTorqueMax, 1.024
0000036A, TCLeftSlip, 0.006
0000036A, TCRightSlip, 0.0
0000036A, TCTorqueAdjustment, 0.0
0000036A, TCTorqueMax, 3.073
0000036A, TCLeftSlip, -0.048
0000036A, TCRightSlip, -0.003
0000036A, TCTorqueAdjustment, 0.0
0000036A, TCTorqueMax, 3.074
0000036A, TCLeftSlip, 0.048
0000036A, TCRightSlip, 0.0
0000036A, TCTorqueAdjustment, 0.0
0000036A, TCTorqueMax, 3.075
0000036A, TCLeftSlip, 0.08700000000000001
0000036A, TCRightSlip, 0.0
0000036A, TCTorqueAdjustment, 0.0
0000036B, TCTorqueMax, 2.055
0000036B, TCLeftSlip, 0.0
0000036B, TCRightSlip, 0.0
0000036B, TCTorqueAdjustment, 0.0
0000036B, StateBatteryChargeHV, 96.4
0000036B, StateBatteryHealthHV, 0.0
0000036B, StateBatteryPowerHV, 331.90000000000003
0000036B, TempCellMax, 156.0
0000036B, TempCellMin, 55.0
0000036B, StateBMS, Wait_System_Up
0000036B, HighestTempThermistor, 0
0000036B, VoltageCellMuxSelect, 17
0000036B, VoltageCell52, 3.8088
0000036B, VoltageCell53, 3.8093000000000004
0000036B, VoltageCell54, 3.8093000000000004
0000036B, AdjustedVoltageCellMuxSelect, 17
0000036B, AdjustedVoltageCell52, 3.8088
0000036B, AdjustedVoltageCell53, 3.8093000000000004
0000036B, AdjustedVoltageCell54, 3.8092
0000036B, TempChannelMuxSelect, 17
0000036B, TempChannel52, 0.0
0000036B, TempChannel53, 0.0
0000036B, TempChannel54, 0.0
0000036B, VCU_wheelSpeed_RL, 0.0
0000036B, VCU_wheelSpeed_RR, 0.0
0000039A, VCU_wheelSpeed_RL, 1.9788800000000002
0000039A, VCU_wheelSpeed_RR, 0.0
0000039B, RLSpeedKPH, 0.0
0000039B, RRSpeedKPH, 0.0
0000039B, FLSpeedKPH, 0.0
0000039B, FRSpeedKPH, 0.0
0000039B, TCTorqueMax, 3.392
0000039B, TCLeftSlip, -0.999
0000039B, TCRightSlip, -0.999
0000039B, TCTorqueAdjustment, 0.0
0000039C, ThrottlePercent, 0
0000039C, BrakePercent, 12
0000039C, brakePressure, 10
0000039C, SteeringAngle, -102
0000039C, BrakeWhileThrottle, 0
0000039C, ThrottlePercent, 7
0000039C, BrakePercent, 9
0000039C, brakePressure, 0
0000039C, SteeringAngle, 0
0000039C, BrakeWhileThrottle, 0
0000039C, ThrottlePercent, 0
0000039C, BrakePercent, 6
0000039C, brakePressure, 2
0000039C, SteeringAngle, 0
0000039C, BrakeWhileThrottle, 0
0000039C, VoltageCellMuxSelect, 18
0000039C, VoltageCell55, 3.8101000000000003
0000039C, VoltageCell56, 3.8114000000000003
0000039C, VoltageCell57, 3.7852
0000039C, AdjustedVoltageCellMuxSelect, 18
0000039C, AdjustedVoltageCell55, 3.8101000000000003
0000039C, AdjustedVoltageCell56, 3.8114000000000003
0000039C, AdjustedVoltageCell57, 3.7845
0000039C, TempChannelMuxSelect, 18
0000039C, TempChannel55, 11.790000000000006
0000039C, TempChannel56, 11.780000000000001
0000039C, TempChannel57, 11.790000000000006
0000039C, VCU_wheelSpeed_RL, 0.0
0000039C, VCU_wheelSpeed_RR, 0.0
0000039D, RLSpeedKPH, 0.0
0000039D, RRSpeedKPH, 0.0
0000039D, FLSpeedKPH, 0.0
0000039D, FRSpeedKPH, 0.0
0000039D, TCTorqueMax, 3.392
0000039D, TCLeftSlip, -0.999
0000039D, TCRightSlip, -0.999
0000039D, TCTorqueAdjustment, 0.0
0000039D, TCTorqueMax, 1.792
0000039D, TCLeftSlip, 0.0
0000039D, TCRightSlip, 0.0
0000039D, TCTorqueAdjustment, 0.0
0000039D, TCTorqueMax, 3.329
0000039D, TCLeftSlip, 0.048
0000039D, TCRightSlip, 0.0
0000039D, TCTorqueAdjustment, 0.0
0000039D, TCTorqueMax, 3.33
0000039D, TCLeftSlip, -0.012
0000039D, TCRightSlip, -0.003
0000039D, TCTorqueAdjustment, 0.0
0000039F, TCTorqueMax, 3.331
0000039F, TCLeftSlip, 0.042
0000039F, TCRightSlip, 0.0
0000039F, TCTorqueAdjustment, 0.0
0000039F, TCTorqueMax, 2.567
0000039F, TCLeftSlip, 0.0
0000039F, TCRightSlip, 0.0
0000039F, TCTorqueAdjustment, 0.0
000003CC, VoltageBusHV, 0.01
000003CC, VoltageCellMax, 3.9581000000000004
000003CC, VoltageCellMin, 3.7394000000000003
000003CC, CurrentBusHV, 0.0
000003CC, AMS_PackVoltage, 529.8
000003CC, ThrottlePercent, 0
000003CC, BrakePercent, 13
000003CC, brakePressure, 10
000003CC, SteeringAngle, -102
000003CC, BrakeWhileThrottle, 0
000003CC, ThrottlePercent, 0
000003CC, BrakePercent, 8
000003CC, brakePressure, 0
000003CC, SteeringAngle, 0
000003CC, BrakeWhileThrottle, 0
000003CC, VCU_wheelSpeed_RL, 0.0
000003CC, VCU_wheelSpeed_RR, 0.0
000003CC, VCU_wheelSpeed_RL, 0.02823
000003CC, VCU_wheelSpeed_RR, 0.0
000003CC, RLSpeedKPH, 0.0
000003CC, RRSpeedKPH, 0.0
000003CC, FLSpeedKPH, 0.0
000003CC, FRSpeedKPH, 0.0
000003CD, TCTorqueMax, 3.392
000003CD, TCLeftSlip, -0.999
000003CD, TCRightSlip, -0.999
000003CD, TCTorqueAdjustment, 0.0
000003CD, PDU_Heartbeat_dummydata, 0
000003CD, CarStateIsLV, -1
000003CD, CarStateIsEM, 0
000003CD, CarStateIsHV, 0
000003CD, VoltageCellMuxSelect, 19
000003CD, VoltageCell58, 3.9524000000000004
000003CD, VoltageCell59, 3.9173
000003CD, VoltageCell60, 3.9244000000000003
000003CD, VoltageCellMuxSelect, 0
000003CD, VoltageCell01, 0.026500000000000003
000003CD, VoltageCell02, 0.0
000003CD, VoltageCell03, 0.0
000003CF, AdjustedVoltageCellMuxSelect, 19
000003CF, AdjustedVoltageCell58, 3.9537
000003CF, AdjustedVoltageCell59, 3.9173
000003CF, AdjustedVoltageCell60, 3.9243
000003CF, TempChannelMuxSelect, 19
000003CF, TempChannel58, 11.790000000000006
000003CF, TempChannel59, 11.780000000000001
000003CF, TempChannel60, 11.790000000000006
000003FE, TempChannelMuxSelect, 0
000003FE, TempChannel01, -99.9
000003FE, TempChannel02, -100.0
000003FE, TempChannel03, -100.0
000003FE, TempChannelMuxSelect, 1
000003FE, TempChannel04, 509.41999999999996
000003FE, TempChannel05, 555.35
000003FE, TempChannel06, -97.45
000003FE, TempChannelMuxSelect, 2
000003FE, TempChannel07, -99.86
000003FE, TempChannel08, -100.0
000003FE, TempChannel09, -100.0
000003FE, TempChannelMuxSelect, 3
000003FE, TempChannel10, -89.62
000003FE, TempChannel11, -100.0
000003FE, TempChannel12, -100.0
000003FE, TempChannelMuxSelect, 7
000003FE, TempChannel22, -99.88
000003FE, TempChannel23, -100.0
000003FE, TempChannel24, -100.0
000003FE, VCU_wheelSpeed_RL, 0.0
000003FE, VCU_wheelSpeed_RR, 0.0
000003FE, RLSpeedKPH, 0.0
000003FE, RRSpeedKPH, 0.0
000003FE, FLSpeedKPH, 0.0
000003FE, FRSpeedKPH, 0.0
000003FF, TCTorqueMax, 3.392
000003FF, TCLeftSlip, -0.999
000003FF, TCRightSlip, -0.999
000003FF, TCTorqueAdjustment, 0.0
000003FF, ThrottlePercent, 0
000003FF, BrakePercent, 12
000003FF, brakePressure, 10
000003FF, SteeringAngle, -102
000003FF, BrakeWhileThrottle, 0
000003FF, StateBatteryChargeHV, 96.4
000003FF, StateBatteryHealthHV, 0.0
000003FF, StateBatteryPowerHV, 331.90000000000003
000003FF, TempCellMax, 156.0
000003FF, TempCellMin, 55.0
000003FF, StateBMS, Wait_System_Up
000003FF, HighestTempThermistor, 0
000003FF, StateBatteryChargeHV, 76.80000000000001
000003FF, StateBatteryHealthHV, 51.400000000000006
000003FF, StateBatteryPowerHV, 409.5
000003FF, TempCellMax, 89.75
000003FF, TempCellMin, 105.75
000003FF, StateBMS, Self_Check
000003FF, HighestTempThermistor, 0
000003FF, BMU_Heartbeat_dummydata, 0
00000401, FanPeriod, -112
00000401, BrakePressureBMU, 454.0
00000401, VoltageCellMuxSelect, 20
00000401, VoltageCell61, 3.7401
00000401, VoltageCell62, 3.7429
00000401, VoltageCell63, 3.7431
00000401, AdjustedVoltageCellMuxSelect, 20
00000401, AdjustedVoltageCell61, 3.7395
00000401, AdjustedVoltageCell62, 3.7428000000000003
00000401, AdjustedVoltageCell63, 3.7430000000000003
00000401, AdjustedVoltageCellMuxSelect, 7
00000401, AdjustedVoltageCell22, 0.0013000000000000002
00000401, AdjustedVoltageCell23, 0.0
00000401, AdjustedVoltageCell24, 0.0
00000401, TempChannelMuxSelect, 20
00000401, TempChannel61, 11.780000000000001
00000401, TempChannel62, 0.0
00000401, TempChannel63, 0.0
00000402, TempChannelMuxSelect, 0
00000402, TempChannel01, -84.52
00000402, TempChannel02, -100.0
00000402, TempChannel03, -100.0
00000402, VCU_wheelSpeed_RL, 0.0
00000402, VCU_wheelSpeed_RR, 0.0
00000402, RLSpeedKPH, 0.0
00000402, RRSpeedKPH, 0.0
00000402, FLSpeedKPH, 0.0
00000402, FRSpeedKPH, 0.0
00000402, TCTorqueMax, 3.392
00000402, TCLeftSlip, -0.999
00000402, TCRightSlip, -0.999
00000402, TCTorqueAdjustment, 0.0
00000430, VoltageBusHV, 0.0
00000430, VoltageCellMax, 3.9581000000000004
00000430, VoltageCellMin, 3.7395
00000430, CurrentBusHV, 0.0
00000430, AMS_PackVoltage, 529.8
00000430, AMS_PackVoltage, 33.28
00000430, VCU_Heartbeat_dummydata, 0
00000430, ThrottlePercent, 0
00000430, BrakePercent, 11
00000430, brakePressure, 10
00000430, SteeringAngle, -102
00000430, BrakeWhileThrottle, 0
00000436, ThrottlePercent, 1
00000436, BrakePercent, 15
00000436, brakePressure, -12
00000436, SteeringAngle, -1
00000436, BrakeWhileThrottle, 1
00000436, ThrottlePercent, 2
00000436, BrakePercent, 15
00000436, brakePressure, 22
00000436, SteeringAngle, 0
00000436, BrakeWhileThrottle, 0
00000436, ThrottlePercent, 3
00000436, BrakePercent, 15
00000436, brakePressure, 29
00000436, SteeringAngle, 0
00000436, BrakeWhileThrottle, 0
00000436, ThrottlePercent, 7
00000436, BrakePercent, 14
00000436, brakePressure, 0
00000436, SteeringAngle, 0
00000436, BrakeWhileThrottle, 0
00000436, VCU_wheelSpeed_RL, 0.0
00000436, VCU_wheelSpeed_RR, 0.0
00000436, RLSpeedKPH, 0.0
00000436, RRSpeedKPH, 0.0
00000436, FLSpeedKPH, 0.0
00000436, FRSpeedKPH, 0.0
00000436, VoltageBusLV, 12.271
00000436, CurrentBusLV, 0.0
00000436, PowerBusLV, 0
00000437, TCTorqueMax, 3.392
00000437, TCLeftSlip, -0.999
00000437, TCRightSlip, -0.999
00000437, TCTorqueAdjustment, 0.0
00000437, TCTorqueMax, 3.584
00000437, TCLeftSlip, 0.006
00000437, TCRightSlip, 0.0
00000437, TCTorqueAdjustment, 0.0
00000437, VoltageCellMuxSelect, 21
00000437, VoltageCell64, 3.7427
00000437, VoltageCell65, 3.7427
00000437, VoltageCell66, 3.7431
00000437, AdjustedVoltageCellMuxSelect, 21
00000437, AdjustedVoltageCell64, 3.7427
00000437, AdjustedVoltageCell65, 3.7426000000000004
00000437, AdjustedVoltageCell66, 3.7430000000000003
00000437, TempChannelMuxSelect, 21
00000437, TempChannel64, 0.0
00000437, TempChannel65, 0.0
00000437, TempChannel66, 0.0
00000437, TempChannelMuxSelect, 7
00000437, TempChannel22, -99.85
00000437, TempChannel23, -100.0
00000437, TempChannel24, -100.0
00000437, TempChannelMuxSelect, 0
00000437, TempChannel01, -99.85
00000437, TempChannel02, -100.0
00000437, TempChannel03, -100.0
00000462, ThrottlePercent, 0
00000462, BrakePercent, 12
00000462, brakePressure, 10
00000462, SteeringAngle, -102
00000462, BrakeWhileThrottle, 0
00000463, VCU_wheelSpeed_RL, 0.0
00000463, VCU_wheelSpeed_RR, 0.0
00000463, RLSpeedKPH, 0.0
00000463, RRSpeedKPH, 0.0
00000463, FLSpeedKPH, 0.0
00000463, FRSpeedKPH, 0.0
00000463, TCTorqueMax, 3.392
00000463, TCLeftSlip, -0.999
00000463, TCRightSlip, -0.999
00000463, TCTorqueAdjustment, 0.0
00000464, TCTorqueMax, 0.0
00000464, TCLeftSlip, 0.0
00000464, TCRightSlip, 0.0
00000464, TCTorqueAdjustment, 0.0
00000464, TCTorqueMax, 0.001
00000464, TCLeftSlip, 0.07200000000000001
00000464, TCRightSlip, 0.0
00000464, TCTorqueAdjustment, 0.0
00000464, TCTorqueMax, 0.002
00000464, TCLeftSlip, 0.036000000000000004
00000464, TCRightSlip, 0.0
00000464, TCTorqueAdjustment, 0.0
00000464, TCTorqueMax, 0.003
00000464, TCLeftSlip, 0.054
00000464, TCRightSlip, 0.0
00000464, TCTorqueAdjustment, 0.0
00000464, TCTorqueMax, 0.007
00000464, TCLeftSlip, 0.0
00000464, TCRightSlip, 0.0
00000464, TCTorqueAdjustment, 0.0
00000464, TCTorqueMax, 0.256
00000464, TCLeftSlip, 0.0
00000464, TCRightSlip, 0.0
00000464, TCTorqueAdjustment, 0.0
00000464, StateBatteryChargeHV, 96.4
00000464, StateBatteryHealthHV, 0.0
00000464, StateBatteryPowerHV, 331.90000000000003
00000464, TempCellMax, 156.0
00000464, TempCellMin, 55.0
00000464, StateBMS, Wait_System_Up
00000464, HighestTempThermistor, 0
00000465, VoltageCellMuxSelect, 22
00000465, VoltageCell67, 3.7425
00000465, VoltageCell68, 3.8481
00000465, VoltageCell69, 3.8385000000000002
00000465, AdjustedVoltageCellMuxSelect, 22
00000465, AdjustedVoltageCell67, 3.7421
00000465, AdjustedVoltageCell68, 3.8485
00000465, AdjustedVoltageCell69, 3.8384
00000465, VCU_wheelSpeed_RL, 0.0
00000465, VCU_wheelSpeed_RR, 0.0
00000465, TempChannelMuxSelect, 22
00000465, TempChannel67, 0.0
00000465, TempChannel68, 0.0
00000465, TempChannel69, 11.700000000000003
00000467, RLSpeedKPH, 0.0
00000467, RRSpeedKPH, 0.0
00000467, FLSpeedKPH, 0.0
00000467, FRSpeedKPH, 0.0
00000467, RLSpeedKPH, 10.52
00000467, RRSpeedKPH, 0.0
00000467, FLSpeedKPH, 0.0
00000467, FRSpeedKPH, 0.0
00000467, TCTorqueMax, 3.392
00000467, TCLeftSlip, -0.999
00000467, TCRightSlip, -0.999
00000467, TCTorqueAdjustment, 0.0
00000494, TCTorqueMax, 0.512
00000494, TCLeftSlip, -0.009000000000000001
00000494, TCRightSlip, -0.003
00000494, TCTorqueAdjustment, 0.0
00000494, VoltageBusHV, 0.02
00000494, VoltageCellMax, 3.9581000000000004
00000494, VoltageCellMin, 3.7395
00000494, CurrentBusHV, 0.0
00000494, ThrottlePercent, 0
00000494, BrakePercent, 12
00000494, brakePressure, 10
00000494, SteeringAngle, -102
00000494, BrakeWhileThrottle, 0
00000494, AMS_PackVoltage, 529.8
00000494, VoltageCellMuxSelect, 23
00000494, VoltageCell70, 3.8386
00000494, VoltageCell71, 3.7428000000000003
00000494, VoltageCell72, 3.7425
00000494, VoltageCellMuxSelect, 0
00000494, VoltageCell01, 0.00030000000000000003
00000494, VoltageCell02, 0.0
00000494, VoltageCell03, 0.0
00000494, VoltageCellMuxSelect, 1
00000494, VoltageCell04, 6.0417000000000005
00000494, VoltageCell05, 6.5535000000000005
00000494, VoltageCell06, 0.025500000000000002
00000495, VoltageCellMuxSelect, 2
00000495, VoltageCell07, 1.3825
00000495, VoltageCell08, 0.0
00000495, VoltageCell09, 0.0
00000495, VoltageCellMuxSelect, 3
00000495, VoltageCell10, 0.8961
00000495, VoltageCell11, 0.0
00000495, VoltageCell12, 0.0
00000495, VoltageCellMuxSelect, 7
00000495, VoltageCell22, 0.0002
00000495, VoltageCell23, 0.0
00000495, VoltageCell24, 0.0
00000495, AdjustedVoltageCellMuxSelect, 23
00000495, AdjustedVoltageCell70, 3.8386
00000495, AdjustedVoltageCell71, 3.7422
00000495, AdjustedVoltageCell72, 3.7425
00000495, VCU_wheelSpeed_RL, 0.0
00000495, VCU_wheelSpeed_RR, 0.0
00000497, RLSpeedKPH, 0.0
00000497, RRSpeedKPH, 0.0
00000497, FLSpeedKPH, 0.0
00000497, FRSpeedKPH, 0.0
00000497, TCTorqueMax, 3.392
00000497, TCLeftSlip, -0.999
00000497, TCRightSlip, -0.999
00000497, TCTorqueAdjustment, 0.0
00000497, TempChannelMuxSelect, 23
00000497, TempChannel70, 11.820000000000007
00000497, TempChannel71, 11.740000000000009
00000497, TempChannel72, 11.680000000000007
00000497, TempChannelMuxSelect, 0
00000497, TempChannel01, -99.96
00000497, TempChannel02, -100.0
00000497, TempChannel03, -100.0
000004C6, TempChannelMuxSelect, 7
000004C6, TempChannel22, -99.97
000004C6, TempChannel23, -100.0
000004C6, TempChannel24, -100.0
000004C6, ThrottlePercent, 0
000004C6, BrakePercent, 12
000004C6, brakePressure, 10
000004C6, SteeringAngle, -102
000004C6, BrakeWhileThrottle, 0
000004C6, VCU_wheelSpeed_RL, 0.0
000004C6, VCU_wheelSpeed_RR, 0.0
000004C6, VCU_wheelSpeed_RL, 0.0128
000004C6, VCU_wheelSpeed_RR, 0.0
000004C6, RLSpeedKPH, 0.0
000004C6, RRSpeedKPH, 0.0
000004C6, FLSpeedKPH, 0.0
000004C6, FRSpeedKPH, 0.0
000004C6, TCTorqueMax, 3.392
000004C6, TCLeftSlip, -0.999
000004C6, TCRightSlip, -0.999
000004C6, TCTorqueAdjustment, 0.0
000004C6, VoltageCellMuxSelect, 24
000004C6, VoltageCell73, 3.7423
000004C6, VoltageCell74, 3.7424000000000004
000004C6, VoltageCell75, 3.7421
000004C7, AdjustedVoltageCellMuxSelect, 24
000004C7, AdjustedVoltageCell73, 3.7423
000004C7, AdjustedVoltageCell74, 3.7423
000004C7, AdjustedVoltageCell75, 3.7419000000000002
000004C7, TempChannelMuxSelect, 24
000004C7, TempChannel73, 11.620000000000005
000004C7, TempChannel74, 11.730000000000004
000004C7, TempChannel75, 11.829999999999998
000004C7, TempChannelMuxSelect, 0
000004C7, TempChannel01, 547.74
000004C7, TempChannel02, 555.35
000004C7, TempChannel03, -97.45
000004C7, TempChannelMuxSelect, 1
000004C7, TempChannel04, 476.02
000004C7, TempChannel05, 555.35
000004C7, TempChannel06, -97.45
000004C9, TempChannelMuxSelect, 2
000004C9, TempChannel07, -38.54
000004C9, TempChannel08, -100.0
000004C9, TempChannel09, -100.0
000004C9, TempChannelMuxSelect, 3
000004C9, TempChannel10, 68.97999999999999
000004C9, TempChannel11, -100.0
000004C9, TempChannel12, -100.0
000004C9, TempChannelMuxSelect, 7
000004C9, TempChannel22, -99.96
000004C9, TempChannel23, -100.0
000004C9, TempChannel24, -100.0
000004C9, VCU_wheelSpeed_RL, 0.0
000004C9, VCU_wheelSpeed_RR, 0.0
000004F8, RLSpeedKPH, 0.0
000004F8, RRSpeedKPH, 0.0
000004F8, FLSpeedKPH, 0.0
000004F8, FRSpeedKPH, 0.0
000004F8, TCTorqueMax, 3.392
000004F8, TCLeftSlip, -0.999
000004F8, TCRightSlip, -0.999
000004F8, TCTorqueAdjustment, 0.0
000004F8, TCTorqueMax, 1.792
000004F8, TCLeftSlip, 0.003
000004F8, TCRightSlip, 0.0
000004F8, TCTorqueAdjustment, 0.0
000004F8, ThrottlePercent, 0
000004F8, BrakePercent, 12
000004F8, brakePressure, 10
000004F8, SteeringAngle, -102
000004F8, BrakeWhileThrottle, 0
000004F8, VoltageBusHV, 0.0
000004F8, VoltageCellMax, 3.9581000000000004
000004F8, VoltageCellMin, 3.7395
000004F8, CurrentBusHV, 0.0
000004F8, AMS_PackVoltage, 529.8
000004F8, AMS_PackVoltage, 12.870000000000001
000004F9, StateBatteryChargeHV, 96.4
000004F9, StateBatteryHealthHV, 0.0
000004F9, StateBatteryPowerHV, 331.90000000000003
000004F9, TempCellMax, 156.0
000004F9, TempCellMin, 55.0
000004F9, StateBMS, Wait_System_Up
000004F9, HighestTempThermistor, 0
000004F9, StateBatteryChargeHV, 0.0
000004F9, StateBatteryHealthHV, 0.2
000004F9, StateBatteryPowerHV, 0.0
000004F9, TempCellMax, 90.0
000004F9, TempCellMin, 90.0
000004F9, StateBMS, Self_Check
000004F9, HighestTempThermistor, 0
000004F9, VoltageCellMuxSelect, 25
000004F9, VoltageCell76, 3.7422
000004F9, VoltageCell77, 3.7418
000004F9, VoltageCell78, 3.8446000000000002
000004FA, AdjustedVoltageCellMuxSelect, 25
000004FA, AdjustedVoltageCell76, 3.7421
000004FA, AdjustedVoltageCell77, 3.7412
000004FA, AdjustedVoltageCell78, 3.845
000004FB, VCU_wheelSpeed_RL, 0.0
000004FB, VCU_wheelSpeed_RR, 0.0
000004FB, TempChannelMuxSelect, 25
000004FB, TempChannel76, 11.710000000000008
000004FB, TempChannel77, 0.0
000004FB, TempChannel78, 0.0
000004FB, RLSpeedKPH, 0.0
000004FB, RRSpeedKPH, 0.0
000004FB, FLSpeedKPH, 0.0
000004FB, FRSpeedKPH, 0.0
000004FB, TCTorqueMax, 3.392
000004FB, TCLeftSlip, -0.999
000004FB, TCRightSlip, -0.999
000004FB, TCTorqueAdjustment, 0.0
000004FB, TCTorqueMax, 2.3040000000000003
000004FB, TCLeftSlip, 0.006
000004FB, TCRightSlip, 0.0
000004FB, TCTorqueAdjustment, 0.0
000004FB, TCTorqueMax, 0.769
000004FB, TCLeftSlip, 0.012
000004FB, TCRightSlip, 0.0
000004FB, TCTorqueAdjustment, 0.0
000004FB, TCTorqueMax, 0.77
000004FB, TCLeftSlip, 0.036000000000000004
000004FB, TCRightSlip, 0.0
000004FB, TCTorqueAdjustment, 0.0
000004FC, TCTorqueMax, 0.771
000004FC, TCLeftSlip, -0.081
000004FC, TCRightSlip, -0.003
000004FC, TCTorqueAdjustment, 0.0
000004FC, TCTorqueMax, 1.543
000004FC, TCLeftSlip, 0.0
000004FC, TCRightSlip, 0.0
000004FC, TCTorqueAdjustment, 0.0
0000052A, ThrottlePercent, 0
0000052A, BrakePercent, 12
0000052A, brakePressure, 10
0000052A, SteeringAngle, -102
0000052A, BrakeWhileThrottle, 0
0000052A, VCU_wheelSpeed_RL, 0.0
0000052A, VCU_wheelSpeed_RR, 0.0
0000052A, RLSpeedKPH, 0.0
0000052A, RRSpeedKPH, 0.0
0000052A, FLSpeedKPH, 0.0
0000052A, FRSpeedKPH, 0.0
0000052C, TCTorqueMax, 3.392
0000052C, TCLeftSlip, -0.999
0000052C, TCRightSlip, -0.999
0000052C, TCTorqueAdjustment, 0.0
0000052C, TCTorqueMax, 1.799
0000052C, TCLeftSlip, 0.0
0000052C, TCRightSlip, 0.0
0000052C, TCTorqueAdjustment, 0.0
0000052C, VoltageCellMuxSelect, 26
0000052C, VoltageCell79, 3.8355
0000052C, VoltageCell80, 3.8385000000000002
0000052C, VoltageCell81, 3.7438000000000002
0000052C, AdjustedVoltageCellMuxSelect, 26
0000052C, AdjustedVoltageCell79, 3.8354000000000004
0000052C, AdjustedVoltageCell80, 3.8385000000000002
0000052C, AdjustedVoltageCell81, 3.7433
0000052C, TempChannelMuxSelect, 26
0000052C, TempChannel79, 0.0
0000052C, TempChannel80, 0.0
0000052C, TempChannel81, 0.0
0000052C, AdjustedVoltageCellMuxSelect, 0
0000052C, AdjustedVoltageCell01, 0.0267
0000052C, AdjustedVoltageCell02, 0.0
0000052C, AdjustedVoltageCell03, 0.0
0000055C, VCU_wheelSpeed_RL, 0.0
0000055C, VCU_wheelSpeed_RR, 0.0
0000055C, VCU_wheelSpeed_RL, 1.9968000000000001
0000055C, VCU_wheelSpeed_RR, 0.0
0000055C, VCU_wheelSpeed_RL, 42937.886730000006
0000055C, VCU_wheelSpeed_RR, 0.6553500000000001
0000055C, VCU_wheelSpeed_RL, 32.1229
0000055C, VCU_wheelSpeed_RR, 0.0
0000055C, VCU_wheelSpeed_RL, 26.88003
0000055C, VCU_wheelSpeed_RR, 0.0
0000055C, VCU_wheelSpeed_RL, 0.020550000000000002
0000055C, VCU_wheelSpeed_RR, 0.0
0000055C, RLSpeedKPH, 0.0
0000055C, RRSpeedKPH, 0.0
0000055C, FLSpeedKPH, 0.0
0000055C, FRSpeedKPH, 0.0
0000055D, TCTorqueMax, 3.392
0000055D, TCLeftSlip, -0.999
0000055D, TCRightSlip, -0.999
0000055D, TCTorqueAdjustment, 0.0
0000055E, ThrottlePercent, 0
0000055E, BrakePercent, 12
0000055E, brakePressure, 10
0000055E, SteeringAngle, -102
0000055E, BrakeWhileThrottle, 0
0000055E, IMD_R_iso_corrected, 0
0000055E, IMD_R_iso_status, 252
0000055E, IMD_R_Measurement_Counter, 1
0000055E, IMD_Faults, 512
0000055E, IMD_Device_activity, 1
0000055F, VoltageBusHV, 0.0
0000055F, VoltageCellMax, 3.9581000000000004
0000055F, VoltageCellMin, 3.7395
0000055F, CurrentBusHV, 0.0
0000055F, AMS_PackVoltage, 529.8
0000055F, AMS_PackVoltage, 33.28
0000055F, AMS_PackVoltage, 23.11
0000055F, VCU_wheelSpeed_RL, 0.0
0000055F, VCU_wheelSpeed_RR, 0.0
0000055F, RLSpeedKPH, 0.0
0000055F, RRSpeedKPH, 0.0
0000055F, FLSpeedKPH, 0.0
0000055F, FRSpeedKPH, 0.0
0000055F, StateBatteryChargeHV, 96.4
0000055F, StateBatteryHealthHV, 0.0
0000055F, StateBatteryPowerHV, 331.90000000000003
0000055F, TempCellMax, 156.0
0000055F, TempCellMin, 55.0
0000055F, StateBMS, Wait_System_Up
0000055F, HighestTempThermistor, 0
00000560, VoltageCellMuxSelect, 27
00000560, VoltageCell82, 3.7438000000000002
00000560, VoltageCell83, 3.7439
00000560, VoltageCell84, 3.7437
00000560, TCTorqueMax, 3.392
00000560, TCLeftSlip, -0.999
00000560, TCRightSlip, -0.999
00000560, TCTorqueAdjustment, 0.0
00000560, TCTorqueMax, 3.584
00000560, TCLeftSlip, 0.003
00000560, TCRightSlip, 0.0
00000560, TCTorqueAdjustment, 0.0
00000560, AdjustedVoltageCellMuxSelect, 27
00000560, AdjustedVoltageCell82, 3.7437
00000560, AdjustedVoltageCell83, 3.7438000000000002
00000560, AdjustedVoltageCell84, 3.7437
00000560, TempChannelMuxSelect, 27
00000560, TempChannel82, 11.579999999999998
00000560, TempChannel83, 11.670000000000002
00000560, TempChannel84, 11.540000000000006
0000058E, ThrottlePercent, 0
0000058E, BrakePercent, 12
0000058E, brakePressure, 10
0000058E, SteeringAngle, -102
0000058E, BrakeWhileThrottle, 0
0000058F, VCU_wheelSpeed_RL, 0.0
0000058F, VCU_wheelSpeed_RR, 0.0
0000058F, RLSpeedKPH, 0.0
0000058F, RRSpeedKPH, 0.0
0000058F, FLSpeedKPH, 0.0
0000058F, FRSpeedKPH, 0.0
0000058F, VoltageCellMuxSelect, 28
0000058F, VoltageCell85, 3.7436000000000003
0000058F, VoltageCell86, 3.7438000000000002
0000058F, VoltageCell87, 3.7437
0000058F, TCTorqueMax, 3.392
0000058F, TCLeftSlip, -0.999
0000058F, TCRightSlip, -0.999
0000058F, TCTorqueAdjustment, 0.0
0000058F, AdjustedVoltageCellMuxSelect, 28
0000058F, AdjustedVoltageCell85, 3.7436000000000003
0000058F, AdjustedVoltageCell86, 3.7437
0000058F, AdjustedVoltageCell87, 3.7433
0000058F, TempChannelMuxSelect, 28
0000058F, TempChannel85, 11.659999999999997
0000058F, TempChannel86, 11.5
0000058F, TempChannel87, 11.540000000000006
0000058F, TempChannelMuxSelect, 0
0000058F, TempChannel01, -92.32
0000058F, TempChannel02, -100.0
0000058F, TempChannel03, -100.0
00000590, TempChannelMuxSelect, 7
00000590, TempChannel22, -99.89
00000590, TempChannel23, -100.0
00000590, TempChannel24, -100.0
000005C0, TempChannelMuxSelect, 0
000005C0, TempChannel01, -99.99
000005C0, TempChannel02, -100.0
000005C0, TempChannel03, -100.0
000005C0, ThrottlePercent, 0
000005C0, BrakePercent, 12
000005C0, brakePressure, 10
000005C0, SteeringAngle, -102
000005C0, BrakeWhileThrottle, 0
000005C0, VCU_wheelSpeed_RL, 0.0
000005C0, VCU_wheelSpeed_RR, 0.0
000005C0, RLSpeedKPH, 0.0
000005C0, RRSpeedKPH, 0.0
000005C0, FLSpeedKPH, 0.0
000005C0, FRSpeedKPH, 0.0
000005C0, TCTorqueMax, 3.392
000005C0, TCLeftSlip, -0.999
000005C0, TCRightSlip, -0.999
000005C0, TCTorqueAdjustment, 0.0
000005C0, IMD_R_iso_corrected, 0
000005C0, IMD_R_iso_status, 252
000005C0, IMD_R_Measurement_Counter, 1
000005C0, IMD_Faults, 512
000005C0, IMD_Device_activity, 1
000005C1, VoltageBusHV, 0.0
000005C1, VoltageCellMax, 3.9581000000000004
000005C1, VoltageCellMin, 3.7395
000005C1, CurrentBusHV, 0.0
000005C1, AMS_PackVoltage, 529.8
000005C1, AMS_PackVoltage, 5.12
000005C1, AMS_PackVoltage, 15.370000000000001
000005C1, AMS_PackVoltage, 15.38
000005C1, AMS_PackVoltage, 15.39
000005C1, AMS_PackVoltage, 30.79
000005C3, VoltageCellMuxSelect, 29
000005C3, VoltageCell88, 3.8476000000000004
000005C3, VoltageCell89, 3.8371000000000004
000005C3, VoltageCell90, 3.8386
000005C3, AdjustedVoltageCellMuxSelect, 29
000005C3, AdjustedVoltageCell88, 3.8480000000000003
000005C3, AdjustedVoltageCell89, 3.837
000005C3, AdjustedVoltageCell90, 3.8386
000005C3, TempChannelMuxSelect, 29
000005C3, TempChannel88, 24.519999999999996
000005C3, TempChannel89, 11.620000000000005
000005C3, TempChannel90, 11.650000000000006
000005C3, TempChannelMuxSelect, 0
000005C3, TempChannel01, -94.85
000005C3, TempChannel02, -100.0
000005C3, TempChannel03, -100.0
000005C4, VCU_wheelSpeed_RL, 0.0
000005C4, VCU_wheelSpeed_RR, 0.0
000005C4, RLSpeedKPH, 0.0
000005C4, RRSpeedKPH, 0.0
000005C4, FLSpeedKPH, 0.0
000005C4, FRSpeedKPH, 0.0
000005C4, TCTorqueMax, 3.392
000005C4, TCLeftSlip, -0.999
000005C4, TCRightSlip, -0.999
000005C4, TCTorqueAdjustment, 0.0
000005F2, TCTorqueMax, 3.335
000005F2, TCLeftSlip, 0.0
000005F2, TCRightSlip, 0.0
000005F2, TCTorqueAdjustment, 0.0
000005F2, ThrottlePercent, 0
000005F2, BrakePercent, 12
000005F2, brakePressure, 10
000005F2, SteeringAngle, -102
000005F2, BrakeWhileThrottle, 0
000005F2, TCTorqueMax, 1.024
000005F2, TCLeftSlip, -0.006
000005F2, TCRightSlip, -0.003
000005F2, TCTorqueAdjustment, 0.0
000005F2, StateBatteryChargeHV, 96.4
000005F2, StateBatteryHealthHV, 0.0
000005F2, StateBatteryPowerHV, 331.90000000000003
000005F2, TempCellMax, 156.0
000005F2, TempCellMin, 55.0
000005F2, StateBMS, Wait_System_Up
000005F2, HighestTempThermistor, 0
000005F2, VCU_wheelSpeed_RL, 0.0
000005F2, VCU_wheelSpeed_RR, 0.0
000005F2, VoltageCellMuxSelect, 30
000005F2, VoltageCell91, 3.7443
000005F2, VoltageCell92, 3.7438000000000002
000005F2, VoltageCell93, 3.7437
000005F3, RLSpeedKPH, 0.0
000005F3, RRSpeedKPH, 0.0
000005F3, FLSpeedKPH, 0.0
000005F3, FRSpeedKPH, 0.0
000005F4, RLSpeedKPH, 51.2
000005F4, RRSpeedKPH, 0.0
000005F4, FLSpeedKPH, 0.0
000005F4, FRSpeedKPH, 0.0
000005F4, RLSpeedKPH, 71.72
000005F4, RRSpeedKPH, -0.48
000005F4, FLSpeedKPH, -0.04
000005F4, FRSpeedKPH, 0.0
000005F4, RLSpeedKPH, 71.76
000005F4, RRSpeedKPH, 1.4000000000000001
000005F4, FLSpeedKPH, 0.0
000005F4, FRSpeedKPH, 0.0
000005F5, RLSpeedKPH, 71.8
000005F5, RRSpeedKPH, 0.56
000005F5, FLSpeedKPH, 0.0
000005F5, FRSpeedKPH, 0.0
000005F5, AdjustedVoltageCellMuxSelect, 30
000005F5, AdjustedVoltageCell91, 3.7435
000005F5, AdjustedVoltageCell92, 3.7439
000005F5, AdjustedVoltageCell93, 3.7438000000000002
000005F5, AdjustedVoltageCellMuxSelect, 7
000005F5, AdjustedVoltageCell22, 0.0014
000005F5, AdjustedVoltageCell23, 0.0
000005F5, AdjustedVoltageCell24, 0.0
000005F5, TCTorqueMax, 3.392
000005F5, TCLeftSlip, -0.999
000005F5, TCRightSlip, -0.999
000005F5, TCTorqueAdjustment, 0.0
000005F5, TempChannelMuxSelect, 30
000005F5, TempChannel91, 11.760000000000005
000005F5, TempChannel92, 11.670000000000002
000005F5, TempChannel93, 0.0
00000624, TempChannelMuxSelect, 0
00000624, TempChannel01, 552.86
00000624, TempChannel02, 555.35
00000624, TempChannel03, -97.45
00000624, ThrottlePercent, 0
00000624, BrakePercent, 11
00000624, brakePressure, 10
00000624, SteeringAngle, -102
00000624, BrakeWhileThrottle, 0
00000624, ThrottlePercent, 7
00000624, BrakePercent, 15
00000624, brakePressure, 0
00000624, SteeringAngle, 0
00000624, BrakeWhileThrottle, 0
00000624, IMD_R_iso_corrected, 0
00000624, IMD_R_iso_status, 252
00000624, IMD_R_Measurement_Counter, 1
00000624, IMD_Faults, 512
00000624, IMD_Device_activity, 1
00000624, VCU_wheelSpeed_RL, 0.0
00000624, VCU_wheelSpeed_RR, 0.0
00000624, RLSpeedKPH, 0.0
00000624, RRSpeedKPH, 0.0
00000624, FLSpeedKPH, 0.0
00000624, FRSpeedKPH, 0.0
00000626, TCTorqueMax, 3.392
00000626, TCLeftSlip, -0.999
00000626, TCRightSlip, -0.999
00000626, TCTorqueAdjustment, 0.0
00000626, VoltageBusHV, 0.0
00000626, VoltageCellMax, 3.9581000000000004
00000626, VoltageCellMin, 3.7396000000000003
00000626, CurrentBusHV, 0.0
00000626, VoltageBusHV, 17.92
00000626, VoltageCellMax, 6.5532
00000626, VoltageCellMin, 6.5535000000000005
00000626, CurrentBusHV, 0.0
00000627, AMS_PackVoltage, 529.8
00000627, VoltageBusLV, 12.274000000000001
00000627, CurrentBusLV, 0.0
00000627, PowerBusLV, 0
00000627, VoltageCellMuxSelect, 31
00000627, VoltageCell94, 3.7438000000000002
00000627, VoltageCell95, 3.7437
00000627, VoltageCell96, 3.744
00000627, AdjustedVoltageCellMuxSelect, 31
00000627, AdjustedVoltageCell94, 3.7439
00000627, AdjustedVoltageCell95, 3.7436000000000003
00000627, AdjustedVoltageCell96, 3.7439
00000627, TempChannelMuxSelect, 31
00000627, TempChannel94, 0.0
00000627, TempChannel95, 0.0
00000627, TempChannel96, 11.579999999999998
00000627, TempChannelMuxSelect, 0
00000627, TempChannel01, 552.88
00000627, TempChannel02, 555.35
00000627, TempChannel03, -97.45
00000627, TempChannelMuxSelect, 1
00000627, TempChannel04, -43.6
00000627, TempChannel05, -100.0
00000627, TempChannel06, -100.0
00000628, TempChannelMuxSelect, 2
00000628, TempChannel07, -64.08
00000628, TempChannel08, -100.0
00000628, TempChannel09, -100.0
00000628, TempChannelMuxSelect, 3
00000628, TempChannel10, 545.2
00000628, TempChannel11, 555.35
00000628, TempChannel12, -97.45
00000628, TempChannelMuxSelect, 7
00000628, TempChannel22, -100.0
00000628, TempChannel23, -100.0
00000628, TempChannel24, -100.0
00000628, VCU_wheelSpeed_RL, 0.0
00000628, VCU_wheelSpeed_RR, 0.0
