00000085, IVT_MsgID_RX, 191
00000085, IVT_respByte1, 4
00000085, IVT_respByte2, 17
00000085, IVT_respByte3, 0
00000085, IVT_respByte4, 154
00000085, IVT_respByte5, 208
00000085, IVT_respByte6, 190
00000085, IVT_respByte7, 0
0000009F, VCU_wheelSpeed_RL, 0.0
0000009F, VCU_wheelSpeed_RR, 0.0
0000009F, RLSpeedKPH, 0.0
0000009F, RRSpeedKPH, 0.0
0000009F, FLSpeedKPH, 0.0
0000009F, FRSpeedKPH, 0.0
0000009F, TCTorqueMax, 3.392
0000009F, TCLeftSlip, -0.999
0000009F, TCRightSlip, -0.999
0000009F, TCTorqueAdjustment, 0.0
0000009F, VoltageCellMuxSelect, 3
0000009F, VoltageCell10, 3.5
0000009F, VoltageCell11, 3.5
0000009F, VoltageCell12, 3.5
0000009F, IVT_MsgID_RX, 0
0000009F, IVT_MsgCount, 1
0000009F, IVT_Result_state, 0
0000009F, IVT_I, 0.001
0000009F, AdjustedVoltageCellMuxSelect, 3
0000009F, AdjustedVoltageCell10, 0.0
0000009F, AdjustedVoltageCell11, 0.0
0000009F, AdjustedVoltageCell12, 0.0
0000009F, TempChannelMuxSelect, 3
0000009F, TempChannel10, 0.0
0000009F, TempChannel11, 0.0
0000009F, TempChannel12, 0.0
000000D1, IVT_MsgID_RX, 7
000000D1, IVT_MsgCount, 1
000000D1, IVT_Result_state, 0
000000D1, IVT_Wh, 0
000000D1, ChannelCurrentRadiator, 0.201
000000D1, ChannelCurrentAccFan, 0.214
000000D1, ChannelCurrentPump1, 0.0
000000D1, ChannelCurrentPump2, 0.17400000000000002
000000D1, ChannelCurrentAUX1, 0.0
000000D1, ChannelCurrentAUX2, 0.187
000000D1, ChannelCurrentAUX3, 0.0
000000D1, ChannelCurrentAUX4, 0.214
000000D1, ChannelCurrentBrakeLight, 0.0
000000D1, ChannelCurrentInverter, 0.0
000000D1, ChannelCurrentBMU, 0.496
000000D1, ChannelCurrentCDU, 0.34900000000000003
000000D1, ChannelCurrentTCU, 0.335
000000D1, ChannelCurrentWSB, 0.657
000000D1, VCU_wheelSpeed_RL, 0.0
000000D1, VCU_wheelSpeed_RR, 0.0
000000D1, RLSpeedKPH, 0.0
000000D1, RRSpeedKPH, 0.0
000000D1, FLSpeedKPH, 0.0
000000D1, FRSpeedKPH, 0.0
000000D2, IVT_MsgID_RX, 0
000000D2, IVT_MsgCount, 2
000000D2, IVT_Result_state, 0
000000D2, IVT_I, 0.002
000000D3, TCTorqueMax, 3.392
000000D3, TCLeftSlip, -0.999
000000D3, TCRightSlip, -0.999
000000D3, TCTorqueAdjustment, 0.0
000000D3, IVT_MsgID_RX, 0
000000D3, IVT_MsgCount, 3
000000D3, IVT_Result_state, 0
000000D3, IVT_I, 0.003
000000D3, IVT_MsgID_RX, 1
000000D3, IVT_MsgCount, 1
000000D3, IVT_Result_state, 0
000000D3, IVT_U1, -0.012
000000D3, IVT_MsgID_RX, 2
000000D3, IVT_MsgCount, 1
000000D3, IVT_Result_state, 0
000000D3, IVT_U2, 0.004
000000D3, IVT_MsgID_RX, 3
000000D3, IVT_MsgCount, 1
000000D3, IVT_Result_state, 0
000000D3, IVT_U3, 0.002
000000D3, IVT_MsgID_RX, 7
000000D3, IVT_MsgCount, 2
000000D3, IVT_Result_state, 0
000000D3, IVT_Wh, 0
000000D3, VoltageBusHV, 0.0
000000D3, VoltageCellMax, 0.0
000000D3, VoltageCellMin, 0.0
000000D3, CurrentBusHV, 0.0
000000D3, VCU_wheelSpeed_RL, 0.0
000000D3, VCU_wheelSpeed_RR, 0.0
000000D4, AMS_PackVoltage, 0.0
000000D4, BrakeTempRear, 12.199999999999989
000000D4, BrakeTempRearAccuracy, 0
000000D4, RLSpeedKPH, 0.0
000000D4, RRSpeedKPH, 0.0
000000D4, FLSpeedKPH, 0.0
000000D4, FRSpeedKPH, 0.0
00000103, StateBatteryChargeHV, 0.0
00000103, StateBatteryHealthHV, 0.0
00000103, StateBatteryPowerHV, 331.90000000000003
00000103, TempCellMax, 156.0
00000103, TempCellMin, 55.0
00000103, StateBMS, Wait_System_Up
00000103, HighestTempThermistor, 0
00000103, BMU_checkFailed, BSPD_FAILED
00000103, BMU_InterlockInitialized, 0
00000103, VoltageCellMuxSelect, 4
00000103, VoltageCell13, 3.8689
00000103, VoltageCell14, 3.8701000000000003
00000103, VoltageCell15, 3.8713
00000104, TCTorqueMax, 3.392
00000104, TCLeftSlip, -0.999
00000104, TCRightSlip, -0.999
00000104, TCTorqueAdjustment, 0.0
00000104, AdjustedVoltageCellMuxSelect, 4
00000104, AdjustedVoltageCell13, 3.8689
00000104, AdjustedVoltageCell14, 3.8701000000000003
00000104, AdjustedVoltageCell15, 3.8713
00000104, IVT_MsgID_RX, 0
00000104, IVT_MsgCount, 4
00000104, IVT_Result_state, 0
00000104, IVT_I, 0.007
00000104, TempChannelMuxSelect, 4
00000104, TempChannel13, 0.0
00000104, TempChannel14, 0.0
00000104, TempChannel15, 21.820000000000007
00000104, IVT_MsgID_RX, 7
00000104, IVT_MsgCount, 3
00000104, IVT_Result_state, 0
00000104, IVT_Wh, 0
00000105, IVT_MsgID_RX, 0
00000105, IVT_MsgCount, 5
00000105, IVT_Result_state, 0
00000105, IVT_I, 0.006
00000105, VCU_wheelSpeed_RL, 0.0
00000105, VCU_wheelSpeed_RR, 0.0
00000105, RLSpeedKPH, 0.0
00000105, RRSpeedKPH, 0.0
00000105, FLSpeedKPH, 0.0
00000105, FRSpeedKPH, 0.0
00000105, TCTorqueMax, 3.392
00000105, TCLeftSlip, -0.999
00000105, TCRightSlip, -0.999
00000105, TCTorqueAdjustment, 0.0
00000105, VoltageCellMuxSelect, 5
00000105, VoltageCell16, 3.8685
00000105, VoltageCell17, 3.8687
00000105, VoltageCell18, 3.9609
00000105, IVT_MsgID_RX, 0
00000105, IVT_MsgCount, 6
00000105, IVT_Result_state, 0
00000105, IVT_I, 0.0
00000105, IVT_MsgID_RX, 1
00000105, IVT_MsgCount, 2
00000105, IVT_Result_state, 0
00000105, IVT_U1, 0.004
00000105, AdjustedVoltageCellMuxSelect, 5
00000105, AdjustedVoltageCell16, 3.8685
00000105, AdjustedVoltageCell17, 3.8687
00000105, AdjustedVoltageCell18, 3.9609
00000106, IVT_MsgID_RX, 2
00000106, IVT_MsgCount, 2
00000106, IVT_Result_state, 0
00000106, IVT_U2, -0.006
00000107, IVT_MsgID_RX, 3
00000107, IVT_MsgCount, 2
00000107, IVT_Result_state, 0
00000107, IVT_U3, 0.047
00000107, IVT_MsgID_RX, 7
00000107, IVT_MsgCount, 4
00000107, IVT_Result_state, 0
00000107, IVT_Wh, 0
00000135, TempChannelMuxSelect, 5
00000135, TempChannel16, 0.0
00000135, TempChannel17, 0.0
00000135, TempChannel18, 0.0
00000135, ChannelCurrentRadiator, 0.161
00000135, ChannelCurrentAccFan, 0.228
00000135, ChannelCurrentPump1, 0.0
00000135, ChannelCurrentPump2, 0.214
00000135, ChannelCurrentAUX1, 0.0
00000135, ChannelCurrentAUX2, 0.228
00000135, ChannelCurrentAUX3, 0.0
00000135, ChannelCurrentAUX4, 0.214
00000135, ChannelCurrentBMU, 0.537
00000135, ChannelCurrentCDU, 0.362
00000135, ChannelCurrentTCU, 0.34900000000000003
00000135, ChannelCurrentWSB, 0.604
00000135, ChannelCurrentBrakeLight, 0.0
00000135, ChannelCurrentInverter, 0.0
00000135, IVT_MsgID_RX, 0
00000135, IVT_MsgCount, 7
00000135, IVT_Result_state, 0
00000135, IVT_I, 0.005
00000135, VCU_wheelSpeed_RL, 0.0
00000135, VCU_wheelSpeed_RR, 0.0
00000135, RLSpeedKPH, 0.0
00000135, RRSpeedKPH, 0.0
00000135, FLSpeedKPH, 0.0
00000135, FRSpeedKPH, 0.0
00000136, TCTorqueMax, 3.392
00000136, TCLeftSlip, -0.999
00000136, TCRightSlip, -0.999
00000136, TCTorqueAdjustment, 0.0
00000136, IVT_MsgID_RX, 7
00000136, IVT_MsgCount, 5
00000136, IVT_Result_state, 0
00000136, IVT_Wh, 0
00000136, IVT_MsgID_RX, 0
00000136, IVT_MsgCount, 8
00000136, IVT_Result_state, 0
00000136, IVT_I, 0.0
00000136, BMU_checkFailed, BSPD_FAILED
00000136, BMU_InterlockInitialized, 0
00000136, VoltageCellMuxSelect, 6
00000136, VoltageCell19, 3.9499000000000004
00000136, VoltageCell20, 3.9529
00000136, VoltageCell21, 3.8697000000000004
00000137, AdjustedVoltageCellMuxSelect, 6
00000137, AdjustedVoltageCell19, 3.9499000000000004
00000137, AdjustedVoltageCell20, 3.9529
00000137, AdjustedVoltageCell21, 3.8697000000000004
00000137, BrakeTempRear, 15.400000000000006
00000137, BrakeTempRearAccuracy, 0
00000137, VoltageBusHV, 0.0
00000137, VoltageCellMax, 4.0884
00000137, VoltageCellMin, 3.8658
00000137, CurrentBusHV, 0.0
00000167, AMS_PackVoltage, 546.85
00000167, VCU_wheelSpeed_RL, 0.0
00000167, VCU_wheelSpeed_RR, 0.0
00000167, IVT_MsgID_RX, 0
00000167, IVT_MsgCount, 9
00000167, IVT_Result_state, 0
00000167, IVT_I, 0.003
00000167, RLSpeedKPH, 0.0
00000167, RRSpeedKPH, 0.0
00000167, FLSpeedKPH, 0.0
00000167, FRSpeedKPH, 0.0
00000167, IVT_MsgID_RX, 1
00000167, IVT_MsgCount, 3
00000167, IVT_Result_state, 0
00000167, IVT_U1, 0.035
00000167, IVT_MsgID_RX, 2
00000167, IVT_MsgCount, 3
00000167, IVT_Result_state, 0
00000167, IVT_U2, -0.006
00000167, IVT_MsgID_RX, 3
00000167, IVT_MsgCount, 3
00000167, IVT_Result_state, 0
00000167, IVT_U3, 0.045
00000167, IVT_MsgID_RX, 7
00000167, IVT_MsgCount, 6
00000167, IVT_Result_state, 0
00000167, IVT_Wh, 0
00000167, TCTorqueMax, 3.392
00000167, TCLeftSlip, -0.999
00000167, TCRightSlip, -0.999
00000167, TCTorqueAdjustment, 0.0
00000168, StateBatteryChargeHV, 98.80000000000001
00000168, StateBatteryHealthHV, 0.0
00000168, StateBatteryPowerHV, 331.90000000000003
00000168, TempCellMax, 156.0
00000168, TempCellMin, 55.0
00000168, StateBMS, Wait_System_Up
00000168, HighestTempThermistor, 0
00000168, TempChannelMuxSelect, 6
00000168, TempChannel19, 0.0
00000168, TempChannel20, 0.0
00000168, TempChannel21, 0.0
00000168, IVT_MsgID_RX, 0
00000168, IVT_MsgCount, 10
00000168, IVT_Result_state, 0
00000168, IVT_I, 0.002
00000169, IVT_MsgID_RX, 7
00000169, IVT_MsgCount, 7
00000169, IVT_Result_state, 0
00000169, IVT_Wh, 0
00000169, VCU_wheelSpeed_RL, 0.0
00000169, VCU_wheelSpeed_RR, 0.0
00000169, RLSpeedKPH, 0.0
00000169, RRSpeedKPH, 0.0
00000169, FLSpeedKPH, 0.0
00000169, FRSpeedKPH, 0.0
00000169, TCTorqueMax, 3.392
00000169, TCLeftSlip, -0.999
00000169, TCRightSlip, -0.999
00000169, TCTorqueAdjustment, 0.0
00000169, VoltageCellMuxSelect, 7
00000169, VoltageCell22, 3.8691
00000169, VoltageCell23, 3.8702
00000169, VoltageCell24, 3.8711
0000016A, IVT_MsgID_RX, 0
0000016A, IVT_MsgCount, 11
0000016A, IVT_Result_state, 0
0000016A, IVT_I, -0.002
0000016A, AdjustedVoltageCellMuxSelect, 7
0000016A, AdjustedVoltageCell22, 3.8692
0000016A, AdjustedVoltageCell23, 3.8702
0000016A, AdjustedVoltageCell24, 3.8711
0000016A, TempChannelMuxSelect, 7
0000016A, TempChannel22, 0.0
0000016A, TempChannel23, 0.0
0000016A, TempChannel24, 0.0
00000199, ChannelCurrentRadiator, 0.214
00000199, ChannelCurrentAccFan, 0.214
00000199, ChannelCurrentPump1, 0.0
00000199, ChannelCurrentPump2, 0.214
00000199, ChannelCurrentAUX1, 0.0
00000199, ChannelCurrentAUX2, 0.214
00000199, ChannelCurrentAUX3, 0.0
00000199, ChannelCurrentAUX4, 0.161
00000199, ChannelCurrentBMU, 0.523
00000199, ChannelCurrentCDU, 0.362
00000199, ChannelCurrentTCU, 0.375
00000199, ChannelCurrentWSB, 0.604
00000199, ChannelCurrentBrakeLight, 0.0
00000199, ChannelCurrentInverter, 0.0
00000199, IVT_MsgID_RX, 1
00000199, IVT_MsgCount, 4
00000199, IVT_Result_state, 0
00000199, IVT_U1, -0.006
00000199, IVT_MsgID_RX, 2
00000199, IVT_MsgCount, 4
00000199, IVT_Result_state, 0
00000199, IVT_U2, 0.01
0000019A, IVT_MsgID_RX, 3
0000019A, IVT_MsgCount, 4
0000019A, IVT_Result_state, 0
0000019A, IVT_U3, 0.016
0000019A, IVT_MsgID_RX, 7
0000019A, IVT_MsgCount, 8
0000019A, IVT_Result_state, 0
0000019A, IVT_Wh, 0
0000019B, IVT_MsgID_RX, 0
0000019B, IVT_MsgCount, 12
0000019B, IVT_Result_state, 0
0000019B, IVT_I, 0.003
0000019B, VCU_wheelSpeed_RL, 0.0
0000019B, VCU_wheelSpeed_RR, 0.0
0000019B, RLSpeedKPH, 0.0
0000019B, RRSpeedKPH, 0.0
0000019B, FLSpeedKPH, 0.0
0000019B, FRSpeedKPH, 0.0
0000019B, TCTorqueMax, 3.392
0000019B, TCLeftSlip, -0.999
0000019B, TCRightSlip, -0.999
0000019B, TCTorqueAdjustment, 0.0
0000019B, IVT_MsgID_RX, 0
0000019B, IVT_MsgCount, 13
0000019B, IVT_Result_state, 0
0000019B, IVT_I, 0.005
0000019B, IVT_MsgID_RX, 7
0000019B, IVT_MsgCount, 9
0000019B, IVT_Result_state, 0
0000019B, IVT_Wh, 0
0000019B, BMU_checkFailed, BSPD_FAILED
0000019B, BMU_InterlockInitialized, 0
0000019B, VoltageCellMuxSelect, 8
0000019B, VoltageCell25, 3.9108
0000019B, VoltageCell26, 3.8713
0000019B, VoltageCell27, 3.8665000000000003
0000019C, AdjustedVoltageCellMuxSelect, 8
0000019C, AdjustedVoltageCell25, 3.9108
0000019C, AdjustedVoltageCell26, 3.8714000000000004
0000019C, AdjustedVoltageCell27, 3.8665000000000003
0000019C, BrakeTempRear, 12.47999999999999
0000019C, BrakeTempRearAccuracy, 0
000001CB, VoltageBusHV, 0.0
000001CB, VoltageCellMax, 4.0883
000001CB, VoltageCellMin, 3.8658
000001CB, CurrentBusHV, 0.0
000001CB, TempChannelMuxSelect, 8
000001CB, TempChannel25, 0.0
000001CB, TempChannel26, 0.0
000001CB, TempChannel27, 0.0
000001CB, IVT_MsgID_RX, 0
000001CB, IVT_MsgCount, 14
000001CB, IVT_Result_state, 0
000001CB, IVT_I, 0.008
000001CC, AMS_PackVoltage, 546.85
000001CC, VCU_wheelSpeed_RL, 0.0
000001CC, VCU_wheelSpeed_RR, 0.0
000001CC, RLSpeedKPH, 0.0
000001CC, RRSpeedKPH, 0.0
000001CC, FLSpeedKPH, 0.0
000001CC, FRSpeedKPH, 0.0
000001CC, TCTorqueMax, 3.392
000001CC, TCLeftSlip, -0.999
000001CC, TCRightSlip, -0.999
000001CC, TCTorqueAdjustment, 0.0
000001CC, IVT_MsgID_RX, 1
000001CC, IVT_MsgCount, 5
000001CC, IVT_Result_state, 0
000001CC, IVT_U1, -0.06
000001CD, IVT_MsgID_RX, 2
000001CD, IVT_MsgCount, 5
000001CD, IVT_Result_state, 0
000001CD, IVT_U2, -0.008
000001CD, IVT_MsgID_RX, 3
000001CD, IVT_MsgCount, 5
000001CD, IVT_Result_state, 0
000001CD, IVT_U3, 0.049
000001CD, IVT_MsgID_RX, 7
000001CD, IVT_MsgCount, 10
000001CD, IVT_Result_state, 0
000001CD, IVT_Wh, 0
000001CD, IVT_MsgID_RX, 0
000001CD, IVT_MsgCount, 15
000001CD, IVT_Result_state, 0
000001CD, IVT_I, 0.003
000001CD, StateBatteryChargeHV, 98.80000000000001
000001CD, StateBatteryHealthHV, 0.0
000001CD, StateBatteryPowerHV, 331.90000000000003
000001CD, TempCellMax, 156.0
000001CD, TempCellMin, 55.0
000001CD, StateBMS, Wait_System_Up
000001CD, HighestTempThermistor, 0
000001CD, VCU_wheelSpeed_RL, 0.0
000001CD, VCU_wheelSpeed_RR, 0.0
000001CD, IVT_MsgID_RX, 0
000001CD, IVT_MsgCount, 0
000001CD, IVT_Result_state, 0
000001CD, IVT_I, 0.003
000001CD, RLSpeedKPH, 0.0
000001CD, RRSpeedKPH, 0.0
000001CD, FLSpeedKPH, 0.0
000001CD, FRSpeedKPH, 0.0
000001CE, AdjustedVoltageCellMuxSelect, 9
000001CE, AdjustedVoltageCell28, 3.9810000000000003
000001CE, AdjustedVoltageCell29, 3.9516
000001CE, AdjustedVoltageCell30, 3.9505000000000003
000001CE, TCTorqueMax, 3.392
000001CE, TCLeftSlip, -0.999
000001CE, TCRightSlip, -0.999
000001CE, TCTorqueAdjustment, 0.0
000001CF, TempChannelMuxSelect, 9
000001CF, TempChannel28, 21.24000000000001
000001CF, TempChannel29, 21.22
000001CF, TempChannel30, 21.24000000000001
000001FD, IVT_MsgID_RX, 7
000001FD, IVT_MsgCount, 11
000001FD, IVT_Result_state, 0
000001FD, IVT_Wh, 0
000001FD, ChannelCurrentRadiator, 0.214
000001FD, ChannelCurrentAccFan, 0.228
000001FD, ChannelCurrentPump1, 0.0
000001FD, ChannelCurrentPump2, 0.214
000001FD, ChannelCurrentAUX1, 0.0
000001FD, ChannelCurrentAUX2, 0.201
000001FD, ChannelCurrentAUX3, 0.0
000001FD, ChannelCurrentAUX4, 0.214
000001FD, ChannelCurrentBMU, 0.496
000001FD, ChannelCurrentCDU, 0.362
000001FD, ChannelCurrentTCU, 0.362
000001FD, ChannelCurrentWSB, 0.604
000001FD, ChannelCurrentBrakeLight, 0.0
000001FD, ChannelCurrentInverter, 0.0
000001FD, IVT_MsgID_RX, 0
000001FD, IVT_MsgCount, 1
000001FD, IVT_Result_state, 0
000001FD, IVT_I, 0.0
000001FD, VCU_wheelSpeed_RL, 0.0
000001FD, VCU_wheelSpeed_RR, 0.0
000001FD, RLSpeedKPH, 0.0
000001FD, RRSpeedKPH, 0.0
000001FD, FLSpeedKPH, 0.0
000001FD, FRSpeedKPH, 0.0
000001FD, TCTorqueMax, 3.392
000001FD, TCLeftSlip, -0.999
000001FD, TCRightSlip, -0.999
000001FD, TCTorqueAdjustment, 0.0
000001FE, IVT_MsgID_RX, 1
000001FE, IVT_MsgCount, 6
000001FE, IVT_Result_state, 0
000001FE, IVT_U1, -0.043000000000000003
000001FE, IVT_MsgID_RX, 2
000001FE, IVT_MsgCount, 6
000001FE, IVT_Result_state, 0
000001FE, IVT_U2, -0.014
000001FE, IVT_MsgID_RX, 3
000001FE, IVT_MsgCount, 6
000001FE, IVT_Result_state, 0
000001FE, IVT_U3, -0.006
000001FE, IVT_MsgID_RX, 7
000001FE, IVT_MsgCount, 12
000001FE, IVT_Result_state, 0
000001FE, IVT_Wh, 0
000001FF, IVT_MsgID_RX, 0
000001FF, IVT_MsgCount, 2
000001FF, IVT_Result_state, 0
000001FF, IVT_I, 0.0
000001FF, ThrottlePercent, 0
000001FF, BrakePercent, 0
000001FF, brakePressure, 10
000001FF, SteeringAngle, -53
000001FF, BrakeWhileThrottle, 0
000001FF, BMU_checkFailed, BSPD_FAILED
000001FF, BMU_InterlockInitialized, 0
00000200, VoltageCellMuxSelect, 10
00000200, VoltageCell31, 3.9021000000000003
00000200, VoltageCell32, 3.8691
00000200, VoltageCell33, 3.8707000000000003
00000200, AdjustedVoltageCellMuxSelect, 10
00000200, AdjustedVoltageCell31, 3.9016
00000200, AdjustedVoltageCell32, 3.8689
00000200, AdjustedVoltageCell33, 3.8706
00000200, TempChannelMuxSelect, 10
00000200, TempChannel31, 0.0
00000200, TempChannel32, 0.0
00000200, TempChannel33, 0.0
00000200, BrakeTempRear, 12.109999999999985
00000200, BrakeTempRearAccuracy, 0
0000022F, IVT_MsgID_RX, 0
0000022F, IVT_MsgCount, 3
0000022F, IVT_Result_state, 0
0000022F, IVT_I, 0.0
0000022F, VoltageBusHV, 0.0
0000022F, VoltageCellMax, 4.0883
0000022F, VoltageCellMin, 3.8658
0000022F, CurrentBusHV, 0.0
0000022F, AMS_PackVoltage, 546.85
0000022F, IVT_MsgID_RX, 7
0000022F, IVT_MsgCount, 13
0000022F, IVT_Result_state, 0
0000022F, IVT_Wh, 0
0000022F, VCU_wheelSpeed_RL, 0.0
0000022F, VCU_wheelSpeed_RR, 0.0
0000022F, RLSpeedKPH, 0.0
0000022F, RRSpeedKPH, 0.0
0000022F, FLSpeedKPH, 0.0
0000022F, FRSpeedKPH, 0.0
0000022F, TCTorqueMax, 3.392
0000022F, TCLeftSlip, -0.999
0000022F, TCRightSlip, -0.999
0000022F, TCTorqueAdjustment, 0.0
0000022F, IVT_MsgID_RX, 0
0000022F, IVT_MsgCount, 4
0000022F, IVT_Result_state, 0
0000022F, IVT_I, 0.006
00000231, ThrottlePercent, 0
00000231, BrakePercent, 0
00000231, brakePressure, 10
00000231, SteeringAngle, -53
00000231, BrakeWhileThrottle, 0
00000231, IVT_MsgID_RX, 1
00000231, IVT_MsgCount, 7
00000231, IVT_Result_state, 0
00000231, IVT_U1, 0.01
00000231, IVT_MsgID_RX, 2
00000231, IVT_MsgCount, 7
00000231, IVT_Result_state, 0
00000231, IVT_U2, 0.022
00000231, IVT_MsgID_RX, 3
00000231, IVT_MsgCount, 7
00000231, IVT_Result_state, 0
00000231, IVT_U3, 0.016
00000231, IVT_MsgID_RX, 7
00000231, IVT_MsgCount, 14
00000231, IVT_Result_state, 0
00000231, IVT_Wh, 0
00000231, IVT_MsgID_RX, 0
00000231, IVT_MsgCount, 5
00000231, IVT_Result_state, 0
00000231, IVT_I, 0.004
00000231, VoltageBusLV, 11.784
00000231, CurrentBusLV, 0.0
00000231, PowerBusLV, 0
00000231, VCU_wheelSpeed_RL, 0.0
00000231, VCU_wheelSpeed_RR, 0.0
00000232, RLSpeedKPH, 0.0
00000232, RRSpeedKPH, 0.0
00000232, FLSpeedKPH, 0.0
00000232, FRSpeedKPH, 0.0
00000261, TCTorqueMax, 3.392
00000261, TCLeftSlip, -0.999
00000261, TCRightSlip, -0.999
00000261, TCTorqueAdjustment, 0.0
00000261, ChannelCurrentRadiator, 0.201
00000261, ChannelCurrentAccFan, 0.201
00000261, ChannelCurrentPump1, 0.0
00000261, ChannelCurrentPump2, 0.214
00000261, ChannelCurrentAUX1, 0.0
00000261, ChannelCurrentAUX2, 0.201
00000261, ChannelCurrentAUX3, 0.0
00000261, ChannelCurrentAUX4, 0.161
00000261, ChannelCurrentBMU, 0.523
00000261, ChannelCurrentCDU, 0.389
00000261, ChannelCurrentTCU, 0.362
00000261, ChannelCurrentWSB, 0.631
00000261, ChannelCurrentBrakeLight, 0.0
00000261, ChannelCurrentInverter, 0.0
00000262, IVT_MsgID_RX, 0
00000262, IVT_MsgCount, 6
00000262, IVT_Result_state, 0
00000262, IVT_I, 0.01
00000262, StateBatteryChargeHV, 98.80000000000001
00000262, StateBatteryHealthHV, 0.0
00000262, StateBatteryPowerHV, 331.90000000000003
00000262, TempCellMax, 156.0
00000262, TempCellMin, 55.0
00000262, StateBMS, Wait_System_Up
00000262, HighestTempThermistor, 0
00000262, VoltageCellMuxSelect, 11
00000262, VoltageCell34, 3.87
00000262, VoltageCell35, 3.8697000000000004
00000262, VoltageCell36, 3.8685
00000263, AdjustedVoltageCellMuxSelect, 11
00000263, AdjustedVoltageCell34, 3.87
00000263, AdjustedVoltageCell35, 3.8698
00000263, AdjustedVoltageCell36, 3.8685
00000263, TempChannelMuxSelect, 11
00000263, TempChannel34, 0.0
00000263, TempChannel35, 0.0
00000263, TempChannel36, 0.0
00000263, IVT_MsgID_RX, 7
00000263, IVT_MsgCount, 15
00000263, IVT_Result_state, 0
00000263, IVT_Wh, 0
00000263, IVT_MsgID_RX, 0
00000263, IVT_MsgCount, 7
00000263, IVT_Result_state, 0
00000263, IVT_I, 0.0
00000263, VCU_wheelSpeed_RL, 0.0
00000263, VCU_wheelSpeed_RR, 0.0
00000263, RLSpeedKPH, 0.0
00000263, RRSpeedKPH, 0.0
00000263, FLSpeedKPH, 0.0
00000263, FRSpeedKPH, 0.0
00000263, TCTorqueMax, 3.392
00000263, TCLeftSlip, -0.999
00000263, TCRightSlip, -0.999
00000263, TCTorqueAdjustment, 0.0
00000263, ThrottlePercent, 0
00000263, BrakePercent, 0
00000263, brakePressure, 10
00000263, SteeringAngle, -53
00000263, BrakeWhileThrottle, 0
00000264, BMU_checkFailed, BSPD_FAILED
00000264, BMU_InterlockInitialized, 0
00000264, VoltageCellMuxSelect, 12
00000264, VoltageCell37, 3.8694
00000264, VoltageCell38, 3.9598
00000264, VoltageCell39, 3.9496
00000264, AdjustedVoltageCellMuxSelect, 12
00000264, AdjustedVoltageCell37, 3.869
00000264, AdjustedVoltageCell38, 3.9599
00000264, AdjustedVoltageCell39, 3.9495
00000264, TempChannelMuxSelect, 12
00000264, TempChannel37, 0.0
00000264, TempChannel38, 0.0
00000264, TempChannel39, 0.0
00000267, BrakeTempRear, 11.109999999999985
00000267, BrakeTempRearAccuracy, 0
00000293, IVT_MsgID_RX, 1
00000293, IVT_MsgCount, 8
00000293, IVT_Result_state, 0
00000293, IVT_U1, -0.024
00000293, IVT_MsgID_RX, 2
00000293, IVT_MsgCount, 8
00000293, IVT_Result_state, 0
00000293, IVT_U2, -0.006
00000293, IVT_MsgID_RX, 3
00000293, IVT_MsgCount, 8
00000293, IVT_Result_state, 0
00000293, IVT_U3, 0.076
00000293, IVT_MsgID_RX, 7
00000293, IVT_MsgCount, 0
00000293, IVT_Result_state, 0
00000293, IVT_Wh, 0
00000293, IVT_MsgID_RX, 0
00000293, IVT_MsgCount, 8
00000293, IVT_Result_state, 0
00000293, IVT_I, 0.001
00000293, VoltageBusHV, 0.0
00000293, VoltageCellMax, 4.0883
00000293, VoltageCellMin, 3.8658
00000293, CurrentBusHV, 0.0
00000293, AMS_PackVoltage, 546.85
00000293, VCU_wheelSpeed_RL, 0.0
00000293, VCU_wheelSpeed_RR, 0.0
00000293, RLSpeedKPH, 0.0
00000293, RRSpeedKPH, 0.0
00000293, FLSpeedKPH, 0.0
00000293, FRSpeedKPH, 0.0
00000294, IVT_MsgID_RX, 0
00000294, IVT_MsgCount, 9
00000294, IVT_Result_state, 0
00000294, IVT_I, 0.005
00000294, TCTorqueMax, 3.392
00000294, TCLeftSlip, -0.999
00000294, TCRightSlip, -0.999
00000294, TCTorqueAdjustment, 0.0
00000294, IVT_MsgID_RX, 7
00000294, IVT_MsgCount, 1
00000294, IVT_Result_state, 0
00000294, IVT_Wh, 0
00000294, ThrottlePercent, 0
00000294, BrakePercent, 0
00000294, brakePressure, 10
00000294, SteeringAngle, -53
00000294, BrakeWhileThrottle, 0
00000294, IVT_MsgID_RX, 0
00000294, IVT_MsgCount, 10
00000294, IVT_Result_state, 0
00000294, IVT_I, 0.003
00000295, VoltageCellMuxSelect, 13
00000295, VoltageCell40, 3.9516
00000295, VoltageCell41, 3.9041
00000295, VoltageCell42, 3.9361
00000295, AdjustedVoltageCellMuxSelect, 13
00000295, AdjustedVoltageCell40, 3.9516
00000295, AdjustedVoltageCell41, 3.9040000000000004
00000295, AdjustedVoltageCell42, 3.9361
00000295, TempChannelMuxSelect, 13
00000295, TempChannel40, 0.0
00000295, TempChannel41, 0.0
00000295, TempChannel42, 21.370000000000005
000002C5, VCU_wheelSpeed_RL, 0.0
000002C5, VCU_wheelSpeed_RR, 0.0
000002C5, RLSpeedKPH, 0.0
000002C5, RRSpeedKPH, 0.0
000002C5, FLSpeedKPH, 0.0
000002C5, FRSpeedKPH, 0.0
000002C5, ChannelCurrentRadiator, 0.214
000002C5, ChannelCurrentAccFan, 0.201
000002C5, ChannelCurrentPump1, 0.0
000002C5, ChannelCurrentPump2, 0.214
000002C5, TCTorqueMax, 3.392
000002C5, TCLeftSlip, -0.999
000002C5, TCRightSlip, -0.999
000002C5, TCTorqueAdjustment, 0.0
000002C5, ChannelCurrentAUX1, 0.0
000002C5, ChannelCurrentAUX2, 0.228
000002C5, ChannelCurrentAUX3, 0.0
000002C5, ChannelCurrentAUX4, 0.187
000002C5, ChannelCurrentBMU, 0.51
000002C5, ChannelCurrentCDU, 0.34900000000000003
000002C5, ChannelCurrentTCU, 0.362
000002C5, ChannelCurrentWSB, 0.725
000002C5, ChannelCurrentBrakeLight, 0.0
000002C5, ChannelCurrentInverter, 0.0
000002C5, IVT_MsgID_RX, 1
000002C5, IVT_MsgCount, 9
000002C5, IVT_Result_state, 0
000002C5, IVT_U1, -0.022
000002C6, IVT_MsgID_RX, 2
000002C6, IVT_MsgCount, 9
000002C6, IVT_Result_state, 0
000002C6, IVT_U2, -0.012
000002C6, IVT_MsgID_RX, 3
000002C6, IVT_MsgCount, 9
000002C6, IVT_Result_state, 0
000002C6, IVT_U3, 0.006
000002C6, IVT_MsgID_RX, 7
000002C6, IVT_MsgCount, 2
000002C6, IVT_Result_state, 0
000002C6, IVT_Wh, 0
000002C7, IVT_MsgID_RX, 0
000002C7, IVT_MsgCount, 11
000002C7, IVT_Result_state, 0
000002C7, IVT_I, 0.001
000002C7, IVT_MsgID_RX, 0
000002C7, IVT_MsgCount, 12
000002C7, IVT_Result_state, 0
000002C7, IVT_I, 0.004
000002C7, StateBatteryChargeHV, 98.80000000000001
000002C7, StateBatteryHealthHV, 0.0
000002C7, StateBatteryPowerHV, 331.90000000000003
000002C7, TempCellMax, 156.0
000002C7, TempCellMin, 55.0
000002C7, StateBMS, Wait_System_Up
000002C7, HighestTempThermistor, 0
000002C7, ThrottlePercent, 0
000002C7, BrakePercent, 0
000002C7, brakePressure, 10
000002C7, SteeringAngle, -53
000002C7, BrakeWhileThrottle, 0
000002C7, VCU_wheelSpeed_RL, 0.0
000002C7, VCU_wheelSpeed_RR, 0.0
000002C7, IVT_MsgID_RX, 7
000002C7, IVT_MsgCount, 3
000002C7, IVT_Result_state, 0
000002C7, IVT_Wh, 0
000002C8, RLSpeedKPH, 0.0
000002C8, RRSpeedKPH, 0.0
000002C8, FLSpeedKPH, 0.0
000002C8, FRSpeedKPH, 0.0
000002C8, TCTorqueMax, 3.392
000002C8, TCLeftSlip, -0.999
000002C8, TCRightSlip, -0.999
000002C8, TCTorqueAdjustment, 0.0
000002C8, BMU_checkFailed, BSPD_FAILED
000002C8, BMU_InterlockInitialized, 0
000002C8, VoltageCellMuxSelect, 14
000002C8, VoltageCell43, 3.9371
000002C8, VoltageCell44, 3.9347000000000003
000002C8, VoltageCell45, 3.9374000000000002
000002C8, AdjustedVoltageCellMuxSelect, 14
000002C8, AdjustedVoltageCell43, 3.9370000000000003
000002C8, AdjustedVoltageCell44, 3.9347000000000003
000002C8, AdjustedVoltageCell45, 3.9373
000002C8, IVT_MsgID_RX, 0
000002C8, IVT_MsgCount, 13
000002C8, IVT_Result_state, 0
000002C8, IVT_I, 0.004
000002C8, BrakeTempRear, 13.210000000000008
000002C8, BrakeTempRearAccuracy, 0
000002F7, TempChannelMuxSelect, 14
000002F7, TempChannel43, 21.370000000000005
000002F7, TempChannel44, 21.290000000000006
000002F7, TempChannel45, 21.430000000000007
000002F7, VoltageBusHV, 0.0
000002F7, VoltageCellMax, 4.0883
000002F7, VoltageCellMin, 3.8658
000002F7, CurrentBusHV, 0.0
000002F8, AMS_PackVoltage, 546.86
000002F8, IVT_MsgID_RX, 1
000002F8, IVT_MsgCount, 10
000002F8, IVT_Result_state, 0
000002F8, IVT_U1, -0.043000000000000003
000002F8, IVT_MsgID_RX, 2
000002F8, IVT_MsgCount, 10
000002F8, IVT_Result_state, 0
000002F8, IVT_U2, -0.195
000002F8, IVT_MsgID_RX, 3
000002F8, IVT_MsgCount, 10
000002F8, IVT_Result_state, 0
000002F8, IVT_U3, 0.049
000002F8, IVT_MsgID_RX, 7
000002F8, IVT_MsgCount, 4
000002F8, IVT_Result_state, 0
000002F8, IVT_Wh, 0
000002F8, IVT_MsgID_RX, 0
000002F8, IVT_MsgCount, 14
000002F8, IVT_Result_state, 0
000002F8, IVT_I, 0.01
000002F8, VCU_wheelSpeed_RL, 0.0
000002F8, VCU_wheelSpeed_RR, 0.0
000002F9, RLSpeedKPH, 0.0
000002F9, RRSpeedKPH, 0.0
000002F9, FLSpeedKPH, 0.0
000002F9, FRSpeedKPH, 0.0
000002F9, TCTorqueMax, 3.392
000002F9, TCLeftSlip, -0.999
000002F9, TCRightSlip, -0.999
000002F9, TCTorqueAdjustment, 0.0
000002F9, ThrottlePercent, 0
000002F9, BrakePercent, 0
000002F9, brakePressure, 10
000002F9, SteeringAngle, -53
000002F9, BrakeWhileThrottle, 0
000002F9, IVT_MsgID_RX, 0
000002F9, IVT_MsgCount, 15
000002F9, IVT_Result_state, 0
000002F9, IVT_I, 0.004
000002F9, VoltageCellMuxSelect, 15
000002F9, VoltageCell46, 3.9396
000002F9, VoltageCell47, 3.9025000000000003
000002F9, VoltageCell48, 4.0883
000002F9, IVT_MsgID_RX, 7
000002F9, IVT_MsgCount, 5
000002F9, IVT_Result_state, 0
000002F9, IVT_Wh, 0
000002F9, AdjustedVoltageCellMuxSelect, 15
000002F9, AdjustedVoltageCell46, 3.9395000000000002
000002F9, AdjustedVoltageCell47, 3.9024
000002F9, AdjustedVoltageCell48, 4.0883
000002F9, TempChannelMuxSelect, 15
000002F9, TempChannel46, 21.129999999999995
000002F9, TempChannel47, 0.0
000002F9, TempChannel48, 0.0
00000329, ChannelCurrentRadiator, 0.201
00000329, ChannelCurrentAccFan, 0.214
00000329, ChannelCurrentPump1, 0.0
00000329, ChannelCurrentPump2, 0.214
00000329, ChannelCurrentAUX1, 0.0
00000329, ChannelCurrentAUX2, 0.214
00000329, ChannelCurrentAUX3, 0.0
00000329, ChannelCurrentAUX4, 0.17400000000000002
00000329, ChannelCurrentBMU, 0.456
00000329, ChannelCurrentCDU, 0.362
00000329, ChannelCurrentTCU, 0.362
00000329, ChannelCurrentWSB, 0.617
00000329, ChannelCurrentBrakeLight, 0.0
00000329, ChannelCurrentInverter, 0.0
00000329, VCU_wheelSpeed_RL, 0.0
00000329, VCU_wheelSpeed_RR, 0.0
00000329, IVT_MsgID_RX, 0
00000329, IVT_MsgCount, 0
00000329, IVT_Result_state, 0
00000329, IVT_I, 0.005
00000329, RLSpeedKPH, 0.0
00000329, RRSpeedKPH, 0.0
00000329, FLSpeedKPH, 0.0
00000329, FRSpeedKPH, 0.0
00000329, TCTorqueMax, 3.392
00000329, TCLeftSlip, -0.999
00000329, TCRightSlip, -0.999
00000329, TCTorqueAdjustment, 0.0
0000032A, IVT_MsgID_RX, 1
0000032A, IVT_MsgCount, 11
0000032A, IVT_Result_state, 0
0000032A, IVT_U1, -0.02
0000032A, IVT_MsgID_RX, 2
0000032A, IVT_MsgCount, 11
0000032A, IVT_Result_state, 0
0000032A, IVT_U2, -0.13
0000032A, IVT_MsgID_RX, 3
0000032A, IVT_MsgCount, 11
0000032A, IVT_Result_state, 0
0000032A, IVT_U3, 0.039
0000032A, IVT_MsgID_RX, 7
0000032A, IVT_MsgCount, 6
0000032A, IVT_Result_state, 0
0000032A, IVT_Wh, 0
0000032A, IVT_MsgID_RX, 0
0000032A, IVT_MsgCount, 1
0000032A, IVT_Result_state, 0
0000032A, IVT_I, 0.003
0000032A, ThrottlePercent, 0
0000032A, BrakePercent, 0
0000032A, brakePressure, 10
0000032A, SteeringAngle, -53
0000032A, BrakeWhileThrottle, 0
0000032B, VCU_wheelSpeed_RL, 0.0
0000032B, VCU_wheelSpeed_RR, 0.0
0000032B, RLSpeedKPH, 0.0
0000032B, RRSpeedKPH, 0.0
0000032B, FLSpeedKPH, 0.0
0000032B, FRSpeedKPH, 0.0
0000032B, TCTorqueMax, 3.392
0000032B, TCLeftSlip, -0.999
0000032B, TCRightSlip, -0.999
0000032B, TCTorqueAdjustment, 0.0
0000032C, IVT_MsgID_RX, 0
0000032C, IVT_MsgCount, 2
0000032C, IVT_Result_state, 0
0000032C, IVT_I, 0.005
0000032C, BrakeTempRear, 12.47999999999999
0000032C, BrakeTempRearAccuracy, 0
0000035B, StateBatteryChargeHV, 98.80000000000001
0000035B, StateBatteryHealthHV, 0.0
0000035B, StateBatteryPowerHV, 331.90000000000003
0000035B, TempCellMax, 156.0
0000035B, TempCellMin, 55.0
0000035B, StateBMS, Wait_System_Up
0000035B, HighestTempThermistor, 0
0000035B, BMU_checkFailed, BSPD_FAILED
0000035B, BMU_InterlockInitialized, 0
0000035B, VoltageCellMuxSelect, 16
0000035B, VoltageCell49, 4.057
0000035B, VoltageCell50, 4.0536
0000035B, VoltageCell51, 3.894
0000035B, AdjustedVoltageCellMuxSelect, 16
0000035B, AdjustedVoltageCell49, 4.057
0000035B, AdjustedVoltageCell50, 4.0537
0000035B, AdjustedVoltageCell51, 3.8933
0000035B, IVT_MsgID_RX, 7
0000035B, IVT_MsgCount, 7
0000035B, IVT_Result_state, 0
0000035B, IVT_Wh, 0
0000035B, TempChannelMuxSelect, 16
0000035B, TempChannel49, 0.0
0000035B, TempChannel50, 0.0
0000035B, TempChannel51, 0.0
0000035B, VoltageBusHV, 0.0
0000035B, VoltageCellMax, 4.0883
0000035B, VoltageCellMin, 3.8658
0000035B, CurrentBusHV, 0.0
0000035B, IVT_MsgID_RX, 0
0000035B, IVT_MsgCount, 3
0000035B, IVT_Result_state, 0
0000035B, IVT_I, 0.001
0000035C, AMS_PackVoltage, 546.86
0000035C, VCU_wheelSpeed_RL, 0.0
0000035C, VCU_wheelSpeed_RR, 0.0
0000035D, RLSpeedKPH, 0.0
0000035D, RRSpeedKPH, 0.0
0000035D, FLSpeedKPH, 0.0
0000035D, FRSpeedKPH, 0.0
0000035D, TCTorqueMax, 3.392
0000035D, TCLeftSlip, -0.999
0000035D, TCRightSlip, -0.999
0000035D, TCTorqueAdjustment, 0.0
0000035D, IVT_MsgID_RX, 1
0000035D, IVT_MsgCount, 12
0000035D, IVT_Result_state, 0
0000035D, IVT_U1, 0.012
0000035D, IVT_MsgID_RX, 2
0000035D, IVT_MsgCount, 12
0000035D, IVT_Result_state, 0
0000035D, IVT_U2, -0.035
0000035D, IVT_MsgID_RX, 3
0000035D, IVT_MsgCount, 12
0000035D, IVT_Result_state, 0
0000035D, IVT_U3, 0.045
0000035D, IVT_MsgID_RX, 7
0000035D, IVT_MsgCount, 8
0000035D, IVT_Result_state, 0
0000035D, IVT_Wh, 0
0000035D, IVT_MsgID_RX, 0
0000035D, IVT_MsgCount, 4
0000035D, IVT_Result_state, 0
0000035D, IVT_I, 0.0
0000035E, ThrottlePercent, 0
0000035E, BrakePercent, 0
0000035E, brakePressure, 10
0000035E, SteeringAngle, -53
0000035E, BrakeWhileThrottle, 0
0000035E, VoltageCellMuxSelect, 17
0000035E, VoltageCell52, 3.9215
0000035E, VoltageCell53, 3.9221000000000004
0000035E, VoltageCell54, 3.9219000000000004
0000035E, AdjustedVoltageCellMuxSelect, 17
0000035E, AdjustedVoltageCell52, 3.9214
0000035E, AdjustedVoltageCell53, 3.9221000000000004
0000035E, AdjustedVoltageCell54, 3.9219000000000004
0000035E, TempChannelMuxSelect, 17
0000035E, TempChannel52, 0.0
0000035E, TempChannel53, 0.0
0000035E, TempChannel54, 0.0
0000038D, IVT_MsgID_RX, 0
0000038D, IVT_MsgCount, 5
0000038D, IVT_Result_state, 0
0000038D, IVT_I, 0.003
0000038D, ChannelCurrentRadiator, 0.187
0000038D, ChannelCurrentAccFan, 0.228
0000038D, ChannelCurrentPump1, 0.0
0000038D, ChannelCurrentPump2, 0.17400000000000002
0000038D, ChannelCurrentAUX1, 0.0
0000038D, ChannelCurrentAUX2, 0.214
0000038D, ChannelCurrentAUX3, 0.0
0000038D, ChannelCurrentAUX4, 0.17400000000000002
0000038E, ChannelCurrentBMU, 0.496
0000038E, ChannelCurrentCDU, 0.375
0000038E, ChannelCurrentTCU, 0.362
0000038E, ChannelCurrentWSB, 0.604
0000038E, ChannelCurrentBrakeLight, 0.0
0000038E, ChannelCurrentInverter, 0.0
0000038E, VCU_wheelSpeed_RL, 0.0
0000038E, VCU_wheelSpeed_RR, 0.0
0000038E, RLSpeedKPH, 0.0
0000038E, RRSpeedKPH, 0.0
0000038E, FLSpeedKPH, 0.0
0000038E, FRSpeedKPH, 0.0
0000038E, IVT_MsgID_RX, 7
0000038E, IVT_MsgCount, 9
0000038E, IVT_Result_state, 0
0000038E, IVT_Wh, 0
0000038F, TCTorqueMax, 3.392
0000038F, TCLeftSlip, -0.999
0000038F, TCRightSlip, -0.999
0000038F, TCTorqueAdjustment, 0.0
0000038F, IVT_MsgID_RX, 0
0000038F, IVT_MsgCount, 6
0000038F, IVT_Result_state, 0
0000038F, IVT_I, 0.0
0000038F, ThrottlePercent, 0
0000038F, BrakePercent, 0
0000038F, brakePressure, 10
0000038F, SteeringAngle, -53
0000038F, BrakeWhileThrottle, 0
0000038F, BMU_checkFailed, BSPD_FAILED
0000038F, BMU_InterlockInitialized, 0
0000038F, VoltageCellMuxSelect, 18
0000038F, VoltageCell55, 3.9227000000000003
0000038F, VoltageCell56, 3.9242000000000004
0000038F, VoltageCell57, 3.8972
0000038F, IVT_MsgID_RX, 1
0000038F, IVT_MsgCount, 13
0000038F, IVT_Result_state, 0
0000038F, IVT_U1, 0.049
0000038F, IVT_MsgID_RX, 2
0000038F, IVT_MsgCount, 13
0000038F, IVT_Result_state, 0
0000038F, IVT_U2, -0.027
0000038F, IVT_MsgID_RX, 3
0000038F, IVT_MsgCount, 13
0000038F, IVT_Result_state, 0
0000038F, IVT_U3, -0.002
00000390, IVT_MsgID_RX, 7
00000390, IVT_MsgCount, 10
00000390, IVT_Result_state, 0
00000390, IVT_Wh, 0
00000390, IVT_MsgID_RX, 0
00000390, IVT_MsgCount, 7
00000390, IVT_Result_state, 0
00000390, IVT_I, 0.001
00000391, AdjustedVoltageCellMuxSelect, 18
00000391, AdjustedVoltageCell55, 3.9227000000000003
00000391, AdjustedVoltageCell56, 3.9242000000000004
00000391, AdjustedVoltageCell57, 3.8958000000000004
00000391, VCU_wheelSpeed_RL, 0.0
00000391, VCU_wheelSpeed_RR, 0.0
00000391, BrakeTempRear, 15.400000000000006
00000391, BrakeTempRearAccuracy, 0
00000391, RLSpeedKPH, 0.0
00000391, RRSpeedKPH, 0.0
00000391, FLSpeedKPH, 0.0
00000391, FRSpeedKPH, 0.0
000003BF, TCTorqueMax, 3.392
000003BF, TCLeftSlip, -0.999
000003BF, TCRightSlip, -0.999
000003BF, TCTorqueAdjustment, 0.0
000003BF, IVT_MsgID_RX, 0
000003BF, IVT_MsgCount, 8
000003BF, IVT_Result_state, 0
000003BF, IVT_I, 0.003
000003BF, VoltageBusHV, 0.04
000003BF, VoltageCellMax, 4.0883
000003BF, VoltageCellMin, 3.8658
000003BF, CurrentBusHV, 0.0
000003BF, AMS_PackVoltage, 546.86
000003BF, StateBatteryChargeHV, 98.80000000000001
000003BF, StateBatteryHealthHV, 0.0
000003BF, StateBatteryPowerHV, 331.90000000000003
000003BF, TempCellMax, 156.0
000003BF, TempCellMin, 55.0
000003BF, StateBMS, Wait_System_Up
000003BF, HighestTempThermistor, 0
000003BF, TempChannelMuxSelect, 18
000003BF, TempChannel55, 21.47
000003BF, TempChannel56, 21.47
000003BF, TempChannel57, 21.47
000003BF, IVT_MsgID_RX, 7
000003BF, IVT_MsgCount, 11
000003BF, IVT_Result_state, 0
000003BF, IVT_Wh, 0
000003BF, VCU_wheelSpeed_RL, 0.0
000003BF, VCU_wheelSpeed_RR, 0.0
000003C0, RLSpeedKPH, 0.0
000003C0, RRSpeedKPH, 0.0
000003C0, FLSpeedKPH, 0.0
000003C0, FRSpeedKPH, 0.0
000003C0, IVT_MsgID_RX, 0
000003C0, IVT_MsgCount, 9
000003C0, IVT_Result_state, 0
000003C0, IVT_I, 0.008
000003C0, TCTorqueMax, 3.392
000003C0, TCLeftSlip, -0.999
000003C0, TCRightSlip, -0.999
000003C0, TCTorqueAdjustment, 0.0
000003C1, ThrottlePercent, 0
000003C1, BrakePercent, 0
000003C1, brakePressure, 10
000003C1, SteeringAngle, -53
000003C1, BrakeWhileThrottle, 0
000003C1, VoltageCellMuxSelect, 19
000003C1, VoltageCell58, 4.0818
000003C1, VoltageCell59, 4.0415
000003C1, VoltageCell60, 4.0528
000003C1, PDU_Heartbeat_dummydata, 0
000003C1, CarStateIsLV, -1
000003C1, CarStateIsEM, 0
000003C1, CarStateIsHV, 0
000003C1, AdjustedVoltageCellMuxSelect, 19
000003C1, AdjustedVoltageCell58, 4.083
000003C1, AdjustedVoltageCell59, 4.0414
000003C1, AdjustedVoltageCell60, 4.0528
000003C2, TempChannelMuxSelect, 19
000003C2, TempChannel58, 21.47
000003C2, TempChannel59, 21.47
000003C2, TempChannel60, 21.47
000003F1, IVT_MsgID_RX, 1
000003F1, IVT_MsgCount, 14
000003F1, IVT_Result_state, 0
000003F1, IVT_U1, -0.033
000003F1, IVT_MsgID_RX, 2
000003F1, IVT_MsgCount, 14
000003F1, IVT_Result_state, 0
000003F1, IVT_U2, 0.016
000003F1, IVT_MsgID_RX, 3
000003F1, IVT_MsgCount, 14
000003F1, IVT_Result_state, 0
000003F1, IVT_U3, 0.068
000003F1, IVT_MsgID_RX, 7
000003F1, IVT_MsgCount, 12
000003F1, IVT_Result_state, 0
000003F1, IVT_Wh, 0
000003F1, IVT_MsgID_RX, 0
000003F1, IVT_MsgCount, 10
000003F1, IVT_Result_state, 0
000003F1, IVT_I, 0.004
000003F1, ChannelCurrentRadiator, 0.228
000003F1, ChannelCurrentAccFan, 0.214
000003F1, ChannelCurrentPump1, 0.0
000003F1, ChannelCurrentPump2, 0.241
000003F1, ChannelCurrentAUX1, 0.0
000003F1, ChannelCurrentAUX2, 0.214
000003F1, ChannelCurrentAUX3, 0.0
000003F1, ChannelCurrentAUX4, 0.214
000003F1, ChannelCurrentBMU, 0.5630000000000001
000003F1, ChannelCurrentCDU, 0.34900000000000003
000003F1, ChannelCurrentTCU, 0.335
000003F1, ChannelCurrentWSB, 0.617
000003F3, ChannelCurrentBrakeLight, 0.0
000003F3, ChannelCurrentInverter, 0.0
000003F3, VCU_wheelSpeed_RL, 0.0
000003F3, VCU_wheelSpeed_RR, 0.0
000003F3, RLSpeedKPH, 0.0
000003F3, RRSpeedKPH, 0.0
000003F3, FLSpeedKPH, 0.0
000003F3, FRSpeedKPH, 0.0
000003F3, TCTorqueMax, 3.392
000003F3, TCLeftSlip, -0.999
000003F3, TCRightSlip, -0.999
000003F3, TCTorqueAdjustment, 0.0
000003F3, IVT_MsgID_RX, 0
000003F3, IVT_MsgCount, 11
000003F3, IVT_Result_state, 0
000003F3, IVT_I, 0.004
000003F3, IVT_MsgID_RX, 7
000003F3, IVT_MsgCount, 13
000003F3, IVT_Result_state, 0
000003F3, IVT_Wh, 0
000003F3, VCU_Heartbeat_dummydata, 0
000003F3, ThrottlePercent, 0
000003F3, BrakePercent, 0
000003F3, brakePressure, 10
000003F3, SteeringAngle, -53
000003F3, BrakeWhileThrottle, 0
000003F4, BMU_Heartbeat_dummydata, 0
000003F4, BMU_checkFailed, BSPD_FAILED
000003F4, BMU_InterlockInitialized, 0
000003F4, FanPeriod, -112
000003F4, BrakePressureBMU, 445.0
000003F4, VoltageCellMuxSelect, 20
000003F4, VoltageCell61, 3.8669000000000002
000003F4, VoltageCell62, 3.8694
000003F4, VoltageCell63, 3.8703000000000003
000003F4, AdjustedVoltageCellMuxSelect, 20
000003F4, AdjustedVoltageCell61, 3.8661000000000003
000003F4, AdjustedVoltageCell62, 3.8694
000003F4, AdjustedVoltageCell63, 3.8702
000003F5, IVT_MsgID_RX, 0
000003F5, IVT_MsgCount, 12
000003F5, IVT_Result_state, 0
000003F5, IVT_I, 0.005
000003F6, TempChannelMuxSelect, 20
000003F6, TempChannel61, 21.47
000003F6, TempChannel62, 0.0
000003F6, TempChannel63, 0.0
000003F6, BrakeTempRear, 12.930000000000007
000003F6, BrakeTempRearAccuracy, 0
00000423, VCU_wheelSpeed_RL, 0.0
00000423, VCU_wheelSpeed_RR, 0.0
00000423, RLSpeedKPH, 0.0
00000423, RRSpeedKPH, 0.0
00000423, FLSpeedKPH, 0.0
00000423, FRSpeedKPH, 0.0
00000423, TCTorqueMax, 3.392
00000423, TCLeftSlip, -0.999
00000423, TCRightSlip, -0.999
00000423, TCTorqueAdjustment, 0.0
00000423, IVT_MsgID_RX, 1
00000423, IVT_MsgCount, 15
00000423, IVT_Result_state, 0
00000423, IVT_U1, -0.035
00000423, IVT_MsgID_RX, 2
00000423, IVT_MsgCount, 15
00000423, IVT_Result_state, 0
00000423, IVT_U2, 0.01
00000423, IVT_MsgID_RX, 3
00000423, IVT_MsgCount, 15
00000423, IVT_Result_state, 0
00000423, IVT_U3, 0.033
00000423, IVT_MsgID_RX, 7
00000423, IVT_MsgCount, 14
00000423, IVT_Result_state, 0
00000423, IVT_Wh, 0
00000423, IVT_MsgID_RX, 0
00000423, IVT_MsgCount, 13
00000423, IVT_Result_state, 0
00000423, IVT_I, 0.005
00000423, VoltageBusHV, 0.0
00000423, VoltageCellMax, 4.0883
00000423, VoltageCellMin, 3.8658
00000423, CurrentBusHV, 0.0
00000424, AMS_PackVoltage, 546.86
00000424, IVT_MsgID_RX, 0
00000424, IVT_MsgCount, 14
00000424, IVT_Result_state, 0
00000424, IVT_I, 0.004
00000424, ThrottlePercent, 0
00000424, BrakePercent, 0
00000424, brakePressure, 10
00000424, SteeringAngle, -53
00000424, BrakeWhileThrottle, 0
00000425, VCU_wheelSpeed_RL, 0.0
00000425, VCU_wheelSpeed_RR, 0.0
00000425, StateBatteryChargeHV, 98.80000000000001
00000425, StateBatteryHealthHV, 0.0
00000425, StateBatteryPowerHV, 331.90000000000003
00000425, TempCellMax, 156.0
00000425, TempCellMin, 55.0
00000425, StateBMS, Wait_System_Up
00000425, HighestTempThermistor, 0
00000425, RLSpeedKPH, 0.0
00000425, RRSpeedKPH, 0.0
00000425, FLSpeedKPH, 0.0
00000425, FRSpeedKPH, 0.0
00000425, TCTorqueMax, 3.392
00000425, TCLeftSlip, -0.999
00000425, TCRightSlip, -0.999
00000425, TCTorqueAdjustment, 0.0
00000426, VoltageCellMuxSelect, 21
00000426, VoltageCell64, 3.8681
00000426, VoltageCell65, 3.8694
00000426, VoltageCell66, 3.8695000000000004
00000426, IVT_MsgID_RX, 7
00000426, IVT_MsgCount, 15
00000426, IVT_Result_state, 0
00000426, IVT_Wh, 0
00000426, VoltageBusLV, 11.8
00000426, CurrentBusLV, 0.0
00000426, PowerBusLV, 0
00000426, AdjustedVoltageCellMuxSelect, 21
00000426, AdjustedVoltageCell64, 3.8680000000000003
00000426, AdjustedVoltageCell65, 3.8693000000000004
00000426, AdjustedVoltageCell66, 3.8695000000000004
00000426, TempChannelMuxSelect, 21
00000426, TempChannel64, 0.0
00000426, TempChannel65, 0.0
00000426, TempChannel66, 0.0
00000455, IVT_MsgID_RX, 0
00000455, IVT_MsgCount, 15
00000455, IVT_Result_state, 0
00000455, IVT_I, 0.002
00000455, ChannelCurrentRadiator, 0.201
00000455, ChannelCurrentAccFan, 0.201
00000455, ChannelCurrentPump1, 0.0
00000455, ChannelCurrentPump2, 0.147
00000455, ChannelCurrentAUX1, 0.0
00000455, ChannelCurrentAUX2, 0.214
00000455, ChannelCurrentAUX3, 0.0
00000455, ChannelCurrentAUX4, 0.201
00000455, ChannelCurrentBMU, 0.55
00000455, ChannelCurrentCDU, 0.335
00000455, ChannelCurrentTCU, 0.335
00000455, ChannelCurrentWSB, 0.5630000000000001
00000455, ChannelCurrentBrakeLight, 0.0
00000455, ChannelCurrentInverter, 0.0
00000456, IVT_MsgID_RX, 1
00000456, IVT_MsgCount, 0
00000456, IVT_Result_state, 0
00000456, IVT_U1, -0.006
00000456, IVT_MsgID_RX, 2
00000456, IVT_MsgCount, 0
00000456, IVT_Result_state, 0
00000456, IVT_U2, -0.004
00000456, VCU_wheelSpeed_RL, 0.0
00000456, VCU_wheelSpeed_RR, 0.0
00000457, IVT_MsgID_RX, 3
00000457, IVT_MsgCount, 0
00000457, IVT_Result_state, 0
00000457, IVT_U3, 0.037
00000457, IVT_MsgID_RX, 7
00000457, IVT_MsgCount, 0
00000457, IVT_Result_state, 0
00000457, IVT_Wh, 0
00000457, IVT_MsgID_RX, 0
00000457, IVT_MsgCount, 0
00000457, IVT_Result_state, 0
00000457, IVT_I, 0.0
00000457, RLSpeedKPH, 0.0
00000457, RRSpeedKPH, 0.0
00000457, FLSpeedKPH, 0.0
00000457, FRSpeedKPH, 0.0
00000457, TCTorqueMax, 3.392
00000457, TCLeftSlip, -0.999
00000457, TCRightSlip, -0.999
00000457, TCTorqueAdjustment, 0.0
00000457, ThrottlePercent, 0
00000457, BrakePercent, 0
00000457, brakePressure, 10
00000457, SteeringAngle, -53
00000457, BrakeWhileThrottle, 0
00000457, IVT_MsgID_RX, 0
00000457, IVT_MsgCount, 1
00000457, IVT_Result_state, 0
00000457, IVT_I, 0.003
00000457, BMU_checkFailed, BSPD_FAILED
00000457, BMU_InterlockInitialized, 0
00000458, VoltageCellMuxSelect, 22
00000458, VoltageCell67, 3.8689
00000458, VoltageCell68, 3.9618
00000458, VoltageCell69, 3.9502
00000458, AdjustedVoltageCellMuxSelect, 22
00000458, AdjustedVoltageCell67, 3.8685
00000458, AdjustedVoltageCell68, 3.9623000000000004
00000458, AdjustedVoltageCell69, 3.9502
00000458, BrakeTempRear, 13.659999999999997
00000458, BrakeTempRearAccuracy, 0
00000487, IVT_MsgID_RX, 7
00000487, IVT_MsgCount, 1
00000487, IVT_Result_state, 0
00000487, IVT_Wh, 0
00000488, TempChannelMuxSelect, 22
00000488, TempChannel67, 0.0
00000488, TempChannel68, 0.0
00000488, TempChannel69, 21.480000000000004
00000488, VCU_wheelSpeed_RL, 0.0
00000488, VCU_wheelSpeed_RR, 0.0
00000488, RLSpeedKPH, 0.0
00000488, RRSpeedKPH, 0.0
00000488, FLSpeedKPH, 0.0
00000488, FRSpeedKPH, 0.0
00000488, TCTorqueMax, 3.392
00000488, TCLeftSlip, -0.999
00000488, TCRightSlip, -0.999
00000488, TCTorqueAdjustment, 0.0
00000488, IVT_MsgID_RX, 0
00000488, IVT_MsgCount, 2
00000488, IVT_Result_state, 0
00000488, IVT_I, -0.002
00000488, VoltageBusHV, 0.0
00000488, VoltageCellMax, 4.0883
00000488, VoltageCellMin, 3.8658
00000488, CurrentBusHV, 0.0
00000488, AMS_PackVoltage, 546.86
00000489, IVT_MsgID_RX, 1
00000489, IVT_MsgCount, 1
00000489, IVT_Result_state, 0
00000489, IVT_U1, -0.024
00000489, IVT_MsgID_RX, 2
00000489, IVT_MsgCount, 1
00000489, IVT_Result_state, 0
00000489, IVT_U2, 0.012
00000489, IVT_MsgID_RX, 3
00000489, IVT_MsgCount, 1
00000489, IVT_Result_state, 0
00000489, IVT_U3, 0.004
00000489, IVT_MsgID_RX, 7
00000489, IVT_MsgCount, 2
00000489, IVT_Result_state, 0
00000489, IVT_Wh, 0
00000489, IVT_MsgID_RX, 0
00000489, IVT_MsgCount, 3
00000489, IVT_Result_state, 0
00000489, IVT_I, 0.003
00000489, ThrottlePercent, 0
00000489, BrakePercent, 0
00000489, brakePressure, 10
00000489, SteeringAngle, -53
00000489, BrakeWhileThrottle, 0
00000489, VCU_wheelSpeed_RL, 0.0
00000489, VCU_wheelSpeed_RR, 0.0
0000048A, RLSpeedKPH, 0.0
0000048A, RRSpeedKPH, 0.0
0000048A, FLSpeedKPH, 0.0
0000048A, FRSpeedKPH, 0.0
0000048B, TCTorqueMax, 3.392
0000048B, TCLeftSlip, -0.999
0000048B, TCRightSlip, -0.999
0000048B, TCTorqueAdjustment, 0.0
000004B9, IVT_MsgID_RX, 0
000004B9, IVT_MsgCount, 4
000004B9, IVT_Result_state, 0
000004B9, IVT_I, 0.005
000004B9, ChannelCurrentRadiator, 0.201
000004B9, ChannelCurrentAccFan, 0.214
000004B9, ChannelCurrentPump1, 0.0
000004B9, ChannelCurrentPump2, 0.201
000004B9, ChannelCurrentAUX1, 0.0
000004B9, ChannelCurrentAUX2, 0.214
000004B9, ChannelCurrentAUX3, 0.0
000004B9, ChannelCurrentAUX4, 0.17400000000000002
000004B9, ChannelCurrentBMU, 0.496
000004B9, ChannelCurrentCDU, 0.322
000004B9, ChannelCurrentTCU, 0.322
000004B9, ChannelCurrentWSB, 0.617
000004B9, ChannelCurrentBrakeLight, 0.0
000004B9, ChannelCurrentInverter, 0.0
000004B9, StateBatteryChargeHV, 98.80000000000001
000004B9, StateBatteryHealthHV, 0.0
000004B9, StateBatteryPowerHV, 331.90000000000003
000004B9, TempCellMax, 156.0
000004B9, TempCellMin, 55.0
000004B9, StateBMS, Wait_System_Up
000004B9, HighestTempThermistor, 0
000004B9, VoltageCellMuxSelect, 23
000004B9, VoltageCell70, 3.9516
000004B9, VoltageCell71, 3.8688000000000002
000004B9, VoltageCell72, 3.8682000000000003
000004B9, IVT_MsgID_RX, 7
000004B9, IVT_MsgCount, 3
000004B9, IVT_Result_state, 0
000004B9, IVT_Wh, 0
000004BA, AdjustedVoltageCellMuxSelect, 23
000004BA, AdjustedVoltageCell70, 3.9516
000004BA, AdjustedVoltageCell71, 3.8682000000000003
000004BA, AdjustedVoltageCell72, 3.8682000000000003
000004BA, TempChannelMuxSelect, 23
000004BA, TempChannel70, 21.590000000000003
000004BA, TempChannel71, 21.74000000000001
000004BA, TempChannel72, 21.36
000004BA, IVT_MsgID_RX, 0
000004BA, IVT_MsgCount, 5
000004BA, IVT_Result_state, 0
000004BA, IVT_I, 0.004
000004BA, VCU_wheelSpeed_RL, 0.0
000004BA, VCU_wheelSpeed_RR, 0.0
000004BA, RLSpeedKPH, 0.0
000004BA, RRSpeedKPH, 0.0
000004BA, FLSpeedKPH, 0.0
000004BA, FRSpeedKPH, 0.0
000004BB, TCTorqueMax, 3.392
000004BB, TCLeftSlip, -0.999
000004BB, TCRightSlip, -0.999
000004BB, TCTorqueAdjustment, 0.0
000004BB, ThrottlePercent, 0
000004BB, BrakePercent, 0
000004BB, brakePressure, 10
000004BB, SteeringAngle, -53
000004BB, BrakeWhileThrottle, 0
000004BB, IVT_MsgID_RX, 1
000004BB, IVT_MsgCount, 2
000004BB, IVT_Result_state, 0
000004BB, IVT_U1, -0.051000000000000004
000004BC, IVT_MsgID_RX, 2
000004BC, IVT_MsgCount, 2
000004BC, IVT_Result_state, 0
000004BC, IVT_U2, 0.043000000000000003
000004BC, IVT_MsgID_RX, 3
000004BC, IVT_MsgCount, 2
000004BC, IVT_Result_state, 0
000004BC, IVT_U3, 0.041
000004BC, IVT_MsgID_RX, 7
000004BC, IVT_MsgCount, 4
000004BC, IVT_Result_state, 0
000004BC, IVT_Wh, 0
000004BC, IVT_MsgID_RX, 0
000004BC, IVT_MsgCount, 6
000004BC, IVT_Result_state, 0
000004BC, IVT_I, -0.001
000004BC, BMU_checkFailed, BSPD_FAILED
000004BC, BMU_InterlockInitialized, 0
000004BC, VoltageCellMuxSelect, 24
000004BC, VoltageCell73, 3.8696
000004BC, VoltageCell74, 3.8696
000004BC, VoltageCell75, 3.8697000000000004
000004BC, AdjustedVoltageCellMuxSelect, 24
000004BC, AdjustedVoltageCell73, 3.8696
000004BC, AdjustedVoltageCell74, 3.8696
000004BC, AdjustedVoltageCell75, 3.8696
000004BC, TempChannelMuxSelect, 24
000004BC, TempChannel73, 21.370000000000005
000004BC, TempChannel74, 21.439999999999998
000004BC, TempChannel75, 21.5
000004BD, BrakeTempRear, 15.129999999999995
000004BD, BrakeTempRearAccuracy, 0
000004EB, IVT_MsgID_RX, 0
000004EB, IVT_MsgCount, 7
000004EB, IVT_Result_state, 0
000004EB, IVT_I, -0.002
000004EB, VCU_wheelSpeed_RL, 0.0
000004EB, VCU_wheelSpeed_RR, 0.0
000004EB, RLSpeedKPH, 0.0
000004EB, RRSpeedKPH, 0.0
000004EB, FLSpeedKPH, 0.0
000004EB, FRSpeedKPH, 0.0
000004EC, TCTorqueMax, 3.392
000004EC, TCLeftSlip, -0.999
000004EC, TCRightSlip, -0.999
000004EC, TCTorqueAdjustment, 0.0
000004EC, IVT_MsgID_RX, 7
000004EC, IVT_MsgCount, 5
000004EC, IVT_Result_state, 0
000004EC, IVT_Wh, 0
000004EC, VoltageBusHV, 0.0
000004EC, VoltageCellMax, 4.0883
000004EC, VoltageCellMin, 3.8658
000004EC, CurrentBusHV, 0.0
000004EC, IVT_MsgID_RX, 0
000004EC, IVT_MsgCount, 8
000004EC, IVT_Result_state, 0
000004EC, IVT_I, 0.001
000004EC, AMS_PackVoltage, 546.86
000004ED, ThrottlePercent, 0
000004ED, BrakePercent, 0
000004ED, brakePressure, 10
000004ED, SteeringAngle, -53
000004ED, BrakeWhileThrottle, 0
000004ED, VoltageCellMuxSelect, 25
000004ED, VoltageCell76, 3.8658
000004ED, VoltageCell77, 3.8679
000004ED, VoltageCell78, 3.9594
000004ED, AdjustedVoltageCellMuxSelect, 25
000004ED, AdjustedVoltageCell76, 3.8658
000004ED, AdjustedVoltageCell77, 3.8673
000004ED, AdjustedVoltageCell78, 3.9597
000004ED, VCU_wheelSpeed_RL, 0.0
000004ED, VCU_wheelSpeed_RR, 0.0
000004ED, RLSpeedKPH, 0.0
000004ED, RRSpeedKPH, 0.0
000004ED, FLSpeedKPH, 0.0
000004ED, FRSpeedKPH, 0.0
0000051D, IVT_MsgID_RX, 1
0000051D, IVT_MsgCount, 3
0000051D, IVT_Result_state, 0
0000051D, IVT_U1, -0.068
0000051D, IVT_MsgID_RX, 2
0000051D, IVT_MsgCount, 3
0000051D, IVT_Result_state, 0
0000051D, IVT_U2, 0.047
0000051D, IVT_MsgID_RX, 3
0000051D, IVT_MsgCount, 3
0000051D, IVT_Result_state, 0
0000051D, IVT_U3, 0.035
0000051D, IVT_MsgID_RX, 7
0000051D, IVT_MsgCount, 6
0000051D, IVT_Result_state, 0
0000051D, IVT_Wh, 0
0000051E, TCTorqueMax, 3.392
0000051E, TCLeftSlip, -0.999
0000051E, TCRightSlip, -0.999
0000051E, TCTorqueAdjustment, 0.0
0000051E, TempChannelMuxSelect, 25
0000051E, TempChannel76, 21.47
0000051E, TempChannel77, 0.0
0000051E, TempChannel78, 0.0
0000051E, ChannelCurrentRadiator, 0.161
0000051E, ChannelCurrentAccFan, 0.214
0000051E, ChannelCurrentPump1, 0.0
0000051E, ChannelCurrentPump2, 0.201
0000051E, ChannelCurrentAUX1, 0.0
0000051E, ChannelCurrentAUX2, 0.214
0000051E, ChannelCurrentAUX3, 0.0
0000051E, ChannelCurrentAUX4, 0.201
0000051F, ChannelCurrentBMU, 0.55
0000051F, ChannelCurrentCDU, 0.322
0000051F, ChannelCurrentTCU, 0.375
0000051F, ChannelCurrentWSB, 0.537
0000051F, ChannelCurrentBrakeLight, 0.0
0000051F, ChannelCurrentInverter, 0.0
0000051F, IVT_MsgID_RX, 7
0000051F, IVT_MsgCount, 7
0000051F, IVT_Result_state, 0
0000051F, IVT_Wh, 0
0000051F, IVT_MsgID_RX, 0
0000051F, IVT_MsgCount, 10
0000051F, IVT_Result_state, 0
0000051F, IVT_I, 0.001
0000051F, IVT_MsgID_RX, 0
0000051F, IVT_MsgCount, 10
0000051F, IVT_Result_state, 0
0000051F, IVT_I, 0.001
0000051F, StateBatteryChargeHV, 98.80000000000001
0000051F, StateBatteryHealthHV, 0.0
0000051F, StateBatteryPowerHV, 331.90000000000003
0000051F, TempCellMax, 156.0
0000051F, TempCellMin, 55.0
0000051F, StateBMS, Wait_System_Up
0000051F, HighestTempThermistor, 0
0000051F, VCU_wheelSpeed_RL, 0.0
0000051F, VCU_wheelSpeed_RR, 0.0
0000051F, RLSpeedKPH, 0.0
0000051F, RRSpeedKPH, 0.0
0000051F, FLSpeedKPH, 0.0
0000051F, FRSpeedKPH, 0.0
00000520, TCTorqueMax, 3.392
00000520, TCLeftSlip, -0.999
00000520, TCRightSlip, -0.999
00000520, TCTorqueAdjustment, 0.0
00000520, ThrottlePercent, 0
00000520, BrakePercent, 0
00000520, brakePressure, 10
00000520, SteeringAngle, -53
00000520, BrakeWhileThrottle, 0
00000520, IVT_MsgID_RX, 0
00000520, IVT_MsgCount, 11
00000520, IVT_Result_state, 0
00000520, IVT_I, 0.003
00000521, BMU_checkFailed, BSPD_FAILED
00000521, BMU_InterlockInitialized, 0
00000521, VoltageCellMuxSelect, 26
00000521, VoltageCell79, 3.9475000000000002
00000521, VoltageCell80, 3.9505000000000003
00000521, VoltageCell81, 3.8702
00000521, AdjustedVoltageCellMuxSelect, 26
00000521, AdjustedVoltageCell79, 3.9474
00000521, AdjustedVoltageCell80, 3.9505000000000003
00000521, AdjustedVoltageCell81, 3.8694
00000521, TempChannelMuxSelect, 26
00000521, TempChannel79, 0.0
00000521, TempChannel80, 0.0
00000521, TempChannel81, 0.0
00000521, BrakeTempRear, 12.569999999999993
00000521, BrakeTempRearAccuracy, 0
0000054F, IVT_MsgID_RX, 1
0000054F, IVT_MsgCount, 4
0000054F, IVT_Result_state, 0
0000054F, IVT_U1, -0.004
0000054F, IVT_MsgID_RX, 2
0000054F, IVT_MsgCount, 4
0000054F, IVT_Result_state, 0
0000054F, IVT_U2, 0.07
0000054F, IVT_MsgID_RX, 3
0000054F, IVT_MsgCount, 4
0000054F, IVT_Result_state, 0
0000054F, IVT_U3, 0.016
0000054F, IVT_MsgID_RX, 7
0000054F, IVT_MsgCount, 8
0000054F, IVT_Result_state, 0
0000054F, IVT_Wh, 0
0000054F, IVT_MsgID_RX, 0
0000054F, IVT_MsgCount, 12
0000054F, IVT_Result_state, 0
0000054F, IVT_I, 0.005
0000054F, VCU_wheelSpeed_RL, 0.0
0000054F, VCU_wheelSpeed_RR, 0.0
0000054F, RLSpeedKPH, 0.0
0000054F, RRSpeedKPH, 0.0
0000054F, FLSpeedKPH, 0.0
0000054F, FRSpeedKPH, 0.0
0000054F, TCTorqueMax, 3.392
0000054F, TCLeftSlip, -0.999
0000054F, TCRightSlip, -0.999
0000054F, TCTorqueAdjustment, 0.0
00000550, IVT_MsgID_RX, 0
00000550, IVT_MsgCount, 13
00000550, IVT_Result_state, 0
00000550, IVT_I, 0.005
00000553, VoltageBusHV, 0.0
00000553, VoltageCellMax, 4.0883
00000553, VoltageCellMin, 3.8658
00000553, CurrentBusHV, 0.0
00000553, AMS_PackVoltage, 546.86
00000553, ThrottlePercent, 0
00000553, BrakePercent, 0
00000553, brakePressure, 10
00000553, SteeringAngle, -53
00000553, BrakeWhileThrottle, 0
00000553, IVT_MsgID_RX, 7
00000553, IVT_MsgCount, 9
00000553, IVT_Result_state, 0
00000553, IVT_Wh, 0
00000554, VoltageCellMuxSelect, 27
00000554, VoltageCell82, 3.87
00000554, VoltageCell83, 3.8715
00000554, VoltageCell84, 3.8703000000000003
00000554, AdjustedVoltageCellMuxSelect, 27
00000554, AdjustedVoltageCell82, 3.87
00000554, AdjustedVoltageCell83, 3.8715
00000554, AdjustedVoltageCell84, 3.8702
00000554, TempChannelMuxSelect, 27
00000554, TempChannel82, 21.28
00000554, TempChannel83, 21.33
00000554, TempChannel84, 21.260000000000005
00000554, IVT_MsgID_RX, 0
00000554, IVT_MsgCount, 14
00000554, IVT_Result_state, 0
00000554, IVT_I, 0.004
