0.241, VCU_wheelSpeed_RL, 0.0
0.241, VCU_wheelSpeed_RR, 0.0
0.272, RLSpeedKPH, 0.0
0.272, RRSpeedKPH, 0.0
0.272, FLSpeedKPH, 0.0
0.272, FRSpeedKPH, 0.0
0.272, TCTorqueMax, 34.392
0.272, TCLeftSlip, -0.999
0.272, TCRightSlip, -0.999
0.272, TCTorqueAdjustment, 0.0
0.272, ChannelCurrentRadiator, 13.736
0.272, ChannelCurrentAccFan, 13.736
0.272, ChannelCurrentPump1, 13.481
0.272, ChannelCurrentPump2, 13.736
0.322, ChannelCurrentAUX1, 13.481
0.322, ChannelCurrentAUX2, 13.736
0.322, ChannelCurrentAUX3, 13.481
0.322, ChannelCurrentAUX4, 13.736
0.322, ChannelCurrentBMU, 13.736
0.322, ChannelCurrentCDU, 27.231
0.322, ChannelCurrentTCU, 27.486
0.322, ChannelCurrentWSB, 54.731
0.322, ChannelCurrentBrakeLight, 13.481
0.322, ChannelCurrentInverter, 13.481
0.322, VCU_wheelSpeed_RL, 0.0
0.322, VCU_wheelSpeed_RR, 0.0
0.322, RLSpeedKPH, 0.0
0.322, RRSpeedKPH, 0.0
0.322, FLSpeedKPH, 0.0
0.322, FRSpeedKPH, 0.0
0.322, TCTorqueMax, 34.392
0.322, TCLeftSlip, -0.999
0.322, TCRightSlip, -0.999
0.322, TCTorqueAdjustment, 0.0
0.322, RearBrakePressure, 1
0.322, BrakeTempFront, -31.730000000000018
0.322, BrakeTempFrontAccuracy, 1
0.322, VCU_wheelSpeed_RL, 0.0
0.322, VCU_wheelSpeed_RR, 0.0
0.322, RLSpeedKPH, 0.0
0.322, RRSpeedKPH, 0.0
0.322, FLSpeedKPH, 0.0
0.322, FRSpeedKPH, 0.0
0.322, TCTorqueMax, 34.392
0.322, TCLeftSlip, -0.999
0.322, TCRightSlip, -0.999
0.322, TCTorqueAdjustment, 0.0
0.372, VCU_wheelSpeed_RL, 0.0
0.372, VCU_wheelSpeed_RR, 0.0
0.372, RLSpeedKPH, 0.0
0.372, RRSpeedKPH, 0.0
0.372, FLSpeedKPH, 0.0
0.372, FRSpeedKPH, 0.0
0.372, TCTorqueMax, 34.392
0.372, TCLeftSlip, -0.999
0.372, TCRightSlip, -0.999
0.372, TCTorqueAdjustment, 0.0
0.372, ChannelCurrentRadiator, 13.736
0.372, ChannelCurrentAccFan, 13.736
0.372, ChannelCurrentPump1, 13.481
0.372, ChannelCurrentPump2, 13.736
0.422, ChannelCurrentAUX1, 13.481
0.422, ChannelCurrentAUX2, 13.736
0.422, ChannelCurrentAUX3, 13.481
0.422, ChannelCurrentAUX4, 13.736
0.422, ChannelCurrentBMU, 13.736
0.422, ChannelCurrentCDU, 27.231
0.422, ChannelCurrentTCU, 27.486
0.422, ChannelCurrentWSB, 54.731
0.422, ChannelCurrentBrakeLight, 13.481
0.422, ChannelCurrentInverter, 13.481
0.422, VCU_wheelSpeed_RL, 0.0
0.422, VCU_wheelSpeed_RR, 0.0
0.422, RLSpeedKPH, 0.0
0.422, RRSpeedKPH, 0.0
0.422, FLSpeedKPH, 0.0
0.422, FRSpeedKPH, 0.0
0.422, TCTorqueMax, 34.392
0.422, TCLeftSlip, -0.999
0.422, TCRightSlip, -0.999
0.422, TCTorqueAdjustment, 0.0
0.422, RearBrakePressure, 0
0.422, BrakeTempFront, -31.819999999999993
0.422, BrakeTempFrontAccuracy, 1
0.422, VCU_wheelSpeed_RL, 0.0
0.422, VCU_wheelSpeed_RR, 0.0
0.422, RLSpeedKPH, 0.0
0.422, RRSpeedKPH, 0.0
0.422, FLSpeedKPH, 0.0
0.422, FRSpeedKPH, 0.0
0.422, TCTorqueMax, 34.392
0.422, TCLeftSlip, -0.999
0.422, TCRightSlip, -0.999
0.422, TCTorqueAdjustment, 0.0
0.472, VCU_wheelSpeed_RL, 0.0
0.472, VCU_wheelSpeed_RR, 0.0
0.472, RLSpeedKPH, 0.0
0.472, RRSpeedKPH, 0.0
0.472, FLSpeedKPH, 0.0
0.472, FRSpeedKPH, 0.0
0.472, TCTorqueMax, 34.392
0.472, TCLeftSlip, -0.999
0.472, TCRightSlip, -0.999
0.472, TCTorqueAdjustment, 0.0
0.472, ChannelCurrentRadiator, 13.736
0.472, ChannelCurrentAccFan, 13.736
0.472, ChannelCurrentPump1, 13.481
0.472, ChannelCurrentPump2, 13.736
0.522, ChannelCurrentAUX1, 13.481
0.522, ChannelCurrentAUX2, 13.736
0.522, ChannelCurrentAUX3, 13.481
0.522, ChannelCurrentAUX4, 13.736
0.522, ChannelCurrentBMU, 13.736
0.522, ChannelCurrentCDU, 27.231
0.522, ChannelCurrentTCU, 27.486
0.522, ChannelCurrentWSB, 54.731
0.522, ChannelCurrentBrakeLight, 13.481
0.522, ChannelCurrentInverter, 13.481
0.522, VCU_wheelSpeed_RL, 0.0
0.522, VCU_wheelSpeed_RR, 0.0
0.522, RLSpeedKPH, 0.0
0.522, RRSpeedKPH, 0.0
0.522, FLSpeedKPH, 0.0
0.522, FRSpeedKPH, 0.0
0.522, TCTorqueMax, 34.392
0.522, TCLeftSlip, -0.999
0.522, TCRightSlip, -0.999
0.522, TCTorqueAdjustment, 0.0
0.522, RearBrakePressure, 0
0.522, BrakeTempFront, -31.819999999999993
0.522, BrakeTempFrontAccuracy, 1
0.522, VCU_wheelSpeed_RL, 0.0
0.522, VCU_wheelSpeed_RR, 0.0
0.572, RLSpeedKPH, 0.0
0.572, RRSpeedKPH, 0.0
0.572, FLSpeedKPH, 0.0
0.572, FRSpeedKPH, 0.0
0.573, TCTorqueMax, 34.392
0.573, TCLeftSlip, -0.999
0.573, TCRightSlip, -0.999
0.573, TCTorqueAdjustment, 0.0
0.573, ThrottlePercent, 0
0.573, BrakePercent, 0
0.573, FrontBrakePressure, 8
0.573, SteeringAngle, -102
0.573, BrakeWhileThrottle, 0
0.573, ThrottlePercent, 0
0.573, BrakePercent, 0
0.573, FrontBrakePressure, 16
0.573, SteeringAngle, -102
0.573, BrakeWhileThrottle, 0
0.573, ThrottlePercent, 0
0.573, BrakePercent, 0
0.573, FrontBrakePressure, 12
0.573, SteeringAngle, -102
0.573, BrakeWhileThrottle, 0
0.573, VCU_wheelSpeed_RL, 0.0
0.573, VCU_wheelSpeed_RR, 0.0
0.573, RLSpeedKPH, 0.0
0.573, RRSpeedKPH, 0.0
0.573, FLSpeedKPH, 0.0
0.573, FRSpeedKPH, 0.0
0.573, VoltageBusLV, 15.927
0.573, CurrentBusLV, 37.322
0.573, PowerBusLV, 594
0.573, TCTorqueMax, 34.392
0.573, TCLeftSlip, -0.999
0.573, TCRightSlip, -0.999
0.573, TCTorqueAdjustment, 0.0
0.573, ThrottlePercent, 0
0.573, BrakePercent, 0
0.573, FrontBrakePressure, 10
0.573, SteeringAngle, -102
0.573, BrakeWhileThrottle, 0
0.573, ThrottlePercent, 0
0.573, BrakePercent, 0
0.573, FrontBrakePressure, 10
0.573, SteeringAngle, -102
0.573, BrakeWhileThrottle, 0
0.573, ChannelCurrentRadiator, 13.736
0.573, ChannelCurrentAccFan, 13.736
0.573, ChannelCurrentPump1, 13.481
0.573, ChannelCurrentPump2, 13.736
0.622, ChannelCurrentAUX1, 13.481
0.622, ChannelCurrentAUX2, 13.736
0.622, ChannelCurrentAUX3, 13.481
0.622, ChannelCurrentAUX4, 13.736
0.622, ChannelCurrentBMU, 13.736
0.622, ChannelCurrentCDU, 27.231
0.622, ChannelCurrentTCU, 27.486
0.622, ChannelCurrentWSB, 54.731
0.622, ChannelCurrentBrakeLight, 13.481
0.622, ChannelCurrentInverter, 13.481
0.622, ThrottlePercent, 0
0.622, BrakePercent, 0
0.622, FrontBrakePressure, 16
0.622, SteeringAngle, -102
0.622, BrakeWhileThrottle, 0
0.623, VCU_wheelSpeed_RL, 0.0
0.623, VCU_wheelSpeed_RR, 0.0
0.623, ThrottlePercent, 0
0.623, BrakePercent, 0
0.623, FrontBrakePressure, 12
0.623, SteeringAngle, -102
0.623, BrakeWhileThrottle, 0
0.623, RLSpeedKPH, 0.0
0.623, RRSpeedKPH, 0.0
0.623, FLSpeedKPH, 0.0
0.623, FRSpeedKPH, 0.0
0.623, TCTorqueMax, 34.392
0.623, TCLeftSlip, -0.999
0.623, TCRightSlip, -0.999
0.623, TCTorqueAdjustment, 0.0
0.623, ThrottlePercent, 0
0.623, BrakePercent, 0
0.623, FrontBrakePressure, 9
0.623, SteeringAngle, -102
0.623, BrakeWhileThrottle, 0
0.623, RearBrakePressure, 1
0.623, BrakeTempFront, -31.730000000000018
0.623, BrakeTempFrontAccuracy, 1
0.623, ThrottlePercent, 0
0.623, BrakePercent, 0
0.623, FrontBrakePressure, 11
0.623, SteeringAngle, -102
0.623, BrakeWhileThrottle, 0
0.623, ThrottlePercent, 0
0.623, BrakePercent, 0
0.623, FrontBrakePressure, 16
0.623, SteeringAngle, -102
0.623, BrakeWhileThrottle, 0
0.672, VCU_wheelSpeed_RL, 0.0
0.672, VCU_wheelSpeed_RR, 0.0
0.672, RLSpeedKPH, 0.0
0.672, RRSpeedKPH, 0.0
0.672, FLSpeedKPH, 0.0
0.672, FRSpeedKPH, 0.0
0.672, TCTorqueMax, 34.392
0.672, TCLeftSlip, -0.999
0.672, TCRightSlip, -0.999
0.672, TCTorqueAdjustment, 0.0
0.672, ThrottlePercent, 0
0.672, BrakePercent, 0
0.672, FrontBrakePressure, 10
0.672, SteeringAngle, -102
0.672, BrakeWhileThrottle, 0
0.672, ThrottlePercent, 0
0.672, BrakePercent, 0
0.672, FrontBrakePressure, 11
0.672, SteeringAngle, -102
0.672, BrakeWhileThrottle, 0
0.672, ThrottlePercent, 0
0.672, BrakePercent, 0
0.672, FrontBrakePressure, 9
0.672, SteeringAngle, -102
0.672, BrakeWhileThrottle, 0
0.677, VCU_wheelSpeed_RL, 0.0
0.677, VCU_wheelSpeed_RR, 0.0
0.677, ThrottlePercent, 0
0.677, BrakePercent, 0
0.677, FrontBrakePressure, 11
0.677, SteeringAngle, -102
0.677, BrakeWhileThrottle, 0
0.677, RLSpeedKPH, 0.0
0.677, RRSpeedKPH, 0.0
0.677, FLSpeedKPH, 0.0
0.677, FRSpeedKPH, 0.0
0.677, TCTorqueMax, 34.392
0.677, TCLeftSlip, -0.999
0.677, TCRightSlip, -0.999
0.677, TCTorqueAdjustment, 0.0
0.677, ThrottlePercent, 0
0.677, BrakePercent, 0
0.677, FrontBrakePressure, 15
0.677, SteeringAngle, -102
0.677, BrakeWhileThrottle, 0
0.677, ChannelCurrentRadiator, 0.214
0.677, ChannelCurrentAccFan, 0.161
0.677, ChannelCurrentPump1, 0.0
0.677, ChannelCurrentPump2, 0.201
0.722, ChannelCurrentAUX1, 0.0
0.722, ChannelCurrentAUX2, 0.187
0.722, ChannelCurrentAUX3, 0.0
0.722, ChannelCurrentAUX4, 0.17400000000000002
0.722, ChannelCurrentBMU, 0.214
0.722, ChannelCurrentCDU, 0.362
0.722, ChannelCurrentTCU, 0.362
0.722, ChannelCurrentWSB, 0.792
0.722, ChannelCurrentBrakeLight, 0.0
0.722, ChannelCurrentInverter, 0.0
0.722, ThrottlePercent, 0
0.722, BrakePercent, 0
0.722, FrontBrakePressure, 10
0.722, SteeringAngle, -102
0.722, BrakeWhileThrottle, 0
0.722, ThrottlePercent, 0
0.722, BrakePercent, 0
0.722, FrontBrakePressure, 13
0.722, SteeringAngle, -102
0.722, BrakeWhileThrottle, 0
0.722, VCU_wheelSpeed_RL, 0.0
0.722, VCU_wheelSpeed_RR, 0.0
0.722, RLSpeedKPH, 0.0
0.722, RRSpeedKPH, 0.0
0.722, FLSpeedKPH, 0.0
0.722, FRSpeedKPH, 0.0
0.722, TCTorqueMax, 34.392
0.722, TCLeftSlip, -0.999
0.722, TCRightSlip, -0.999
0.722, TCTorqueAdjustment, 0.0
0.756, ThrottlePercent, 0
0.756, BrakePercent, 0
0.756, FrontBrakePressure, 12
0.756, SteeringAngle, -102
0.756, BrakeWhileThrottle, 0
0.756, RearBrakePressure, 0
0.756, BrakeTempFront, -31.909999999999997
0.756, BrakeTempFrontAccuracy, 1
0.756, ThrottlePercent, 0
0.756, BrakePercent, 0
0.756, FrontBrakePressure, 13
0.756, SteeringAngle, -102
0.756, BrakeWhileThrottle, 0
0.756, ThrottlePercent, 0
0.756, BrakePercent, 0
0.756, FrontBrakePressure, 8
0.756, SteeringAngle, -102
0.756, BrakeWhileThrottle, 0
0.772, VCU_wheelSpeed_RL, 0.0
0.772, VCU_wheelSpeed_RR, 0.0
0.772, ThrottlePercent, 0
0.772, BrakePercent, 0
0.772, FrontBrakePressure, 15
0.772, SteeringAngle, -102
0.772, BrakeWhileThrottle, 0
0.772, RLSpeedKPH, 0.0
0.772, RRSpeedKPH, 0.0
0.772, FLSpeedKPH, 0.0
0.772, FRSpeedKPH, 0.0
0.772, TCTorqueMax, 34.392
0.772, TCLeftSlip, -0.999
0.772, TCRightSlip, -0.999
0.772, TCTorqueAdjustment, 0.0
0.772, ThrottlePercent, 0
0.772, BrakePercent, 0
0.772, FrontBrakePressure, 16
0.772, SteeringAngle, -102
0.772, BrakeWhileThrottle, 0
0.772, ThrottlePercent, 0
0.772, BrakePercent, 0
0.772, FrontBrakePressure, 10
0.772, SteeringAngle, -102
0.772, BrakeWhileThrottle, 0
0.772, ThrottlePercent, 0
0.772, BrakePercent, 0
0.772, FrontBrakePressure, 7
0.772, SteeringAngle, -102
0.772, BrakeWhileThrottle, 0
0.772, VCU_wheelSpeed_RL, 0.0
0.772, VCU_wheelSpeed_RR, 0.0
0.772, RLSpeedKPH, 0.0
0.772, RRSpeedKPH, 0.0
0.772, FLSpeedKPH, 0.0
0.772, FRSpeedKPH, 0.0
0.772, TCTorqueMax, 34.392
0.772, TCLeftSlip, -0.999
0.772, TCRightSlip, -0.999
0.772, TCTorqueAdjustment, 0.0
0.773, ThrottlePercent, 0
0.773, BrakePercent, 0
0.773, FrontBrakePressure, 10
0.773, SteeringAngle, -102
0.773, BrakeWhileThrottle, 0
0.773, ChannelCurrentRadiator, 0.201
0.773, ChannelCurrentAccFan, 0.214
0.773, ChannelCurrentPump1, 0.0
0.773, ChannelCurrentPump2, 0.161
0.822, ChannelCurrentAUX1, 0.0
0.822, ChannelCurrentAUX2, 0.214
0.822, ChannelCurrentAUX3, 0.0
0.822, ChannelCurrentAUX4, 0.17400000000000002
0.822, ChannelCurrentBMU, 0.187
0.822, ChannelCurrentCDU, 0.362
0.822, ChannelCurrentTCU, 0.322
0.822, ChannelCurrentWSB, 0.711
0.822, ChannelCurrentBrakeLight, 0.0
0.822, ChannelCurrentInverter, 0.0
0.822, ThrottlePercent, 0
0.822, BrakePercent, 0
0.822, FrontBrakePressure, 15
0.822, SteeringAngle, -102
0.822, BrakeWhileThrottle, 0
0.822, ThrottlePercent, 0
0.822, BrakePercent, 0
0.822, FrontBrakePressure, 9
0.822, SteeringAngle, -102
0.822, BrakeWhileThrottle, 0
0.822, VCU_wheelSpeed_RL, 0.0
0.822, VCU_wheelSpeed_RR, 0.0
0.822, ThrottlePercent, 0
0.822, BrakePercent, 0
0.822, FrontBrakePressure, 8
0.822, SteeringAngle, -102
0.822, BrakeWhileThrottle, 0
0.822, RLSpeedKPH, 0.0
0.822, RRSpeedKPH, 0.0
0.822, FLSpeedKPH, 0.0
0.822, FRSpeedKPH, 0.0
0.822, RearBrakePressure, 0
0.822, BrakeTempFront, -31.909999999999997
0.822, BrakeTempFrontAccuracy, 1
0.822, TCTorqueMax, 34.392
0.822, TCLeftSlip, -0.999
0.822, TCRightSlip, -0.999
0.822, TCTorqueAdjustment, 0.0
0.822, ThrottlePercent, 0
0.822, BrakePercent, 0
0.822, FrontBrakePressure, 10
0.822, SteeringAngle, -102
0.822, BrakeWhileThrottle, 0
0.822, ThrottlePercent, 0
0.822, BrakePercent, 0
0.822, FrontBrakePressure, 11
0.822, SteeringAngle, -102
0.822, BrakeWhileThrottle, 0
0.872, ThrottlePercent, 0
0.872, BrakePercent, 0
0.872, FrontBrakePressure, 7
0.872, SteeringAngle, -102
0.872, BrakeWhileThrottle, 0
0.872, VCU_wheelSpeed_RL, 0.0
0.872, VCU_wheelSpeed_RR, 0.0
0.872, RLSpeedKPH, 0.0
0.872, RRSpeedKPH, 0.0
0.872, FLSpeedKPH, 0.0
0.872, FRSpeedKPH, 0.0
0.872, TCTorqueMax, 34.392
0.872, TCLeftSlip, -0.999
0.872, TCRightSlip, -0.999
0.872, TCTorqueAdjustment, 0.0
0.872, ThrottlePercent, 0
0.872, BrakePercent, 0
0.872, FrontBrakePressure, 8
0.872, SteeringAngle, -102
0.872, BrakeWhileThrottle, 0
0.872, ThrottlePercent, 0
0.872, BrakePercent, 0
0.872, FrontBrakePressure, 13
0.872, SteeringAngle, -102
0.872, BrakeWhileThrottle, 0
0.872, ThrottlePercent, 0
0.872, BrakePercent, 0
0.872, FrontBrakePressure, 8
0.872, SteeringAngle, -102
0.872, BrakeWhileThrottle, 0
0.872, VCU_wheelSpeed_RL, 0.0
0.872, VCU_wheelSpeed_RR, 0.0
0.872, ThrottlePercent, 0
0.872, BrakePercent, 0
0.872, FrontBrakePressure, 13
0.872, SteeringAngle, -102
0.872, BrakeWhileThrottle, 0
0.872, ChannelCurrentRadiator, 0.161
0.872, ChannelCurrentAccFan, 0.214
0.872, ChannelCurrentPump1, 0.0
0.872, ChannelCurrentPump2, 0.214
0.922, ChannelCurrentAUX1, 0.0
0.922, ChannelCurrentAUX2, 0.201
0.922, ChannelCurrentAUX3, 0.0
0.922, ChannelCurrentAUX4, 0.214
0.922, RLSpeedKPH, 0.0
0.922, RRSpeedKPH, 0.0
0.922, FLSpeedKPH, 0.0
0.922, FRSpeedKPH, 0.0
0.922, ChannelCurrentBMU, 0.201
0.922, ChannelCurrentCDU, 0.335
0.922, ChannelCurrentTCU, 0.362
0.922, ChannelCurrentWSB, 0.778
0.922, ChannelCurrentBrakeLight, 0.0
0.922, ChannelCurrentInverter, 0.0
0.923, TCTorqueMax, 34.392
0.923, TCLeftSlip, -0.999
0.923, TCRightSlip, -0.999
0.923, TCTorqueAdjustment, 0.0
0.923, ThrottlePercent, 0
0.923, BrakePercent, 0
0.923, FrontBrakePressure, 15
0.923, SteeringAngle, -102
0.923, BrakeWhileThrottle, 0
0.923, ThrottlePercent, 0
0.923, BrakePercent, 0
0.923, FrontBrakePressure, 10
0.923, SteeringAngle, -102
0.923, BrakeWhileThrottle, 0
0.923, ThrottlePercent, 0
0.923, BrakePercent, 0
0.923, FrontBrakePressure, 17
0.923, SteeringAngle, -102
0.923, BrakeWhileThrottle, 0
0.923, RearBrakePressure, 0
0.923, BrakeTempFront, -31.819999999999993
0.923, BrakeTempFrontAccuracy, 1
0.923, VCU_wheelSpeed_RL, 0.0
0.923, VCU_wheelSpeed_RR, 0.0
0.923, RLSpeedKPH, 0.0
0.923, RRSpeedKPH, 0.0
0.923, FLSpeedKPH, 0.0
0.923, FRSpeedKPH, 0.0
0.923, TCTorqueMax, 34.392
0.923, TCLeftSlip, -0.999
0.923, TCRightSlip, -0.999
0.923, TCTorqueAdjustment, 0.0
0.923, ThrottlePercent, 0
0.923, BrakePercent, 0
0.923, FrontBrakePressure, 13
0.923, SteeringAngle, -102
0.923, BrakeWhileThrottle, 0
0.923, ThrottlePercent, 0
0.923, BrakePercent, 0
0.923, FrontBrakePressure, 15
0.923, SteeringAngle, -102
0.923, BrakeWhileThrottle, 0
0.972, ThrottlePercent, 0
0.972, BrakePercent, 0
0.972, FrontBrakePressure, 11
0.972, SteeringAngle, -102
0.972, BrakeWhileThrottle, 0
0.972, VCU_wheelSpeed_RL, 0.0
0.972, VCU_wheelSpeed_RR, 0.0
0.972, ThrottlePercent, 0
0.972, BrakePercent, 0
0.972, FrontBrakePressure, 14
0.972, SteeringAngle, -102
0.972, BrakeWhileThrottle, 0
0.972, RLSpeedKPH, 0.0
0.972, RRSpeedKPH, 0.0
0.972, FLSpeedKPH, 0.0
0.972, FRSpeedKPH, 0.0
0.973, TCTorqueMax, 34.392
0.973, TCLeftSlip, -0.999
0.973, TCRightSlip, -0.999
0.973, TCTorqueAdjustment, 0.0
0.973, ThrottlePercent, 0
0.973, BrakePercent, 0
0.973, FrontBrakePressure, 12
0.973, SteeringAngle, -102
0.973, BrakeWhileThrottle, 0
0.973, PDU_Heartbeat_dummydata, 0
0.973, CarStateIsLV, -1
0.973, CarStateIsEM, 0
0.973, CarStateIsHV, 0
0.973, ThrottlePercent, 0
0.973, BrakePercent, 0
0.973, FrontBrakePressure, 16
0.973, SteeringAngle, -102
0.973, BrakeWhileThrottle, 0
0.973, ThrottlePercent, 0
0.973, BrakePercent, 0
0.973, FrontBrakePressure, 14
0.973, SteeringAngle, -102
0.973, BrakeWhileThrottle, 0
0.973, ChannelCurrentRadiator, 0.201
0.973, ChannelCurrentAccFan, 0.214
0.973, ChannelCurrentPump1, 0.0
0.973, ChannelCurrentPump2, 0.187
1.022, ChannelCurrentAUX1, 0.0
1.022, ChannelCurrentAUX2, 0.214
1.022, ChannelCurrentAUX3, 0.0
1.022, ChannelCurrentAUX4, 0.201
1.022, ChannelCurrentBMU, 0.187
1.022, ChannelCurrentCDU, 0.362
1.022, ChannelCurrentTCU, 0.34900000000000003
1.022, ChannelCurrentWSB, 0.8190000000000001
1.022, ChannelCurrentBrakeLight, 0.0
1.022, ChannelCurrentInverter, 0.0
1.022, VCU_wheelSpeed_RL, 0.0
1.022, VCU_wheelSpeed_RR, 0.0
1.022, RLSpeedKPH, 0.0
1.022, RRSpeedKPH, 0.0
1.022, FLSpeedKPH, 0.0
1.022, FRSpeedKPH, 0.0
1.022, TCTorqueMax, 34.392
1.022, TCLeftSlip, -0.999
1.022, TCRightSlip, -0.999
1.022, TCTorqueAdjustment, 0.0
1.022, ThrottlePercent, 0
1.022, BrakePercent, 0
1.022, FrontBrakePressure, 10
1.022, SteeringAngle, -102
1.022, BrakeWhileThrottle, 0
1.023, ThrottlePercent, 0
1.023, BrakePercent, 0
1.023, FrontBrakePressure, 15
1.023, SteeringAngle, -102
1.023, BrakeWhileThrottle, 0
1.023, ThrottlePercent, 0
1.023, BrakePercent, 0
1.023, FrontBrakePressure, 12
1.023, SteeringAngle, -102
1.023, BrakeWhileThrottle, 0
1.023, RearBrakePressure, 3
1.023, BrakeTempFront, -31.909999999999997
1.023, BrakeTempFrontAccuracy, 1
1.023, VCU_wheelSpeed_RL, 0.0
1.023, VCU_wheelSpeed_RR, 0.0
1.023, ThrottlePercent, 0
1.023, BrakePercent, 0
1.023, FrontBrakePressure, 9
1.023, SteeringAngle, -102
1.023, BrakeWhileThrottle, 0
1.023, RLSpeedKPH, 0.0
1.023, RRSpeedKPH, 0.0
1.023, FLSpeedKPH, 0.0
1.023, FRSpeedKPH, 0.0
1.023, TCTorqueMax, 34.392
1.023, TCLeftSlip, -0.999
1.023, TCRightSlip, -0.999
1.023, TCTorqueAdjustment, 0.0
1.023, ThrottlePercent, 0
1.023, BrakePercent, 0
1.023, FrontBrakePressure, 8
1.023, SteeringAngle, -102
1.023, BrakeWhileThrottle, 0
1.072, VCU_Heartbeat_dummydata, 0
1.072, ThrottlePercent, 0
1.072, BrakePercent, 0
1.072, FrontBrakePressure, 10
1.072, SteeringAngle, -102
1.072, BrakeWhileThrottle, 0
1.072, ThrottlePercent, 0
1.072, BrakePercent, 0
1.072, FrontBrakePressure, 10
1.072, SteeringAngle, -102
1.072, BrakeWhileThrottle, 0
1.072, VCU_wheelSpeed_RL, 0.0
1.072, VCU_wheelSpeed_RR, 0.0
1.072, RLSpeedKPH, 0.0
1.072, RRSpeedKPH, 0.0
1.072, FLSpeedKPH, 0.0
1.072, FRSpeedKPH, 0.0
1.072, TCTorqueMax, 34.392
1.072, TCLeftSlip, -0.999
1.072, TCRightSlip, -0.999
1.072, TCTorqueAdjustment, 0.0
1.073, ThrottlePercent, 0
1.073, BrakePercent, 0
1.073, FrontBrakePressure, 12
1.073, SteeringAngle, -102
1.073, BrakeWhileThrottle, 0
1.073, VoltageBusLV, 12.457
1.073, CurrentBusLV, 0.0
1.073, PowerBusLV, 0
1.073, ThrottlePercent, 0
1.073, BrakePercent, 0
1.073, FrontBrakePressure, 15
1.073, SteeringAngle, -102
1.073, BrakeWhileThrottle, 0
1.073, ThrottlePercent, 0
1.073, BrakePercent, 0
1.073, FrontBrakePressure, 11
1.073, SteeringAngle, -102
1.073, BrakeWhileThrottle, 0
1.073, ChannelCurrentRadiator, 0.201
1.073, ChannelCurrentAccFan, 0.214
1.073, ChannelCurrentPump1, 0.0
1.073, ChannelCurrentPump2, 0.17400000000000002
1.122, ChannelCurrentAUX1, 0.0
1.122, ChannelCurrentAUX2, 0.17400000000000002
1.122, ChannelCurrentAUX3, 0.0
1.122, ChannelCurrentAUX4, 0.214
1.122, ChannelCurrentBMU, 0.228
1.122, ChannelCurrentCDU, 0.362
1.122, ChannelCurrentTCU, 0.34900000000000003
1.122, ChannelCurrentWSB, 0.644
1.122, ChannelCurrentBrakeLight, 0.0
1.122, ChannelCurrentInverter, 0.0
1.122, VCU_wheelSpeed_RL, 0.0
1.122, VCU_wheelSpeed_RR, 0.0
1.122, ThrottlePercent, 0
1.122, BrakePercent, 0
1.122, FrontBrakePressure, 10
1.122, SteeringAngle, -102
1.122, BrakeWhileThrottle, 0
1.122, RLSpeedKPH, 0.0
1.122, RRSpeedKPH, 0.0
1.122, FLSpeedKPH, 0.0
1.122, FRSpeedKPH, 0.0
1.122, TCTorqueMax, 34.392
1.122, TCLeftSlip, -0.999
1.122, TCRightSlip, -0.999
1.122, TCTorqueAdjustment, 0.0
1.122, ThrottlePercent, 0
1.122, BrakePercent, 0
1.122, FrontBrakePressure, 16
1.122, SteeringAngle, -102
1.122, BrakeWhileThrottle, 0
1.122, ThrottlePercent, 0
1.122, BrakePercent, 0
1.122, FrontBrakePressure, 11
1.122, SteeringAngle, -102
1.122, BrakeWhileThrottle, 0
1.122, RearBrakePressure, 1
1.123, BrakeTempFront, -31.730000000000018
1.123, BrakeTempFrontAccuracy, 1
1.123, ThrottlePercent, 0
1.123, BrakePercent, 0
1.123, FrontBrakePressure, 10
1.123, SteeringAngle, -102
1.123, BrakeWhileThrottle, 0
1.123, VCU_wheelSpeed_RL, 0.0
1.123, VCU_wheelSpeed_RR, 0.0
1.123, RLSpeedKPH, 0.0
1.123, RRSpeedKPH, 0.0
1.123, FLSpeedKPH, 0.0
1.123, FRSpeedKPH, 0.0
1.123, TCTorqueMax, 34.392
1.123, TCLeftSlip, -0.999
1.123, TCRightSlip, -0.999
1.123, TCTorqueAdjustment, 0.0
1.123, ThrottlePercent, 0
1.123, BrakePercent, 0
1.123, FrontBrakePressure, 12
1.123, SteeringAngle, -102
1.123, BrakeWhileThrottle, 0
1.172, ThrottlePercent, 0
1.172, BrakePercent, 0
1.172, FrontBrakePressure, 14
1.172, SteeringAngle, -102
1.172, BrakeWhileThrottle, 0
1.172, ThrottlePercent, 0
1.172, BrakePercent, 0
1.172, FrontBrakePressure, 13
1.172, SteeringAngle, -102
1.172, BrakeWhileThrottle, 0
1.172, VCU_wheelSpeed_RL, 0.0
1.172, VCU_wheelSpeed_RR, 0.0
1.172, ThrottlePercent, 0
1.172, BrakePercent, 0
1.172, FrontBrakePressure, 9
1.172, SteeringAngle, -102
1.172, BrakeWhileThrottle, 0
1.172, RLSpeedKPH, 0.0
1.172, RRSpeedKPH, 0.0
1.172, FLSpeedKPH, 0.0
1.172, FRSpeedKPH, 0.0
1.172, TCTorqueMax, 34.392
1.172, TCLeftSlip, -0.999
1.172, TCRightSlip, -0.999
1.172, TCTorqueAdjustment, 0.0
1.172, ThrottlePercent, 0
1.172, BrakePercent, 0
1.172, FrontBrakePressure, 14
1.172, SteeringAngle, -102
1.172, BrakeWhileThrottle, 0
1.172, ThrottlePercent, 0
1.172, BrakePercent, 0
1.172, FrontBrakePressure, 12
1.172, SteeringAngle, -102
1.172, BrakeWhileThrottle, 0
1.173, ChannelCurrentRadiator, 0.201
1.173, ChannelCurrentAccFan, 0.214
1.173, ChannelCurrentPump1, 0.0
1.173, ChannelCurrentPump2, 0.228
1.222, ChannelCurrentAUX1, 0.0
1.222, ChannelCurrentAUX2, 0.201
1.222, ChannelCurrentAUX3, 0.0
1.222, ChannelCurrentAUX4, 0.17400000000000002
1.222, ChannelCurrentBMU, 0.187
1.222, ChannelCurrentCDU, 0.34900000000000003
1.222, ChannelCurrentTCU, 0.241
1.222, ChannelCurrentWSB, 0.617
1.222, ChannelCurrentBrakeLight, 0.0
1.222, ChannelCurrentInverter, 0.0
1.222, ThrottlePercent, 0
1.222, BrakePercent, 0
1.222, FrontBrakePressure, 9
1.222, SteeringAngle, -102
1.222, BrakeWhileThrottle, 0
1.222, VCU_wheelSpeed_RL, 0.0
1.222, VCU_wheelSpeed_RR, 0.0
1.222, RLSpeedKPH, 0.0
1.222, RRSpeedKPH, 0.0
1.222, FLSpeedKPH, 0.0
1.222, FRSpeedKPH, 0.0
1.222, TCTorqueMax, 34.392
1.222, TCLeftSlip, -0.999
1.222, TCRightSlip, -0.999
1.222, TCTorqueAdjustment, 0.0
1.222, ThrottlePercent, 0
1.222, BrakePercent, 0
1.222, FrontBrakePressure, 10
1.222, SteeringAngle, -102
1.222, BrakeWhileThrottle, 0
1.222, ThrottlePercent, 0
1.222, BrakePercent, 0
1.222, FrontBrakePressure, 13
1.222, SteeringAngle, -102
1.222, BrakeWhileThrottle, 0
1.222, RearBrakePressure, 0
1.222, BrakeTempFront, -31.819999999999993
1.222, BrakeTempFrontAccuracy, 1
1.222, ThrottlePercent, 0
1.222, BrakePercent, 0
1.222, FrontBrakePressure, 16
1.222, SteeringAngle, -102
1.222, BrakeWhileThrottle, 0
1.222, VCU_wheelSpeed_RL, 0.0
1.222, VCU_wheelSpeed_RR, 0.0
1.222, ThrottlePercent, 0
1.222, BrakePercent, 0
1.222, FrontBrakePressure, 16
1.222, SteeringAngle, -102
1.222, BrakeWhileThrottle, 0
1.272, RLSpeedKPH, 0.0
1.272, RRSpeedKPH, 0.0
1.272, FLSpeedKPH, 0.0
1.272, FRSpeedKPH, 0.0
1.272, TCTorqueMax, 34.392
1.272, TCLeftSlip, -0.999
1.272, TCRightSlip, -0.999
1.272, TCTorqueAdjustment, 0.0
1.272, ThrottlePercent, 0
1.272, BrakePercent, 0
1.272, FrontBrakePressure, 9
1.272, SteeringAngle, -102
1.272, BrakeWhileThrottle, 0
1.272, ThrottlePercent, 0
1.272, BrakePercent, 0
1.272, FrontBrakePressure, 16
1.272, SteeringAngle, -102
1.272, BrakeWhileThrottle, 0
1.272, ThrottlePercent, 0
1.272, BrakePercent, 0
1.272, FrontBrakePressure, 16
1.272, SteeringAngle, -102
1.272, BrakeWhileThrottle, 0
1.272, VCU_wheelSpeed_RL, 0.0
1.272, VCU_wheelSpeed_RR, 0.0
1.272, RLSpeedKPH, 0.0
1.272, RRSpeedKPH, 0.0
1.272, FLSpeedKPH, 0.0
1.272, FRSpeedKPH, 0.0
1.272, TCTorqueMax, 34.392
1.272, TCLeftSlip, -0.999
1.272, TCRightSlip, -0.999
1.272, TCTorqueAdjustment, 0.0
1.272, ThrottlePercent, 0
1.272, BrakePercent, 0
1.272, FrontBrakePressure, 7
1.272, SteeringAngle, -102
1.272, BrakeWhileThrottle, 0
1.272, ThrottlePercent, 0
1.272, BrakePercent, 0
1.272, FrontBrakePressure, 13
1.272, SteeringAngle, -102
1.272, BrakeWhileThrottle, 0
1.272, ChannelCurrentRadiator, 0.17400000000000002
1.272, ChannelCurrentAccFan, 0.214
1.272, ChannelCurrentPump1, 0.0
1.272, ChannelCurrentPump2, 0.214
1.322, ChannelCurrentAUX1, 0.0
1.322, ChannelCurrentAUX2, 0.214
1.322, ChannelCurrentAUX3, 0.0
1.322, ChannelCurrentAUX4, 0.201
1.322, ChannelCurrentBMU, 0.228
1.322, ChannelCurrentCDU, 0.362
1.322, ChannelCurrentTCU, 0.362
1.322, ChannelCurrentWSB, 0.671
1.322, ChannelCurrentBrakeLight, 0.0
1.322, ChannelCurrentInverter, 0.0
1.322, ThrottlePercent, 0
1.322, BrakePercent, 0
1.322, FrontBrakePressure, 10
1.322, SteeringAngle, -102
1.322, BrakeWhileThrottle, 0
1.323, VCU_wheelSpeed_RL, 0.0
1.323, VCU_wheelSpeed_RR, 0.0
1.323, ThrottlePercent, 0
1.323, BrakePercent, 0
1.323, FrontBrakePressure, 8
1.323, SteeringAngle, -102
1.323, BrakeWhileThrottle, 0
1.323, RLSpeedKPH, 0.0
1.323, RRSpeedKPH, 0.0
1.323, FLSpeedKPH, 0.0
1.323, FRSpeedKPH, 0.0
1.323, TCTorqueMax, 34.392
1.323, TCLeftSlip, -0.999
1.323, TCRightSlip, -0.999
1.323, TCTorqueAdjustment, 0.0
1.323, ThrottlePercent, 0
1.323, BrakePercent, 0
1.323, FrontBrakePressure, 11
1.323, SteeringAngle, -102
1.323, BrakeWhileThrottle, 0
1.323, RearBrakePressure, 1
1.323, BrakeTempFront, -31.730000000000018
1.323, BrakeTempFrontAccuracy, 1
1.323, ThrottlePercent, 0
1.323, BrakePercent, 0
1.323, FrontBrakePressure, 12
1.323, SteeringAngle, -102
1.323, BrakeWhileThrottle, 0
1.323, ThrottlePercent, 0
1.323, BrakePercent, 0
1.323, FrontBrakePressure, 10
1.323, SteeringAngle, -102
1.323, BrakeWhileThrottle, 0
1.372, VCU_wheelSpeed_RL, 0.0
1.372, VCU_wheelSpeed_RR, 0.0
1.372, RLSpeedKPH, 0.0
1.372, RRSpeedKPH, 0.0
1.372, FLSpeedKPH, 0.0
1.372, FRSpeedKPH, 0.0
1.372, TCTorqueMax, 34.392
1.372, TCLeftSlip, -0.999
1.372, TCRightSlip, -0.999
1.372, TCTorqueAdjustment, 0.0
1.372, ThrottlePercent, 0
1.372, BrakePercent, 0
1.372, FrontBrakePressure, 10
1.372, SteeringAngle, -102
1.372, BrakeWhileThrottle, 0
1.372, ThrottlePercent, 0
1.372, BrakePercent, 0
1.372, FrontBrakePressure, 15
1.372, SteeringAngle, -102
1.372, BrakeWhileThrottle, 0
1.373, ThrottlePercent, 0
1.373, BrakePercent, 0
1.373, FrontBrakePressure, 7
1.373, SteeringAngle, -102
1.373, BrakeWhileThrottle, 0
1.373, VCU_wheelSpeed_RL, 0.0
1.373, VCU_wheelSpeed_RR, 0.0
1.373, ThrottlePercent, 0
1.373, BrakePercent, 0
1.373, FrontBrakePressure, 15
1.373, SteeringAngle, -102
1.373, BrakeWhileThrottle, 0
1.373, RLSpeedKPH, 0.0
1.373, RRSpeedKPH, 0.0
1.373, FLSpeedKPH, 0.0
1.373, FRSpeedKPH, 0.0
1.373, TCTorqueMax, 34.392
1.373, TCLeftSlip, -0.999
1.373, TCRightSlip, -0.999
1.373, TCTorqueAdjustment, 0.0
1.373, ThrottlePercent, 0
1.373, BrakePercent, 0
1.373, FrontBrakePressure, 13
1.373, SteeringAngle, -102
1.373, BrakeWhileThrottle, 0
1.373, ChannelCurrentRadiator, 0.214
1.373, ChannelCurrentAccFan, 0.214
1.373, ChannelCurrentPump1, 0.0
1.373, ChannelCurrentPump2, 0.228
1.422, ChannelCurrentAUX1, 0.0
1.422, ChannelCurrentAUX2, 0.201
1.422, ChannelCurrentAUX3, 0.0
1.422, ChannelCurrentAUX4, 0.214
1.422, ChannelCurrentBMU, 0.214
1.422, ChannelCurrentCDU, 0.429
1.422, ChannelCurrentTCU, 0.362
1.422, ChannelCurrentWSB, 0.604
1.422, ChannelCurrentBrakeLight, 0.0
1.422, ChannelCurrentInverter, 0.0
1.422, ThrottlePercent, 0
1.422, BrakePercent, 0
1.422, FrontBrakePressure, 13
1.422, SteeringAngle, -102
1.422, BrakeWhileThrottle, 0
1.422, ThrottlePercent, 0
1.422, BrakePercent, 0
1.422, FrontBrakePressure, 7
1.422, SteeringAngle, -102
1.422, BrakeWhileThrottle, 0
1.422, VCU_wheelSpeed_RL, 0.0
1.422, VCU_wheelSpeed_RR, 0.0
1.422, RLSpeedKPH, 0.0
1.422, RRSpeedKPH, 0.0
1.422, FLSpeedKPH, 0.0
1.422, FRSpeedKPH, 0.0
1.422, TCTorqueMax, 34.392
1.422, TCLeftSlip, -0.999
1.422, TCRightSlip, -0.999
1.422, TCTorqueAdjustment, 0.0
1.423, ThrottlePercent, 0
1.423, BrakePercent, 0
1.423, FrontBrakePressure, 10
1.423, SteeringAngle, -102
1.423, BrakeWhileThrottle, 0
1.423, RearBrakePressure, 2
1.423, BrakeTempFront, -31.640000000000015
1.423, BrakeTempFrontAccuracy, 1
1.423, ThrottlePercent, 0
1.423, BrakePercent, 0
1.423, FrontBrakePressure, 14
1.423, SteeringAngle, -102
1.423, BrakeWhileThrottle, 0
1.423, ThrottlePercent, 0
1.423, BrakePercent, 0
1.423, FrontBrakePressure, 16
1.423, SteeringAngle, -102
1.423, BrakeWhileThrottle, 0
1.472, VCU_wheelSpeed_RL, 0.0
1.472, VCU_wheelSpeed_RR, 0.0
1.472, ThrottlePercent, 0
1.472, BrakePercent, 0
1.472, FrontBrakePressure, 9
1.472, SteeringAngle, -102
1.472, BrakeWhileThrottle, 0
1.472, RLSpeedKPH, 0.0
1.472, RRSpeedKPH, 0.0
1.472, FLSpeedKPH, 0.0
1.472, FRSpeedKPH, 0.0
1.472, TCTorqueMax, 34.392
1.472, TCLeftSlip, -0.999
1.472, TCRightSlip, -0.999
1.472, TCTorqueAdjustment, 0.0
1.472, ThrottlePercent, 0
1.472, BrakePercent, 0
1.472, FrontBrakePressure, 15
1.472, SteeringAngle, -102
1.472, BrakeWhileThrottle, 0
1.472, ThrottlePercent, 0
1.472, BrakePercent, 0
1.472, FrontBrakePressure, 10
1.472, SteeringAngle, -102
1.472, BrakeWhileThrottle, 0
1.472, ThrottlePercent, 0
1.472, BrakePercent, 0
1.472, FrontBrakePressure, 10
1.472, SteeringAngle, -102
1.472, BrakeWhileThrottle, 0
1.472, VCU_wheelSpeed_RL, 0.0
1.472, VCU_wheelSpeed_RR, 0.0
1.472, RLSpeedKPH, 0.0
1.472, RRSpeedKPH, 0.0
1.472, FLSpeedKPH, 0.0
1.472, FRSpeedKPH, 0.0
1.473, TCTorqueMax, 34.392
1.473, TCLeftSlip, -0.999
1.473, TCRightSlip, -0.999
1.473, TCTorqueAdjustment, 0.0
1.473, ThrottlePercent, 0
1.473, BrakePercent, 0
1.473, FrontBrakePressure, 14
1.473, SteeringAngle, -102
1.473, BrakeWhileThrottle, 0
1.473, ChannelCurrentRadiator, 0.201
1.473, ChannelCurrentAccFan, 0.214
1.473, ChannelCurrentPump1, 0.0
1.473, ChannelCurrentPump2, 0.17400000000000002
1.522, ChannelCurrentAUX1, 0.0
1.522, ChannelCurrentAUX2, 0.187
1.522, ChannelCurrentAUX3, 0.0
1.522, ChannelCurrentAUX4, 0.214
1.522, ChannelCurrentBMU, 0.214
1.522, ChannelCurrentCDU, 0.41600000000000004
1.522, ChannelCurrentTCU, 0.362
1.522, ChannelCurrentWSB, 0.671
1.522, ChannelCurrentBrakeLight, 0.0
1.522, ChannelCurrentInverter, 0.0
1.522, ThrottlePercent, 0
1.522, BrakePercent, 0
1.522, FrontBrakePressure, 13
1.522, SteeringAngle, -102
1.522, BrakeWhileThrottle, 0
1.522, ThrottlePercent, 0
1.522, BrakePercent, 0
1.522, FrontBrakePressure, 10
1.522, SteeringAngle, -102
1.522, BrakeWhileThrottle, 0
1.522, VCU_wheelSpeed_RL, 0.0
1.522, VCU_wheelSpeed_RR, 0.0
1.522, ThrottlePercent, 0
1.522, BrakePercent, 0
1.522, FrontBrakePressure, 13
1.522, SteeringAngle, -102
1.522, BrakeWhileThrottle, 0
1.522, RLSpeedKPH, 0.0
1.522, RRSpeedKPH, 0.0
1.522, FLSpeedKPH, 0.0
1.522, FRSpeedKPH, 0.0
1.522, RearBrakePressure, 4
1.522, BrakeTempFront, -31.730000000000018
1.522, BrakeTempFrontAccuracy, 1
1.522, TCTorqueMax, 34.392
1.522, TCLeftSlip, -0.999
1.522, TCRightSlip, -0.999
1.522, TCTorqueAdjustment, 0.0
1.522, ThrottlePercent, 0
1.522, BrakePercent, 0
1.522, FrontBrakePressure, 8
1.522, SteeringAngle, -102
1.522, BrakeWhileThrottle, 0
1.557, ThrottlePercent, 0
1.557, BrakePercent, 0
1.557, FrontBrakePressure, 15
1.557, SteeringAngle, -102
1.557, BrakeWhileThrottle, 0
1.572, ThrottlePercent, 0
1.572, BrakePercent, 0
1.572, FrontBrakePressure, 15
1.572, SteeringAngle, -102
1.572, BrakeWhileThrottle, 0
1.572, VCU_wheelSpeed_RL, 0.0
1.572, VCU_wheelSpeed_RR, 0.0
1.572, RLSpeedKPH, 0.0
1.572, RRSpeedKPH, 0.0
1.572, FLSpeedKPH, 0.0
1.572, FRSpeedKPH, 0.0
1.572, TCTorqueMax, 34.392
1.572, TCLeftSlip, -0.999
1.572, TCRightSlip, -0.999
1.572, TCTorqueAdjustment, 0.0
1.572, ThrottlePercent, 0
1.572, BrakePercent, 0
1.572, FrontBrakePressure, 14
1.572, SteeringAngle, -102
1.572, BrakeWhileThrottle, 0
1.572, ThrottlePercent, 0
1.572, BrakePercent, 0
1.572, FrontBrakePressure, 14
1.572, SteeringAngle, -102
1.572, BrakeWhileThrottle, 0
1.572, VoltageBusLV, 12.450000000000001
1.572, CurrentBusLV, 0.0
1.572, PowerBusLV, 0
1.572, ThrottlePercent, 0
1.572, BrakePercent, 0
1.572, FrontBrakePressure, 8
1.572, SteeringAngle, -102
1.572, BrakeWhileThrottle, 0
1.572, VCU_wheelSpeed_RL, 0.0
1.572, VCU_wheelSpeed_RR, 0.0
1.572, ThrottlePercent, 0
1.572, BrakePercent, 0
1.572, FrontBrakePressure, 8
1.572, SteeringAngle, -102
1.572, BrakeWhileThrottle, 0
1.572, ChannelCurrentRadiator, 0.201
1.572, ChannelCurrentAccFan, 0.201
1.572, ChannelCurrentPump1, 0.0
1.572, ChannelCurrentPump2, 0.201
1.622, ChannelCurrentAUX1, 0.0
1.622, ChannelCurrentAUX2, 0.214
1.622, ChannelCurrentAUX3, 0.0
1.622, ChannelCurrentAUX4, 0.187
1.622, RLSpeedKPH, 0.0
1.622, RRSpeedKPH, 0.0
1.622, FLSpeedKPH, 0.0
1.622, FRSpeedKPH, 0.0
1.622, ChannelCurrentBMU, 0.214
1.622, ChannelCurrentCDU, 0.41600000000000004
1.622, ChannelCurrentTCU, 0.362
1.622, ChannelCurrentWSB, 0.6980000000000001
1.623, ChannelCurrentBrakeLight, 0.0
1.623, ChannelCurrentInverter, 0.0
1.623, TCTorqueMax, 34.392
1.623, TCLeftSlip, -0.999
1.623, TCRightSlip, -0.999
1.623, TCTorqueAdjustment, 0.0
1.623, ThrottlePercent, 0
1.623, BrakePercent, 0
1.623, FrontBrakePressure, 13
1.623, SteeringAngle, -102
1.623, BrakeWhileThrottle, 0
1.623, ThrottlePercent, 0
1.623, BrakePercent, 0
1.623, FrontBrakePressure, 8
1.623, SteeringAngle, -102
1.623, BrakeWhileThrottle, 0
1.623, ThrottlePercent, 0
1.623, BrakePercent, 0
1.623, FrontBrakePressure, 12
1.623, SteeringAngle, -102
1.623, BrakeWhileThrottle, 0
1.623, RearBrakePressure, 2
1.623, BrakeTempFront, -31.450000000000017
1.623, BrakeTempFrontAccuracy, 1
1.623, VCU_wheelSpeed_RL, 0.0
1.623, VCU_wheelSpeed_RR, 0.0
1.623, RLSpeedKPH, 0.0
1.623, RRSpeedKPH, 0.0
1.623, FLSpeedKPH, 0.0
1.623, FRSpeedKPH, 0.0
1.623, TCTorqueMax, 34.392
1.623, TCLeftSlip, -0.999
1.623, TCRightSlip, -0.999
1.623, TCTorqueAdjustment, 0.0
1.623, ThrottlePercent, 0
1.623, BrakePercent, 0
1.623, FrontBrakePressure, 15
1.623, SteeringAngle, -102
1.623, BrakeWhileThrottle, 0
1.623, ThrottlePercent, 0
1.623, BrakePercent, 0
1.623, FrontBrakePressure, 12
1.623, SteeringAngle, -102
1.623, BrakeWhileThrottle, 0
1.672, ThrottlePercent, 0
1.672, BrakePercent, 0
1.672, FrontBrakePressure, 9
1.672, SteeringAngle, -102
1.672, BrakeWhileThrottle, 0
1.672, VCU_wheelSpeed_RL, 0.0
1.672, VCU_wheelSpeed_RR, 0.0
1.673, ThrottlePercent, 0
1.673, BrakePercent, 0
1.673, FrontBrakePressure, 11
1.673, SteeringAngle, -102
1.673, BrakeWhileThrottle, 0
1.673, RLSpeedKPH, 0.0
1.673, RRSpeedKPH, 0.0
1.673, FLSpeedKPH, 0.0
1.673, FRSpeedKPH, 0.0
1.673, TCTorqueMax, 34.392
1.673, TCLeftSlip, -0.999
1.673, TCRightSlip, -0.999
1.673, TCTorqueAdjustment, 0.0
1.673, ThrottlePercent, 0
1.673, BrakePercent, 0
1.673, FrontBrakePressure, 15
1.673, SteeringAngle, -102
1.673, BrakeWhileThrottle, 0
1.673, ThrottlePercent, 0
1.673, BrakePercent, 0
1.673, FrontBrakePressure, 16
1.673, SteeringAngle, -102
1.673, BrakeWhileThrottle, 0
1.673, ThrottlePercent, 0
1.673, BrakePercent, 0
1.673, FrontBrakePressure, 16
1.673, SteeringAngle, -102
1.673, BrakeWhileThrottle, 0
1.673, ChannelCurrentRadiator, 0.214
1.673, ChannelCurrentAccFan, 0.201
1.673, ChannelCurrentPump1, 0.0
1.673, ChannelCurrentPump2, 0.161
1.722, ChannelCurrentAUX1, 0.0
1.722, ChannelCurrentAUX2, 0.161
1.722, ChannelCurrentAUX3, 0.0
1.722, ChannelCurrentAUX4, 0.214
1.722, ChannelCurrentBMU, 0.214
1.722, ChannelCurrentCDU, 0.41600000000000004
1.722, ChannelCurrentTCU, 0.34900000000000003
1.722, ChannelCurrentWSB, 0.711
1.722, ChannelCurrentBrakeLight, 0.0
1.722, ChannelCurrentInverter, 0.0
1.722, VCU_wheelSpeed_RL, 0.0
1.722, VCU_wheelSpeed_RR, 0.0
1.722, RLSpeedKPH, 0.0
1.722, RRSpeedKPH, 0.0
1.722, FLSpeedKPH, 0.0
1.722, FRSpeedKPH, 0.0
1.722, TCTorqueMax, 34.392
1.722, TCLeftSlip, -0.999
1.722, TCRightSlip, -0.999
1.722, TCTorqueAdjustment, 0.0
1.722, ThrottlePercent, 0
1.722, BrakePercent, 0
1.722, FrontBrakePressure, 9
1.722, SteeringAngle, -102
1.722, BrakeWhileThrottle, 0
1.722, ThrottlePercent, 0
1.722, BrakePercent, 0
1.722, FrontBrakePressure, 13
1.722, SteeringAngle, -102
1.722, BrakeWhileThrottle, 0
1.723, ThrottlePercent, 0
1.723, BrakePercent, 0
1.723, FrontBrakePressure, 14
1.723, SteeringAngle, -102
1.723, BrakeWhileThrottle, 0
1.723, RearBrakePressure, 1
1.723, BrakeTempFront, -31.640000000000015
1.723, BrakeTempFrontAccuracy, 1
1.723, VCU_wheelSpeed_RL, 0.0
1.723, VCU_wheelSpeed_RR, 0.0
1.723, ThrottlePercent, 0
1.723, BrakePercent, 0
1.723, FrontBrakePressure, 16
1.723, SteeringAngle, -102
1.723, BrakeWhileThrottle, 0
1.723, RLSpeedKPH, 0.0
1.723, RRSpeedKPH, 0.0
1.723, FLSpeedKPH, 0.0
1.723, FRSpeedKPH, 0.0
1.723, TCTorqueMax, 34.392
1.723, TCLeftSlip, -0.999
1.723, TCRightSlip, -0.999
1.723, TCTorqueAdjustment, 0.0
1.723, ThrottlePercent, 0
1.723, BrakePercent, 0
1.723, FrontBrakePressure, 14
1.723, SteeringAngle, -102
1.723, BrakeWhileThrottle, 0
1.772, ThrottlePercent, 0
1.772, BrakePercent, 0
1.772, FrontBrakePressure, 14
1.772, SteeringAngle, -102
1.772, BrakeWhileThrottle, 0
1.772, ThrottlePercent, 0
1.772, BrakePercent, 0
1.772, FrontBrakePressure, 13
1.772, SteeringAngle, -102
1.772, BrakeWhileThrottle, 0
1.772, VCU_wheelSpeed_RL, 0.0
1.772, VCU_wheelSpeed_RR, 0.0
1.772, RLSpeedKPH, 0.0
1.772, RRSpeedKPH, 0.0
1.772, FLSpeedKPH, 0.0
1.772, FRSpeedKPH, 0.0
1.772, TCTorqueMax, 34.392
1.772, TCLeftSlip, -0.999
1.772, TCRightSlip, -0.999
1.772, TCTorqueAdjustment, 0.0
1.772, ThrottlePercent, 0
1.772, BrakePercent, 0
1.772, FrontBrakePressure, 14
1.772, SteeringAngle, -102
1.772, BrakeWhileThrottle, 0
1.772, ThrottlePercent, 0
1.772, BrakePercent, 0
1.772, FrontBrakePressure, 11
1.772, SteeringAngle, -102
1.772, BrakeWhileThrottle, 0
1.773, ThrottlePercent, 0
1.773, BrakePercent, 0
1.773, FrontBrakePressure, 8
1.773, SteeringAngle, -102
1.773, BrakeWhileThrottle, 0
1.773, ChannelCurrentRadiator, 0.214
1.773, ChannelCurrentAccFan, 0.214
1.773, ChannelCurrentPump1, 0.0
1.773, ChannelCurrentPump2, 0.214
1.822, ChannelCurrentAUX1, 0.0
1.822, ChannelCurrentAUX2, 0.201
1.822, ChannelCurrentAUX3, 0.0
1.822, ChannelCurrentAUX4, 0.214
1.822, ChannelCurrentBMU, 0.161
1.822, ChannelCurrentCDU, 0.443
1.822, ChannelCurrentTCU, 0.375
1.822, ChannelCurrentWSB, 0.684
1.822, ChannelCurrentBrakeLight, 0.0
1.822, ChannelCurrentInverter, 0.0
1.822, VCU_wheelSpeed_RL, 0.0
1.822, VCU_wheelSpeed_RR, 0.0
1.822, ThrottlePercent, 0
1.822, BrakePercent, 0
1.822, FrontBrakePressure, 16
1.822, SteeringAngle, -102
1.822, BrakeWhileThrottle, 0
1.822, RLSpeedKPH, 0.0
1.822, RRSpeedKPH, 0.0
1.822, FLSpeedKPH, 0.0
1.822, FRSpeedKPH, 0.0
1.822, TCTorqueMax, 34.392
1.822, TCLeftSlip, -0.999
1.822, TCRightSlip, -0.999
1.822, TCTorqueAdjustment, 0.0
1.822, ThrottlePercent, 0
1.822, BrakePercent, 0
1.822, FrontBrakePressure, 10
1.822, SteeringAngle, -102
1.822, BrakeWhileThrottle, 0
1.822, ThrottlePercent, 0
1.822, BrakePercent, 0
1.822, FrontBrakePressure, 16
1.822, SteeringAngle, -102
1.822, BrakeWhileThrottle, 0
1.822, RearBrakePressure, 0
1.822, BrakeTempFront, -31.180000000000007
1.822, BrakeTempFrontAccuracy, 1
1.822, ThrottlePercent, 0
1.822, BrakePercent, 0
1.822, FrontBrakePressure, 14
1.822, SteeringAngle, -102
1.822, BrakeWhileThrottle, 0
1.827, VCU_wheelSpeed_RL, 0.0
1.827, VCU_wheelSpeed_RR, 0.0
1.827, RLSpeedKPH, 0.0
1.827, RRSpeedKPH, 0.0
1.827, FLSpeedKPH, 0.0
1.827, FRSpeedKPH, 0.0
1.827, TCTorqueMax, 34.392
1.827, TCLeftSlip, -0.999
1.827, TCRightSlip, -0.999
1.827, TCTorqueAdjustment, 0.0
1.827, ThrottlePercent, 0
1.827, BrakePercent, 0
1.827, FrontBrakePressure, 14
1.827, SteeringAngle, -102
1.827, BrakeWhileThrottle, 0
1.872, ThrottlePercent, 0
1.872, BrakePercent, 0
1.872, FrontBrakePressure, 16
1.872, SteeringAngle, -102
1.872, BrakeWhileThrottle, 0
1.872, ThrottlePercent, 0
1.872, BrakePercent, 0
1.872, FrontBrakePressure, 14
1.872, SteeringAngle, -102
1.872, BrakeWhileThrottle, 0
1.872, VCU_wheelSpeed_RL, 0.0
1.872, VCU_wheelSpeed_RR, 0.0
1.872, ThrottlePercent, 0
1.872, BrakePercent, 0
1.872, FrontBrakePressure, 16
1.872, SteeringAngle, -102
1.872, BrakeWhileThrottle, 0
1.872, RLSpeedKPH, 0.0
1.872, RRSpeedKPH, 0.0
1.872, FLSpeedKPH, 0.0
1.872, FRSpeedKPH, 0.0
1.872, TCTorqueMax, 34.392
1.872, TCLeftSlip, -0.999
1.872, TCRightSlip, -0.999
1.872, TCTorqueAdjustment, 0.0
1.872, ThrottlePercent, 0
1.872, BrakePercent, 0
1.872, FrontBrakePressure, 16
1.872, SteeringAngle, -102
1.872, BrakeWhileThrottle, 0
1.872, ThrottlePercent, 0
1.872, BrakePercent, 0
1.872, FrontBrakePressure, 10
1.872, SteeringAngle, -102
1.872, BrakeWhileThrottle, 0
1.872, ChannelCurrentRadiator, 0.17400000000000002
1.872, ChannelCurrentAccFan, 0.201
1.872, ChannelCurrentPump1, 0.0
1.872, ChannelCurrentPump2, 0.214
1.922, ChannelCurrentAUX1, 0.0
1.922, ChannelCurrentAUX2, 0.228
1.922, ChannelCurrentAUX3, 0.0
1.922, ChannelCurrentAUX4, 0.17400000000000002
1.922, ChannelCurrentBMU, 0.214
1.922, ChannelCurrentCDU, 0.46900000000000003
1.922, ChannelCurrentTCU, 0.34900000000000003
1.922, ChannelCurrentWSB, 0.684
1.923, ChannelCurrentBrakeLight, 0.0
1.923, ChannelCurrentInverter, 0.0
1.923, ThrottlePercent, 0
1.923, BrakePercent, 0
1.923, FrontBrakePressure, 12
1.923, SteeringAngle, -102
1.923, BrakeWhileThrottle, 0
1.923, VCU_wheelSpeed_RL, 0.0
1.923, VCU_wheelSpeed_RR, 0.0
1.923, RLSpeedKPH, 0.0
1.923, RRSpeedKPH, 0.0
1.923, FLSpeedKPH, 0.0
1.923, FRSpeedKPH, 0.0
1.923, TCTorqueMax, 34.392
1.923, TCLeftSlip, -0.999
1.923, TCRightSlip, -0.999
1.923, TCTorqueAdjustment, 0.0
1.923, ThrottlePercent, 0
1.923, BrakePercent, 0
1.923, FrontBrakePressure, 14
1.923, SteeringAngle, -102
1.923, BrakeWhileThrottle, 0
1.923, ThrottlePercent, 0
1.923, BrakePercent, 0
1.923, FrontBrakePressure, 11
1.923, SteeringAngle, -102
1.923, BrakeWhileThrottle, 0
1.923, RearBrakePressure, 0
1.923, BrakeTempFront, -31.909999999999997
1.923, BrakeTempFrontAccuracy, 1
1.923, ThrottlePercent, 0
1.923, BrakePercent, 0
1.923, FrontBrakePressure, 10
1.923, SteeringAngle, -102
1.923, BrakeWhileThrottle, 0
1.923, VCU_wheelSpeed_RL, 0.0
1.923, VCU_wheelSpeed_RR, 0.0
1.923, ThrottlePercent, 0
1.923, BrakePercent, 0
1.923, FrontBrakePressure, 9
1.923, SteeringAngle, -102
1.923, BrakeWhileThrottle, 0
1.972, RLSpeedKPH, 0.0
1.972, RRSpeedKPH, 0.0
1.972, FLSpeedKPH, 0.0
1.972, FRSpeedKPH, 0.0
1.972, TCTorqueMax, 34.392
1.972, TCLeftSlip, -0.999
1.972, TCRightSlip, -0.999
1.972, TCTorqueAdjustment, 0.0
1.973, ThrottlePercent, 0
1.973, BrakePercent, 0
1.973, FrontBrakePressure, 10
1.973, SteeringAngle, -102
1.973, BrakeWhileThrottle, 0
1.973, ThrottlePercent, 0
1.973, BrakePercent, 0
1.973, FrontBrakePressure, 13
1.973, SteeringAngle, -102
1.973, BrakeWhileThrottle, 0
1.973, ThrottlePercent, 0
1.973, BrakePercent, 0
1.973, FrontBrakePressure, 14
1.973, SteeringAngle, -102
1.973, BrakeWhileThrottle, 0
1.973, VCU_wheelSpeed_RL, 0.0
1.973, VCU_wheelSpeed_RR, 0.0
1.973, RLSpeedKPH, 0.0
1.973, RRSpeedKPH, 0.0
1.973, FLSpeedKPH, 0.0
1.973, FRSpeedKPH, 0.0
1.973, PDU_Heartbeat_dummydata, 0
1.973, TCTorqueMax, 34.392
1.973, TCLeftSlip, -0.999
1.973, TCRightSlip, -0.999
1.973, TCTorqueAdjustment, 0.0
1.973, ThrottlePercent, 0
1.973, BrakePercent, 0
1.973, FrontBrakePressure, 13
1.973, SteeringAngle, -102
1.973, BrakeWhileThrottle, 0
1.973, CarStateIsLV, -1
1.973, CarStateIsEM, 0
1.973, CarStateIsHV, 0
1.973, ThrottlePercent, 0
1.973, BrakePercent, 0
1.973, FrontBrakePressure, 11
1.973, SteeringAngle, -102
1.973, BrakeWhileThrottle, 0
1.973, ChannelCurrentRadiator, 0.214
1.973, ChannelCurrentAccFan, 0.214
1.973, ChannelCurrentPump1, 0.0
1.973, ChannelCurrentPump2, 0.214
2.022, ChannelCurrentAUX1, 0.0
2.022, ChannelCurrentAUX2, 0.201
2.022, ChannelCurrentAUX3, 0.0
2.022, ChannelCurrentAUX4, 0.161
2.022, ChannelCurrentBMU, 0.214
2.022, ChannelCurrentCDU, 0.402
2.022, ChannelCurrentTCU, 0.322
2.022, ChannelCurrentWSB, 0.644
2.022, ChannelCurrentBrakeLight, 0.0
2.022, ChannelCurrentInverter, 0.0
2.022, ThrottlePercent, 0
2.022, BrakePercent, 0
2.022, FrontBrakePressure, 9
2.022, SteeringAngle, -102
2.022, BrakeWhileThrottle, 0
2.023, VCU_wheelSpeed_RL, 0.0
2.023, VCU_wheelSpeed_RR, 0.0
2.023, ThrottlePercent, 0
2.023, BrakePercent, 0
2.023, FrontBrakePressure, 10
2.023, SteeringAngle, -102
2.023, BrakeWhileThrottle, 0
2.023, RLSpeedKPH, 0.0
2.023, RRSpeedKPH, 0.0
2.023, FLSpeedKPH, 0.0
2.023, FRSpeedKPH, 0.0
2.023, TCTorqueMax, 34.392
2.023, TCLeftSlip, -0.999
2.023, TCRightSlip, -0.999
2.023, TCTorqueAdjustment, 0.0
2.023, ThrottlePercent, 0
2.023, BrakePercent, 0
2.023, FrontBrakePressure, 10
2.023, SteeringAngle, -102
2.023, BrakeWhileThrottle, 0
2.023, RearBrakePressure, 1
2.023, BrakeTempFront, -31.730000000000018
2.023, BrakeTempFrontAccuracy, 1
2.023, ThrottlePercent, 0
2.023, BrakePercent, 0
2.023, FrontBrakePressure, 13
2.023, SteeringAngle, -102
2.023, BrakeWhileThrottle, 0
2.023, ThrottlePercent, 0
2.023, BrakePercent, 0
2.023, FrontBrakePressure, 16
2.023, SteeringAngle, -102
2.023, BrakeWhileThrottle, 0
2.072, VCU_wheelSpeed_RL, 0.0
2.072, VCU_wheelSpeed_RR, 0.0
2.072, RLSpeedKPH, 0.0
2.072, RRSpeedKPH, 0.0
2.072, FLSpeedKPH, 0.0
2.072, FRSpeedKPH, 0.0
2.072, TCTorqueMax, 34.392
2.072, TCLeftSlip, -0.999
2.072, TCRightSlip, -0.999
2.072, TCTorqueAdjustment, 0.0
2.072, VCU_Heartbeat_dummydata, 0
2.072, ThrottlePercent, 0
2.072, BrakePercent, 0
2.072, FrontBrakePressure, 11
2.072, SteeringAngle, -102
2.072, BrakeWhileThrottle, 0
2.072, ThrottlePercent, 0
2.072, BrakePercent, 0
2.072, FrontBrakePressure, 11
2.072, SteeringAngle, -102
2.072, BrakeWhileThrottle, 0
2.073, ThrottlePercent, 0
2.073, BrakePercent, 0
2.073, FrontBrakePressure, 12
2.073, SteeringAngle, -102
2.073, BrakeWhileThrottle, 0
2.073, VoltageBusLV, 12.446
2.073, CurrentBusLV, 0.0
2.073, PowerBusLV, 0
2.073, VCU_wheelSpeed_RL, 0.0
2.073, VCU_wheelSpeed_RR, 0.0
2.073, ThrottlePercent, 0
2.073, BrakePercent, 0
2.073, FrontBrakePressure, 14
2.073, SteeringAngle, -102
2.073, BrakeWhileThrottle, 0
2.073, RLSpeedKPH, 0.0
2.073, RRSpeedKPH, 0.0
2.073, FLSpeedKPH, 0.0
2.073, FRSpeedKPH, 0.0
2.073, TCTorqueMax, 34.392
2.073, TCLeftSlip, -0.999
2.073, TCRightSlip, -0.999
2.073, TCTorqueAdjustment, 0.0
2.073, ThrottlePercent, 0
2.073, BrakePercent, 0
2.073, FrontBrakePressure, 15
2.073, SteeringAngle, -102
2.073, BrakeWhileThrottle, 0
2.073, ChannelCurrentRadiator, 0.214
2.073, ChannelCurrentAccFan, 0.214
2.073, ChannelCurrentPump1, 0.0
2.073, ChannelCurrentPump2, 0.228
2.122, ChannelCurrentAUX1, 0.0
2.122, ChannelCurrentAUX2, 0.228
2.122, ChannelCurrentAUX3, 0.0
2.122, ChannelCurrentAUX4, 0.187
2.122, ChannelCurrentBMU, 0.201
2.122, ChannelCurrentCDU, 0.443
2.122, ChannelCurrentTCU, 0.375
2.122, ChannelCurrentWSB, 0.792
2.122, ChannelCurrentBrakeLight, 0.0
2.122, ChannelCurrentInverter, 0.0
2.122, ThrottlePercent, 0
2.122, BrakePercent, 0
2.122, FrontBrakePressure, 9
2.122, SteeringAngle, -102
2.122, BrakeWhileThrottle, 0
2.122, ThrottlePercent, 0
2.122, BrakePercent, 0
2.122, FrontBrakePressure, 10
2.122, SteeringAngle, -102
2.122, BrakeWhileThrottle, 0
2.122, VCU_wheelSpeed_RL, 0.0
2.122, VCU_wheelSpeed_RR, 0.0
2.123, RLSpeedKPH, 0.0
2.123, RRSpeedKPH, 0.0
2.123, FLSpeedKPH, 0.0
2.123, FRSpeedKPH, 0.0
2.123, TCTorqueMax, 34.392
2.123, TCLeftSlip, -0.999
2.123, TCRightSlip, -0.999
2.123, TCTorqueAdjustment, 0.0
2.123, ThrottlePercent, 0
2.123, BrakePercent, 0
2.123, FrontBrakePressure, 8
2.123, SteeringAngle, -102
2.123, BrakeWhileThrottle, 0
2.123, RearBrakePressure, 0
2.123, BrakeTempFront, -31.730000000000018
2.123, BrakeTempFrontAccuracy, 1
2.123, ThrottlePercent, 0
2.123, BrakePercent, 0
2.123, FrontBrakePressure, 9
2.123, SteeringAngle, -102
2.123, BrakeWhileThrottle, 0
2.123, ThrottlePercent, 0
2.123, BrakePercent, 0
2.123, FrontBrakePressure, 15
2.123, SteeringAngle, -102
2.123, BrakeWhileThrottle, 0
2.172, VCU_wheelSpeed_RL, 0.0
2.172, VCU_wheelSpeed_RR, 0.0
2.172, ThrottlePercent, 0
2.172, BrakePercent, 0
2.172, FrontBrakePressure, 9
2.172, SteeringAngle, -102
2.172, BrakeWhileThrottle, 0
2.172, RLSpeedKPH, 0.0
2.172, RRSpeedKPH, 0.0
2.172, FLSpeedKPH, 0.0
2.172, FRSpeedKPH, 0.0
2.172, TCTorqueMax, 34.392
2.172, TCLeftSlip, -0.999
2.172, TCRightSlip, -0.999
2.172, TCTorqueAdjustment, 0.0
2.172, ThrottlePercent, 0
2.172, BrakePercent, 0
2.172, FrontBrakePressure, 7
2.172, SteeringAngle, -102
2.172, BrakeWhileThrottle, 0
2.172, ThrottlePercent, 0
2.172, BrakePercent, 0
2.172, FrontBrakePressure, 13
2.172, SteeringAngle, -102
2.172, BrakeWhileThrottle, 0
2.172, ThrottlePercent, 0
2.172, BrakePercent, 0
2.172, FrontBrakePressure, 15
2.172, SteeringAngle, -102
2.172, BrakeWhileThrottle, 0
2.172, VCU_wheelSpeed_RL, 0.0
2.172, VCU_wheelSpeed_RR, 0.0
2.173, RLSpeedKPH, 0.0
2.173, RRSpeedKPH, 0.0
2.173, FLSpeedKPH, 0.0
2.173, FRSpeedKPH, 0.0
2.173, TCTorqueMax, 34.392
2.173, TCLeftSlip, -0.999
2.173, TCRightSlip, -0.999
2.173, TCTorqueAdjustment, 0.0
2.173, ThrottlePercent, 0
2.173, BrakePercent, 0
2.173, FrontBrakePressure, 13
2.173, SteeringAngle, -102
2.173, BrakeWhileThrottle, 0
2.173, ChannelCurrentRadiator, 0.214
2.173, ChannelCurrentAccFan, 0.241
2.173, ChannelCurrentPump1, 0.0
2.173, ChannelCurrentPump2, 0.214
2.222, ChannelCurrentAUX1, 0.0
2.222, ChannelCurrentAUX2, 0.214
2.222, ChannelCurrentAUX3, 0.0
2.222, ChannelCurrentAUX4, 0.214
2.222, ChannelCurrentBMU, 0.214
2.222, ChannelCurrentCDU, 0.443
2.222, ChannelCurrentTCU, 0.34900000000000003
2.222, ChannelCurrentWSB, 0.657
2.222, ChannelCurrentBrakeLight, 0.0
2.222, ChannelCurrentInverter, 0.0
2.222, ThrottlePercent, 0
2.222, BrakePercent, 0
2.222, FrontBrakePressure, 16
2.222, SteeringAngle, -102
2.222, BrakeWhileThrottle, 0
2.222, ThrottlePercent, 0
2.222, BrakePercent, 0
2.222, FrontBrakePressure, 13
2.222, SteeringAngle, -102
2.222, BrakeWhileThrottle, 0
2.222, VCU_wheelSpeed_RL, 0.0
2.222, VCU_wheelSpeed_RR, 0.0
2.222, ThrottlePercent, 0
2.222, BrakePercent, 0
2.222, FrontBrakePressure, 16
2.222, SteeringAngle, -102
2.222, BrakeWhileThrottle, 0
2.222, RLSpeedKPH, 0.0
2.222, RRSpeedKPH, 0.0
2.222, FLSpeedKPH, 0.0
2.222, FRSpeedKPH, 0.0
2.222, RearBrakePressure, 1
2.222, BrakeTempFront, -31.730000000000018
2.222, BrakeTempFrontAccuracy, 1
2.222, TCTorqueMax, 34.392
2.222, TCLeftSlip, -0.999
2.222, TCRightSlip, -0.999
2.222, TCTorqueAdjustment, 0.0
2.223, ThrottlePercent, 0
2.223, BrakePercent, 0
2.223, FrontBrakePressure, 10
2.223, SteeringAngle, -102
2.223, BrakeWhileThrottle, 0
2.223, ThrottlePercent, 0
2.223, BrakePercent, 0
2.223, FrontBrakePressure, 11
2.223, SteeringAngle, -102
2.223, BrakeWhileThrottle, 0
