0.182, IVT_MsgID_RX, 0
0.182, IVT_MsgCount, 2
0.182, IVT_Result_state, 0
0.182, IVT_I, 0.0
0.224, IVT_MsgID_RX, 5
0.224, IVT_MsgCount, 2
0.224, IVT_Result_state, 0
0.224, IVT_W, 0
0.224, IVT_MsgID_RX, 0
0.224, IVT_MsgCount, 3
0.224, IVT_Result_state, 0
0.224, IVT_I, -0.001
0.224, IVT_MsgID_RX, 1
0.224, IVT_MsgCount, 1
0.224, IVT_Result_state, 0
0.224, IVT_U1, 0.012
0.224, IVT_MsgID_RX, 2
0.224, IVT_MsgCount, 1
0.224, IVT_Result_state, 0
0.224, IVT_U2, 0.041
0.224, IVT_MsgID_RX, 3
0.224, IVT_MsgCount, 1
0.224, IVT_Result_state, 0
0.224, IVT_U3, 0.02
0.224, IVT_MsgID_RX, 5
0.224, IVT_MsgCount, 3
0.224, IVT_Result_state, 0
0.224, IVT_W, 0
0.224, IVT_MsgID_RX, 7
0.224, IVT_MsgCount, 2
0.224, IVT_Result_state, 0
0.224, IVT_Wh, 0
0.224, VCU_wheelSpeed_RL, 0.0
0.224, VCU_wheelSpeed_RR, 0.0
0.224, RLSpeedKPH, 0.0
0.224, RRSpeedKPH, 0.0
0.224, FLSpeedKPH, 0.0
0.224, FRSpeedKPH, 0.0
0.224, TCTorqueMax, 3.392
0.224, TCLeftSlip, -0.999
0.224, TCRightSlip, -0.999
0.224, TCTorqueAdjustment, 0.0
0.224, VoltageBusHV, 0.01
0.224, VoltageCellMax, 0.0
0.224, VoltageCellMin, 0.0
0.224, CurrentBusHV, 0.0
0.224, AMS_PackVoltage, 0.0
0.224, RLSpeedKPH, 0.0
0.224, RLSpeedRPM, 0.0
0.224, RRSpeedKPH, 0.0
0.224, RRSpeedRPM, 0
0.225, IVT_MsgID_RX, 0
0.225, IVT_MsgCount, 4
0.225, IVT_Result_state, 0
0.225, IVT_I, 0.001
0.225, IVT_MsgID_RX, 5
0.225, IVT_MsgCount, 4
0.225, IVT_Result_state, 0
0.225, IVT_W, 0
0.225, StateBatteryChargeHV, 0.0
0.225, StateBatteryHealthHV, 0.0
0.225, StateBatteryPowerHV, 331.90000000000003
0.225, TempCellMax, 156.0
0.225, TempCellMin, 55.0
0.225, StateBMS, Wait_System_Up
0.225, HighestTempThermistor, 0
0.225, BMU_checkFailed, EBOX_FAILED
0.225, BMU_InterlockInitialized, 0
0.225, VoltageCellMuxSelect, 4
0.225, VoltageCell13, 3.987
0.225, VoltageCell14, 3.9874
0.225, VoltageCell15, 3.9873000000000003
0.274, AdjustedVoltageCellMuxSelect, 4
0.274, AdjustedVoltageCell13, 3.9869000000000003
0.274, AdjustedVoltageCell14, 3.9873000000000003
0.274, AdjustedVoltageCell15, 3.9872
0.274, TempChannelMuxSelect, 4
0.274, TempChannel13, 0.0
0.274, TempChannel14, 0.0
0.274, TempChannel15, 25.430000000000007
0.274, IVT_MsgID_RX, 7
0.274, IVT_MsgCount, 3
0.274, IVT_Result_state, 0
0.274, IVT_Wh, 0
0.274, VCU_wheelSpeed_RL, 0.0
0.274, VCU_wheelSpeed_RR, 0.0
0.274, RLSpeedKPH, 0.0
0.274, RRSpeedKPH, 0.0
0.274, FLSpeedKPH, 0.0
0.274, FRSpeedKPH, 0.0
0.274, IVT_MsgID_RX, 0
0.274, IVT_MsgCount, 5
0.274, IVT_Result_state, 0
0.274, IVT_I, 0.004
0.274, IVT_MsgID_RX, 5
0.274, IVT_MsgCount, 5
0.274, IVT_Result_state, 0
0.274, IVT_W, 0
0.274, TCTorqueMax, 3.392
0.274, TCLeftSlip, -0.999
0.274, TCRightSlip, -0.999
0.274, TCTorqueAdjustment, 0.0
0.274, VoltageCellMuxSelect, 5
0.274, VoltageCell16, 3.9869000000000003
0.274, VoltageCell17, 3.9893
0.274, VoltageCell18, 4.0961
0.274, AdjustedVoltageCellMuxSelect, 5
0.274, AdjustedVoltageCell16, 3.9868
0.274, AdjustedVoltageCell17, 3.9892000000000003
0.274, AdjustedVoltageCell18, 4.096
0.275, TempChannelMuxSelect, 5
0.275, TempChannel16, 0.0
0.275, TempChannel17, 0.0
0.275, TempChannel18, 0.0
0.275, IVT_MsgID_RX, 0
0.275, IVT_MsgCount, 6
0.275, IVT_Result_state, 0
0.275, IVT_I, 0.002
0.275, IVT_MsgID_RX, 1
0.275, IVT_MsgCount, 2
0.275, IVT_Result_state, 0
0.275, IVT_U1, -0.037
0.275, IVT_MsgID_RX, 2
0.275, IVT_MsgCount, 2
0.275, IVT_Result_state, 0
0.275, IVT_U2, 0.018000000000000002
0.275, IVT_MsgID_RX, 3
0.275, IVT_MsgCount, 2
0.275, IVT_Result_state, 0
0.275, IVT_U3, 0.031
0.275, IVT_MsgID_RX, 5
0.275, IVT_MsgCount, 6
0.275, IVT_Result_state, 0
0.275, IVT_W, 0
0.275, IVT_MsgID_RX, 7
0.275, IVT_MsgCount, 4
0.275, IVT_Result_state, 0
0.275, IVT_Wh, 0
0.275, ChannelCurrentRadiator, 13.736
0.275, ChannelCurrentAccFan, 13.736
0.275, ChannelCurrentPump1, 13.481
0.275, ChannelCurrentPump2, 13.736
0.275, ChannelCurrentAUX1, 13.481
0.275, ChannelCurrentAUX2, 13.736
0.275, ChannelCurrentAUX3, 13.481
0.275, ChannelCurrentAUX4, 13.736
0.275, ChannelCurrentBMU, 27.486
0.275, ChannelCurrentCDU, 27.231
0.275, ChannelCurrentTCU, 27.486
0.275, ChannelCurrentWSB, 54.731
0.275, ChannelCurrentBrakeLight, 13.481
0.275, ChannelCurrentInverter, 13.481
0.275, VCU_wheelSpeed_RL, 0.0
0.275, VCU_wheelSpeed_RR, 0.0
0.324, RLSpeedKPH, 0.0
0.324, RRSpeedKPH, 0.0
0.324, FLSpeedKPH, 0.0
0.324, FRSpeedKPH, 0.0
0.324, TCTorqueMax, 3.392
0.324, TCLeftSlip, -0.999
0.324, TCRightSlip, -0.999
0.324, TCTorqueAdjustment, 0.0
0.325, IVT_MsgID_RX, 0
0.325, IVT_MsgCount, 7
0.325, IVT_Result_state, 0
0.325, IVT_I, 0.0
0.325, IVT_MsgID_RX, 5
0.325, IVT_MsgCount, 7
0.325, IVT_Result_state, 0
0.325, IVT_W, 0
0.325, IVT_MsgID_RX, 7
0.325, IVT_MsgCount, 5
0.325, IVT_Result_state, 0
0.325, IVT_Wh, 0
0.325, IVT_MsgID_RX, 0
0.325, IVT_MsgCount, 8
0.325, IVT_Result_state, 0
0.325, IVT_I, 0.0
0.325, IVT_MsgID_RX, 5
0.325, IVT_MsgCount, 8
0.325, IVT_Result_state, 0
0.325, IVT_W, 0
0.325, VCU_wheelSpeed_RL, 0.0
0.325, VCU_wheelSpeed_RR, 0.0
0.325, BMU_checkFailed, EBOX_FAILED
0.325, BMU_InterlockInitialized, 0
0.325, VoltageCellMuxSelect, 6
0.325, VoltageCell19, 4.0849
0.325, VoltageCell20, 4.0854
0.325, VoltageCell21, 3.9897
0.325, RLSpeedKPH, 0.0
0.325, RRSpeedKPH, 0.0
0.325, FLSpeedKPH, 0.0
0.325, FRSpeedKPH, 0.0
0.325, AdjustedVoltageCellMuxSelect, 6
0.325, AdjustedVoltageCell19, 4.0848
0.325, AdjustedVoltageCell20, 4.0854
0.325, AdjustedVoltageCell21, 3.9895
0.325, VoltageBusHV, 0.0
0.325, VoltageCellMax, 4.1704
0.325, VoltageCellMin, 3.9832
0.325, CurrentBusHV, 0.0
0.325, TCTorqueMax, 3.392
0.325, TCLeftSlip, -0.999
0.325, TCRightSlip, -0.999
0.325, TCTorqueAdjustment, 0.0
0.325, AMS_PackVoltage, 563.83
0.325, TempChannelMuxSelect, 6
0.325, TempChannel19, 0.0
0.325, TempChannel20, 0.0
0.325, TempChannel21, 0.0
0.325, IVT_MsgID_RX, 0
0.325, IVT_MsgCount, 9
0.325, IVT_Result_state, 0
0.325, IVT_I, -0.005
0.326, IVT_MsgID_RX, 1
0.326, IVT_MsgCount, 3
0.326, IVT_Result_state, 0
0.326, IVT_U1, -0.091
0.326, IVT_MsgID_RX, 2
0.326, IVT_MsgCount, 3
0.326, IVT_Result_state, 0
0.326, IVT_U2, 0.016
0.326, IVT_MsgID_RX, 3
0.326, IVT_MsgCount, 3
0.326, IVT_Result_state, 0
0.326, IVT_U3, 0.045
0.326, IVT_MsgID_RX, 5
0.326, IVT_MsgCount, 9
0.326, IVT_Result_state, 0
0.326, IVT_W, 0
0.326, IVT_MsgID_RX, 7
0.326, IVT_MsgCount, 6
0.326, IVT_Result_state, 0
0.326, IVT_Wh, 0
0.374, IVT_MsgID_RX, 0
0.374, IVT_MsgCount, 10
0.374, IVT_Result_state, 0
0.374, IVT_I, 0.004
0.374, IVT_MsgID_RX, 5
0.374, IVT_MsgCount, 10
0.374, IVT_Result_state, 0
0.374, IVT_W, 0
0.374, VCU_wheelSpeed_RL, 0.0
0.374, VCU_wheelSpeed_RR, 0.0
0.374, StateBatteryChargeHV, 97.5
0.374, StateBatteryHealthHV, 0.0
0.374, StateBatteryPowerHV, 331.90000000000003
0.374, TempCellMax, 156.0
0.374, TempCellMin, 55.0
0.374, StateBMS, Wait_System_Up
0.374, HighestTempThermistor, 0
0.374, RLSpeedKPH, 0.0
0.374, RRSpeedKPH, 0.0
0.374, FLSpeedKPH, 0.0
0.374, FRSpeedKPH, 0.0
0.374, TCTorqueMax, 3.392
0.374, TCLeftSlip, -0.999
0.374, TCRightSlip, -0.999
0.374, TCTorqueAdjustment, 0.0
0.374, IVT_MsgID_RX, 7
0.374, IVT_MsgCount, 7
0.374, IVT_Result_state, 0
0.374, IVT_Wh, 0
0.374, VoltageCellMuxSelect, 7
0.374, VoltageCell22, 3.9872
0.374, VoltageCell23, 3.9874
0.374, VoltageCell24, 3.987
0.374, AdjustedVoltageCellMuxSelect, 7
0.374, AdjustedVoltageCell22, 3.9871000000000003
0.374, AdjustedVoltageCell23, 3.9873000000000003
0.374, AdjustedVoltageCell24, 3.9869000000000003
0.374, IVT_MsgID_RX, 0
0.374, IVT_MsgCount, 11
0.374, IVT_Result_state, 0
0.374, IVT_I, -0.003
0.407, IVT_MsgID_RX, 5
0.407, IVT_MsgCount, 11
0.407, IVT_Result_state, 0
0.407, IVT_W, 0
0.407, TempChannelMuxSelect, 7
0.407, TempChannel22, 0.0
0.407, TempChannel23, 0.0
0.407, TempChannel24, 0.0
0.407, ChannelCurrentRadiator, 0.214
0.407, ChannelCurrentAccFan, 0.214
0.407, ChannelCurrentPump1, 0.0
0.407, ChannelCurrentPump2, 0.147
0.407, ChannelCurrentAUX1, 0.0
0.407, ChannelCurrentAUX2, 0.214
0.407, ChannelCurrentAUX3, 0.0
0.407, ChannelCurrentAUX4, 0.187
0.407, ChannelCurrentBMU, 0.523
0.407, ChannelCurrentCDU, 0.34900000000000003
0.407, ChannelCurrentTCU, 0.375
0.407, ChannelCurrentWSB, 0.765
0.407, ChannelCurrentBrakeLight, 0.0
0.407, ChannelCurrentInverter, 0.0
0.424, VCU_wheelSpeed_RL, 0.0
0.424, VCU_wheelSpeed_RR, 0.0
0.424, IVT_MsgID_RX, 0
0.424, IVT_MsgCount, 12
0.424, IVT_Result_state, 0
0.424, IVT_I, 0.002
0.424, IVT_MsgID_RX, 1
0.424, IVT_MsgCount, 4
0.424, IVT_Result_state, 0
0.424, IVT_U1, -0.008
0.424, IVT_MsgID_RX, 2
0.424, IVT_MsgCount, 4
0.424, IVT_Result_state, 0
0.424, IVT_U2, 0.045
0.424, IVT_MsgID_RX, 3
0.424, IVT_MsgCount, 4
0.424, IVT_Result_state, 0
0.424, IVT_U3, 0.014
0.424, IVT_MsgID_RX, 5
0.424, IVT_MsgCount, 12
0.424, IVT_Result_state, 0
0.424, IVT_W, 0
0.424, RLSpeedKPH, 0.0
0.424, RRSpeedKPH, 0.0
0.424, FLSpeedKPH, 0.0
0.424, FRSpeedKPH, 0.0
0.424, TCTorqueMax, 3.392
0.424, TCLeftSlip, -0.999
0.424, TCRightSlip, -0.999
0.424, TCTorqueAdjustment, 0.0
0.425, IVT_MsgID_RX, 7
0.425, IVT_MsgCount, 8
0.425, IVT_Result_state, 0
0.425, IVT_Wh, 0
0.425, IVT_MsgID_RX, 0
0.425, IVT_MsgCount, 13
0.425, IVT_Result_state, 0
0.425, IVT_I, -0.001
0.425, IVT_MsgID_RX, 5
0.425, IVT_MsgCount, 13
0.425, IVT_Result_state, 0
0.425, IVT_W, 0
0.425, BMU_checkFailed, EBOX_FAILED
0.425, BMU_InterlockInitialized, 0
0.425, VoltageCellMuxSelect, 8
0.425, VoltageCell25, 4.053
0.425, VoltageCell26, 3.9874
0.425, VoltageCell27, 3.9943000000000004
0.425, AdjustedVoltageCellMuxSelect, 8
0.425, AdjustedVoltageCell25, 4.053
0.425, AdjustedVoltageCell26, 3.9873000000000003
0.425, AdjustedVoltageCell27, 3.9942
0.425, IVT_MsgID_RX, 7
0.425, IVT_MsgCount, 9
0.425, IVT_Result_state, 0
0.425, IVT_Wh, 0
0.425, VCU_wheelSpeed_RL, 0.0
0.425, VCU_wheelSpeed_RR, 0.0
0.425, TempChannelMuxSelect, 8
0.425, TempChannel25, 0.0
0.425, TempChannel26, 0.0
0.425, TempChannel27, 0.0
0.425, RLSpeedKPH, 0.0
0.425, RRSpeedKPH, 0.0
0.425, FLSpeedKPH, 0.0
0.425, FRSpeedKPH, 0.0
0.425, VoltageBusHV, 0.0
0.425, VoltageCellMax, 4.1702
0.425, VoltageCellMin, 3.9832
0.425, CurrentBusHV, 0.0
0.425, TCTorqueMax, 3.392
0.425, TCLeftSlip, -0.999
0.425, TCRightSlip, -0.999
0.425, TCTorqueAdjustment, 0.0
0.425, AMS_PackVoltage, 563.83
0.425, IVT_MsgID_RX, 0
0.425, IVT_MsgCount, 14
0.425, IVT_Result_state, 0
0.425, IVT_I, 0.005
0.425, IVT_MsgID_RX, 5
0.425, IVT_MsgCount, 14
0.425, IVT_Result_state, 0
0.425, IVT_W, 0
0.474, IVT_MsgID_RX, 0
0.474, IVT_MsgCount, 15
0.474, IVT_Result_state, 0
0.474, IVT_I, 0.002
0.474, IVT_MsgID_RX, 1
0.474, IVT_MsgCount, 5
0.474, IVT_Result_state, 0
0.474, IVT_U1, 0.039
0.474, IVT_MsgID_RX, 2
0.474, IVT_MsgCount, 5
0.474, IVT_Result_state, 0
0.474, IVT_U2, 0.024
0.474, IVT_MsgID_RX, 3
0.474, IVT_MsgCount, 5
0.474, IVT_Result_state, 0
0.474, IVT_U3, 0.07
0.474, IVT_MsgID_RX, 5
0.474, IVT_MsgCount, 15
0.474, IVT_Result_state, 0
0.474, IVT_W, 0
0.474, IVT_MsgID_RX, 7
0.474, IVT_MsgCount, 10
0.474, IVT_Result_state, 0
0.474, IVT_Wh, 0
0.474, VCU_wheelSpeed_RL, 0.0
0.474, VCU_wheelSpeed_RR, 0.0
0.474, RLSpeedKPH, 0.0
0.474, RRSpeedKPH, 0.0
0.474, FLSpeedKPH, 0.0
0.474, FRSpeedKPH, 0.0
0.474, TCTorqueMax, 3.392
0.474, TCLeftSlip, -0.999
0.474, TCRightSlip, -0.999
0.474, TCTorqueAdjustment, 0.0
0.474, IVT_MsgID_RX, 5
0.474, IVT_MsgCount, 0
0.474, IVT_Result_state, 0
0.474, IVT_W, 0
0.474, IVT_MsgID_RX, 0
0.474, IVT_MsgCount, 0
0.474, IVT_Result_state, 0
0.474, IVT_I, 0.001
0.474, StateBatteryChargeHV, 97.5
0.474, StateBatteryHealthHV, 0.0
0.474, StateBatteryPowerHV, 331.90000000000003
0.474, TempCellMax, 156.0
0.474, TempCellMin, 55.0
0.474, StateBMS, Wait_System_Up
0.474, HighestTempThermistor, 0
0.474, VoltageCellMuxSelect, 9
0.474, VoltageCell28, 4.111
0.474, VoltageCell29, 4.085100000000001
0.474, VoltageCell30, 4.0847
0.474, ChannelCurrentRadiator, 0.214
0.474, ChannelCurrentAccFan, 0.228
0.474, ChannelCurrentPump1, 0.0
0.474, ChannelCurrentPump2, 0.214
0.474, ChannelCurrentAUX1, 0.0
0.474, ChannelCurrentAUX2, 0.241
0.474, ChannelCurrentAUX3, 0.0
0.474, ChannelCurrentAUX4, 0.17400000000000002
0.475, ChannelCurrentBMU, 0.51
0.475, ChannelCurrentCDU, 0.389
0.475, ChannelCurrentTCU, 0.34900000000000003
0.475, ChannelCurrentWSB, 0.725
0.475, ChannelCurrentBrakeLight, 0.0
0.475, ChannelCurrentInverter, 0.0
0.475, TempChannelMuxSelect, 9
0.475, TempChannel28, 26.159999999999997
0.475, TempChannel29, 26.310000000000002
0.475, TempChannel30, 25.230000000000004
0.475, IVT_MsgID_RX, 7
0.475, IVT_MsgCount, 11
0.475, IVT_Result_state, 0
0.475, IVT_Wh, 0
0.524, IVT_MsgID_RX, 5
0.524, IVT_MsgCount, 1
0.524, IVT_Result_state, 0
0.524, IVT_W, 0
0.524, IVT_MsgID_RX, 0
0.524, IVT_MsgCount, 1
0.524, IVT_Result_state, 0
0.524, IVT_I, 0.001
0.524, VCU_wheelSpeed_RL, 0.0
0.524, VCU_wheelSpeed_RR, 0.0
0.524, RLSpeedKPH, 0.0
0.524, RRSpeedKPH, 0.0
0.524, FLSpeedKPH, 0.0
0.524, FRSpeedKPH, 0.0
0.524, TCTorqueMax, 3.392
0.524, TCLeftSlip, -0.999
0.524, TCRightSlip, -0.999
0.524, TCTorqueAdjustment, 0.0
0.524, IVT_MsgID_RX, 1
0.524, IVT_MsgCount, 6
0.524, IVT_Result_state, 0
0.524, IVT_U1, -0.049
0.524, IVT_MsgID_RX, 2
0.524, IVT_MsgCount, 6
0.524, IVT_Result_state, 0
0.524, IVT_U2, 0.045
0.524, IVT_MsgID_RX, 3
0.524, IVT_MsgCount, 6
0.524, IVT_Result_state, 0
0.524, IVT_U3, 0.031
0.524, IVT_MsgID_RX, 5
0.524, IVT_MsgCount, 2
0.524, IVT_Result_state, 0
0.524, IVT_W, 0
0.524, IVT_MsgID_RX, 0
0.524, IVT_MsgCount, 2
0.524, IVT_Result_state, 0
0.524, IVT_I, 0.0
0.525, IVT_MsgID_RX, 7
0.525, IVT_MsgCount, 12
0.525, IVT_Result_state, 0
0.525, IVT_Wh, 0
0.525, BMU_checkFailed, EBOX_FAILED
0.525, BMU_InterlockInitialized, 0
0.525, VoltageCellMuxSelect, 10
0.525, VoltageCell31, 4.0468
0.525, VoltageCell32, 3.9864
0.525, VoltageCell33, 3.986
0.525, AdjustedVoltageCellMuxSelect, 10
0.525, AdjustedVoltageCell31, 4.0465
0.525, AdjustedVoltageCell32, 3.9863000000000004
0.525, AdjustedVoltageCell33, 3.986
0.525, TempChannelMuxSelect, 10
0.525, TempChannel31, 0.0
0.525, TempChannel32, 0.0
0.525, TempChannel33, 0.0
0.525, IVT_MsgID_RX, 5
0.525, IVT_MsgCount, 3
0.525, IVT_Result_state, 0
0.525, IVT_W, 0
0.525, IVT_MsgID_RX, 0
0.525, IVT_MsgCount, 3
0.525, IVT_Result_state, 0
0.525, IVT_I, 0.003
0.525, VCU_wheelSpeed_RL, 0.0
0.525, VCU_wheelSpeed_RR, 0.0
0.525, VoltageBusHV, 0.0
0.525, VoltageCellMax, 4.1694
0.525, VoltageCellMin, 3.9833000000000003
0.525, CurrentBusHV, 0.0
0.525, RLSpeedKPH, 0.0
0.525, RRSpeedKPH, 0.0
0.525, FLSpeedKPH, 0.0
0.525, FRSpeedKPH, 0.0
0.525, AMS_PackVoltage, 563.83
0.525, TCTorqueMax, 3.392
0.525, TCLeftSlip, -0.999
0.525, TCRightSlip, -0.999
0.525, TCTorqueAdjustment, 0.0
0.574, ThrottlePercent, 0
0.574, BrakePercent, 34
0.574, FrontBrakePressure, 154
0.574, SteeringAngle, -102
0.574, BrakeWhileThrottle, 0
0.574, IVT_MsgID_RX, 7
0.574, IVT_MsgCount, 13
0.574, IVT_Result_state, 0
0.574, IVT_Wh, 0
0.574, IVT_MsgID_RX, 5
0.574, IVT_MsgCount, 4
0.574, IVT_Result_state, 0
0.574, IVT_W, 0
0.575, IVT_MsgID_RX, 0
0.575, IVT_MsgCount, 4
0.575, IVT_Result_state, 0
0.575, IVT_I, 0.004
0.575, ThrottlePercent, 0
0.575, BrakePercent, 34
0.575, FrontBrakePressure, 151
0.575, SteeringAngle, -102
0.575, BrakeWhileThrottle, 0
0.575, ThrottlePercent, 0
0.575, BrakePercent, 34
0.575, FrontBrakePressure, 151
0.575, SteeringAngle, -102
0.575, BrakeWhileThrottle, 0
0.575, VCU_wheelSpeed_RL, 0.0
0.575, VCU_wheelSpeed_RR, 0.0
0.575, RLSpeedKPH, 0.0
0.575, RRSpeedKPH, 0.0
0.575, FLSpeedKPH, 0.0
0.575, FRSpeedKPH, 0.0
0.575, VoltageCellMuxSelect, 11
0.575, VoltageCell34, 3.9861
0.575, VoltageCell35, 3.9865000000000004
0.575, VoltageCell36, 3.9861
0.575, VoltageBusLV, 12.193
0.575, CurrentBusLV, 0.0
0.575, PowerBusLV, 0
0.575, IVT_MsgID_RX, 1
0.575, IVT_MsgCount, 7
0.575, IVT_Result_state, 0
0.575, IVT_U1, -0.033
0.575, IVT_MsgID_RX, 2
0.575, IVT_MsgCount, 7
0.575, IVT_Result_state, 0
0.575, IVT_U2, 0.006
0.575, IVT_MsgID_RX, 3
0.575, IVT_MsgCount, 7
0.575, IVT_Result_state, 0
0.575, IVT_U3, 0.027
0.575, IVT_MsgID_RX, 5
0.575, IVT_MsgCount, 5
0.575, IVT_Result_state, 0
0.575, IVT_W, 0
0.575, TCTorqueMax, 3.392
0.575, TCLeftSlip, -0.999
0.575, TCRightSlip, -0.999
0.575, TCTorqueAdjustment, 0.0
0.575, IVT_MsgID_RX, 0
0.575, IVT_MsgCount, 5
0.575, IVT_Result_state, 0
0.575, IVT_I, 0.0
0.575, AdjustedVoltageCellMuxSelect, 11
0.575, AdjustedVoltageCell34, 3.986
0.575, AdjustedVoltageCell35, 3.9864
0.575, AdjustedVoltageCell36, 3.986
0.576, ThrottlePercent, 0
0.576, BrakePercent, 34
0.576, FrontBrakePressure, 151
0.576, SteeringAngle, -102
0.576, BrakeWhileThrottle, 0
0.576, IVT_MsgID_RX, 7
0.576, IVT_MsgCount, 14
0.576, IVT_Result_state, 0
0.576, IVT_Wh, 0
0.576, TempChannelMuxSelect, 11
0.576, TempChannel34, 0.0
0.576, TempChannel35, 0.0
0.576, TempChannel36, 0.0
0.576, ThrottlePercent, 0
0.576, BrakePercent, 34
0.576, FrontBrakePressure, 150
0.576, SteeringAngle, -102
0.576, BrakeWhileThrottle, 0
0.576, ChannelCurrentRadiator, 0.187
0.576, ChannelCurrentAccFan, 0.214
0.576, ChannelCurrentPump1, 0.0
0.576, ChannelCurrentPump2, 0.187
0.576, ChannelCurrentAUX1, 0.0
0.576, ChannelCurrentAUX2, 0.214
0.576, ChannelCurrentAUX3, 0.0
0.576, ChannelCurrentAUX4, 0.214
0.576, ChannelCurrentBMU, 0.523
0.576, ChannelCurrentCDU, 0.322
0.576, ChannelCurrentTCU, 0.34900000000000003
0.576, ChannelCurrentWSB, 0.738
0.576, ChannelCurrentBrakeLight, 0.04
0.576, ChannelCurrentInverter, 0.0
0.624, IVT_MsgID_RX, 5
0.624, IVT_MsgCount, 6
0.624, IVT_Result_state, 0
0.624, IVT_W, 0
0.624, IVT_MsgID_RX, 0
0.624, IVT_MsgCount, 6
0.624, IVT_Result_state, 0
0.624, IVT_I, 0.0
0.624, ThrottlePercent, 0
0.624, BrakePercent, 34
0.624, FrontBrakePressure, 154
0.624, SteeringAngle, -102
0.624, BrakeWhileThrottle, 0
0.624, VCU_wheelSpeed_RL, 0.0
0.624, VCU_wheelSpeed_RR, 0.0
0.624, ThrottlePercent, 0
0.624, BrakePercent, 35
0.624, FrontBrakePressure, 157
0.624, SteeringAngle, -102
0.624, BrakeWhileThrottle, 0
0.624, RLSpeedKPH, 0.0
0.624, RRSpeedKPH, 0.0
0.624, FLSpeedKPH, 0.0
0.624, FRSpeedKPH, 0.0
0.624, IVT_MsgID_RX, 7
0.624, IVT_MsgCount, 15
0.624, IVT_Result_state, 0
0.624, IVT_Wh, 0
0.667, StateBatteryChargeHV, 97.5
0.667, StateBatteryHealthHV, 0.0
0.667, StateBatteryPowerHV, 331.90000000000003
0.667, TempCellMax, 156.0
0.667, TempCellMin, 55.0
0.667, StateBMS, Wait_System_Up
0.667, HighestTempThermistor, 0
0.667, TCTorqueMax, 3.392
0.667, TCLeftSlip, -0.999
0.667, TCRightSlip, -0.999
0.667, TCTorqueAdjustment, 0.0
0.667, IVT_MsgID_RX, 5
0.667, IVT_MsgCount, 7
0.667, IVT_Result_state, 0
0.667, IVT_W, 0
0.667, IVT_MsgID_RX, 0
0.667, IVT_MsgCount, 7
0.667, IVT_Result_state, 0
0.667, IVT_I, 0.0
0.667, ThrottlePercent, 0
0.667, BrakePercent, 34
0.667, FrontBrakePressure, 149
0.667, SteeringAngle, -102
0.667, BrakeWhileThrottle, 0
0.667, ThrottlePercent, 0
0.667, BrakePercent, 34
0.667, FrontBrakePressure, 152
0.667, SteeringAngle, -102
0.667, BrakeWhileThrottle, 0
0.668, BMU_checkFailed, EBOX_FAILED
0.668, BMU_InterlockInitialized, 0
0.668, VoltageCellMuxSelect, 12
0.668, VoltageCell37, 3.9882000000000004
0.668, VoltageCell38, 4.0949
0.668, VoltageCell39, 4.0844000000000005
0.668, AdjustedVoltageCellMuxSelect, 12
0.668, AdjustedVoltageCell37, 3.9879000000000002
0.668, AdjustedVoltageCell38, 4.0951
0.668, AdjustedVoltageCell39, 4.0843
0.668, IVT_MsgID_RX, 1
0.668, IVT_MsgCount, 8
0.668, IVT_Result_state, 0
0.668, IVT_U1, 0.004
0.668, IVT_MsgID_RX, 2
0.668, IVT_MsgCount, 8
0.668, IVT_Result_state, 0
0.668, IVT_U2, 0.004
0.668, IVT_MsgID_RX, 3
0.668, IVT_MsgCount, 8
0.668, IVT_Result_state, 0
0.668, IVT_U3, 0.039
0.668, TempChannelMuxSelect, 12
0.668, TempChannel37, 0.0
0.668, TempChannel38, 0.0
0.668, TempChannel39, 0.0
0.668, IVT_MsgID_RX, 5
0.668, IVT_MsgCount, 8
0.668, IVT_Result_state, 0
0.668, IVT_W, 0
0.668, IVT_MsgID_RX, 0
0.668, IVT_MsgCount, 8
0.668, IVT_Result_state, 0
0.668, IVT_I, 0.001
0.669, ThrottlePercent, 0
0.669, BrakePercent, 34
0.669, FrontBrakePressure, 150
0.669, SteeringAngle, -102
0.669, BrakeWhileThrottle, 0
0.669, IVT_MsgID_RX, 7
0.669, IVT_MsgCount, 0
0.669, IVT_Result_state, 0
0.669, IVT_Wh, 0
0.669, VoltageBusHV, 0.0
0.669, VoltageCellMax, 4.1693
0.669, VoltageCellMin, 3.9833000000000003
0.669, CurrentBusHV, 0.0
0.669, VCU_wheelSpeed_RL, 0.0
0.669, VCU_wheelSpeed_RR, 0.0
0.674, AMS_PackVoltage, 563.83
0.674, RLSpeedKPH, 0.0
0.674, RRSpeedKPH, 0.0
0.674, FLSpeedKPH, 0.0
0.674, FRSpeedKPH, 0.0
0.674, TCTorqueMax, 3.392
0.674, TCLeftSlip, -0.999
0.674, TCRightSlip, -0.999
0.674, TCTorqueAdjustment, 0.0
0.674, ThrottlePercent, 0
0.674, BrakePercent, 34
0.674, FrontBrakePressure, 154
0.674, SteeringAngle, -102
0.674, BrakeWhileThrottle, 0
0.674, IVT_MsgID_RX, 5
0.674, IVT_MsgCount, 9
0.674, IVT_Result_state, 0
0.674, IVT_W, 0
0.674, IVT_MsgID_RX, 0
0.674, IVT_MsgCount, 9
0.674, IVT_Result_state, 0
0.674, IVT_I, 0.002
0.674, ThrottlePercent, 0
0.674, BrakePercent, 34
0.674, FrontBrakePressure, 157
0.674, SteeringAngle, -102
0.674, BrakeWhileThrottle, 0
0.674, ThrottlePercent, 0
0.674, BrakePercent, 34
0.674, FrontBrakePressure, 157
0.674, SteeringAngle, -102
0.674, BrakeWhileThrottle, 0
0.674, IVT_MsgID_RX, 7
0.674, IVT_MsgCount, 1
0.674, IVT_Result_state, 0
0.674, IVT_Wh, 0
0.674, IVT_MsgID_RX, 5
0.674, IVT_MsgCount, 10
0.674, IVT_Result_state, 0
0.674, IVT_W, 0
0.675, IVT_MsgID_RX, 0
0.675, IVT_MsgCount, 10
0.675, IVT_Result_state, 0
0.675, IVT_I, 0.0
0.675, VoltageCellMuxSelect, 13
0.675, VoltageCell40, 4.0847
0.675, VoltageCell41, 4.0331
0.675, VoltageCell42, 4.0654
0.675, AdjustedVoltageCellMuxSelect, 13
0.675, AdjustedVoltageCell40, 4.0847
0.675, AdjustedVoltageCell41, 4.0322000000000005
0.675, AdjustedVoltageCell42, 4.0654
0.675, VCU_wheelSpeed_RL, 0.0
0.675, VCU_wheelSpeed_RR, 0.0
0.675, ThrottlePercent, 0
0.675, BrakePercent, 34
0.675, FrontBrakePressure, 157
0.675, SteeringAngle, -102
0.675, BrakeWhileThrottle, 0
0.675, TempChannelMuxSelect, 13
0.675, TempChannel40, 0.0
0.675, TempChannel41, 0.0
0.675, TempChannel42, 25.680000000000007
0.675, RLSpeedKPH, 0.0
0.675, RRSpeedKPH, 0.0
0.675, FLSpeedKPH, 0.0
0.675, FRSpeedKPH, 0.0
0.675, TCTorqueMax, 3.392
0.675, TCLeftSlip, -0.999
0.675, TCRightSlip, -0.999
0.675, TCTorqueAdjustment, 0.0
0.675, ThrottlePercent, 0
0.675, BrakePercent, 35
0.675, FrontBrakePressure, 157
0.675, SteeringAngle, -102
0.675, BrakeWhileThrottle, 0
0.675, ChannelCurrentRadiator, 0.214
0.675, ChannelCurrentAccFan, 0.201
0.675, ChannelCurrentPump1, 0.0
0.675, ChannelCurrentPump2, 0.161
0.675, ChannelCurrentAUX1, 0.0
0.675, ChannelCurrentAUX2, 0.201
0.675, ChannelCurrentAUX3, 0.0
0.675, ChannelCurrentAUX4, 0.147
0.675, ChannelCurrentBMU, 0.537
0.675, ChannelCurrentCDU, 0.362
0.675, ChannelCurrentTCU, 0.34900000000000003
0.675, ChannelCurrentWSB, 0.738
0.675, ChannelCurrentBrakeLight, 0.093
0.675, ChannelCurrentInverter, 0.0
0.724, IVT_MsgID_RX, 1
0.724, IVT_MsgCount, 9
0.724, IVT_Result_state, 0
0.724, IVT_U1, -0.02
0.724, IVT_MsgID_RX, 2
0.724, IVT_MsgCount, 9
0.724, IVT_Result_state, 0
0.724, IVT_U2, 0.035
0.725, IVT_MsgID_RX, 3
0.725, IVT_MsgCount, 9
0.725, IVT_Result_state, 0
0.725, IVT_U3, 0.02
0.725, IVT_MsgID_RX, 5
0.725, IVT_MsgCount, 11
0.725, IVT_Result_state, 0
0.725, IVT_W, 0
0.725, IVT_MsgID_RX, 0
0.725, IVT_MsgCount, 11
0.725, IVT_Result_state, 0
0.725, IVT_I, -0.003
0.725, ThrottlePercent, 0
0.725, BrakePercent, 35
0.725, FrontBrakePressure, 152
0.725, SteeringAngle, -102
0.725, BrakeWhileThrottle, 0
0.725, IVT_MsgID_RX, 7
0.725, IVT_MsgCount, 2
0.725, IVT_Result_state, 0
0.725, IVT_Wh, 0
0.725, ThrottlePercent, 0
0.725, BrakePercent, 34
0.725, FrontBrakePressure, 152
0.725, SteeringAngle, -102
0.725, BrakeWhileThrottle, 0
0.725, VCU_wheelSpeed_RL, 0.0
0.725, VCU_wheelSpeed_RR, 0.0
0.725, IVT_MsgID_RX, 5
0.725, IVT_MsgCount, 12
0.725, IVT_Result_state, 0
0.725, IVT_W, 0
0.725, IVT_MsgID_RX, 0
0.725, IVT_MsgCount, 12
0.725, IVT_Result_state, 0
0.725, IVT_I, 0.0
0.725, RLSpeedKPH, 0.0
0.725, RRSpeedKPH, 0.0
0.725, FLSpeedKPH, 0.0
0.725, FRSpeedKPH, 0.0
0.725, TCTorqueMax, 3.392
0.725, TCLeftSlip, -0.999
0.725, TCRightSlip, -0.999
0.725, TCTorqueAdjustment, 0.0
0.725, ThrottlePercent, 0
0.725, BrakePercent, 34
0.725, FrontBrakePressure, 155
0.725, SteeringAngle, -102
0.725, BrakeWhileThrottle, 0
0.725, ThrottlePercent, 0
0.725, BrakePercent, 34
0.725, FrontBrakePressure, 152
0.725, SteeringAngle, -102
0.725, BrakeWhileThrottle, 0
0.725, IVT_MsgID_RX, 7
0.725, IVT_MsgCount, 3
0.725, IVT_Result_state, 0
0.725, IVT_Wh, 0
0.725, IVT_MsgID_RX, 5
0.725, IVT_MsgCount, 13
0.725, IVT_Result_state, 0
0.725, IVT_W, 0
0.726, StateBatteryChargeHV, 97.5
0.726, StateBatteryHealthHV, 0.0
0.726, StateBatteryPowerHV, 331.90000000000003
0.726, TempCellMax, 156.0
0.726, TempCellMin, 55.0
0.726, StateBMS, Wait_System_Up
0.726, HighestTempThermistor, 0
0.726, BMU_checkFailed, EBOX_FAILED
0.726, BMU_InterlockInitialized, 0
0.726, VoltageCellMuxSelect, 14
0.726, VoltageCell43, 4.0666
0.726, VoltageCell44, 4.0644
0.726, VoltageCell45, 4.067
0.726, IVT_MsgID_RX, 0
0.726, IVT_MsgCount, 13
0.726, IVT_Result_state, 0
0.726, IVT_I, 0.002
0.726, AdjustedVoltageCellMuxSelect, 14
0.726, AdjustedVoltageCell43, 4.0666
0.726, AdjustedVoltageCell44, 4.0643
0.726, AdjustedVoltageCell45, 4.0669
0.726, TempChannelMuxSelect, 14
0.726, TempChannel43, 25.83
0.726, TempChannel44, 27.090000000000003
0.726, TempChannel45, 26.78
0.726, ThrottlePercent, 0
0.726, BrakePercent, 34
0.726, FrontBrakePressure, 158
0.726, SteeringAngle, -102
0.726, BrakeWhileThrottle, 0
0.774, VoltageBusHV, 0.0
0.774, VoltageCellMax, 4.1686000000000005
0.774, VoltageCellMin, 3.9833000000000003
0.774, CurrentBusHV, 0.0
0.774, AMS_PackVoltage, 563.84
0.774, VCU_wheelSpeed_RL, 0.0
0.774, VCU_wheelSpeed_RR, 0.0
0.774, ThrottlePercent, 0
0.774, BrakePercent, 35
0.774, FrontBrakePressure, 151
0.774, SteeringAngle, -102
0.774, BrakeWhileThrottle, 0
0.774, RLSpeedKPH, 0.0
0.774, RRSpeedKPH, 0.0
0.774, FLSpeedKPH, 0.0
0.774, FRSpeedKPH, 0.0
0.774, TCTorqueMax, 3.392
0.774, TCLeftSlip, -0.999
0.774, TCRightSlip, -0.999
0.774, TCTorqueAdjustment, 0.0
0.774, IVT_MsgID_RX, 1
0.774, IVT_MsgCount, 10
0.774, IVT_Result_state, 0
0.774, IVT_U1, 0.016
0.775, IVT_MsgID_RX, 2
0.775, IVT_MsgCount, 10
0.775, IVT_Result_state, 0
0.775, IVT_U2, -0.029
0.775, IVT_MsgID_RX, 3
0.775, IVT_MsgCount, 10
0.775, IVT_Result_state, 0
0.775, IVT_U3, 0.031
0.775, IVT_MsgID_RX, 5
0.775, IVT_MsgCount, 14
0.775, IVT_Result_state, 0
0.775, IVT_W, 0
0.775, IVT_MsgID_RX, 0
0.775, IVT_MsgCount, 14
0.775, IVT_Result_state, 0
0.775, IVT_I, -0.003
0.775, IVT_MsgID_RX, 7
0.775, IVT_MsgCount, 4
0.775, IVT_Result_state, 0
0.775, IVT_Wh, 0
0.775, ThrottlePercent, 0
0.775, BrakePercent, 35
0.775, FrontBrakePressure, 157
0.775, SteeringAngle, -102
0.775, BrakeWhileThrottle, 0
0.775, ThrottlePercent, 0
0.775, BrakePercent, 34
0.775, FrontBrakePressure, 155
0.775, SteeringAngle, -102
0.775, BrakeWhileThrottle, 0
0.775, IVT_MsgID_RX, 5
0.775, IVT_MsgCount, 15
0.775, IVT_Result_state, 0
0.775, IVT_W, 0
0.775, IVT_MsgID_RX, 0
0.775, IVT_MsgCount, 15
0.775, IVT_Result_state, 0
0.775, IVT_I, 0.003
0.775, VoltageCellMuxSelect, 15
0.775, VoltageCell46, 4.069100000000001
0.775, VoltageCell47, 4.0303
0.775, VoltageCell48, 4.1686000000000005
0.775, ThrottlePercent, 0
0.775, BrakePercent, 35
0.775, FrontBrakePressure, 158
0.775, SteeringAngle, -102
0.775, BrakeWhileThrottle, 0
0.775, AdjustedVoltageCellMuxSelect, 15
0.775, AdjustedVoltageCell46, 4.069100000000001
0.775, AdjustedVoltageCell47, 4.028700000000001
0.775, AdjustedVoltageCell48, 4.1702
0.775, VCU_wheelSpeed_RL, 0.0
0.775, VCU_wheelSpeed_RR, 0.0
0.775, TempChannelMuxSelect, 15
0.775, TempChannel46, 27.269999999999996
0.775, TempChannel47, 0.0
0.775, TempChannel48, 0.0
0.775, RLSpeedKPH, 0.0
0.775, RRSpeedKPH, 0.0
0.775, FLSpeedKPH, 0.0
0.775, FRSpeedKPH, 0.0
0.776, TCTorqueMax, 3.392
0.776, TCLeftSlip, -0.999
0.776, TCRightSlip, -0.999
0.776, TCTorqueAdjustment, 0.0
0.776, IVT_MsgID_RX, 7
0.776, IVT_MsgCount, 5
0.776, IVT_Result_state, 0
0.776, IVT_Wh, 0
0.776, ThrottlePercent, 0
0.776, BrakePercent, 34
0.776, FrontBrakePressure, 156
0.776, SteeringAngle, -102
0.776, BrakeWhileThrottle, 0
0.776, ChannelCurrentRadiator, 0.214
0.776, ChannelCurrentAccFan, 0.214
0.776, ChannelCurrentPump1, 0.0
0.776, ChannelCurrentPump2, 0.201
0.776, ChannelCurrentAUX1, 0.0
0.776, ChannelCurrentAUX2, 0.214
0.776, ChannelCurrentAUX3, 0.0
0.776, ChannelCurrentAUX4, 0.214
0.776, ChannelCurrentBMU, 0.51
0.776, ChannelCurrentCDU, 0.335
0.776, ChannelCurrentTCU, 0.362
0.776, ChannelCurrentWSB, 0.6980000000000001
0.776, ChannelCurrentBrakeLight, 0.067
0.776, ChannelCurrentInverter, 0.0
0.776, IVT_MsgID_RX, 5
0.776, IVT_MsgCount, 0
0.776, IVT_Result_state, 0
0.776, IVT_W, 0
0.776, IVT_MsgID_RX, 0
0.776, IVT_MsgCount, 0
0.776, IVT_Result_state, 0
0.776, IVT_I, 0.002
0.824, ThrottlePercent, 0
0.824, BrakePercent, 33
0.824, FrontBrakePressure, 152
0.824, SteeringAngle, -102
0.824, BrakeWhileThrottle, 0
0.824, ThrottlePercent, 0
0.824, BrakePercent, 34
0.824, FrontBrakePressure, 153
0.824, SteeringAngle, -102
0.824, BrakeWhileThrottle, 0
0.824, IVT_MsgID_RX, 1
0.824, IVT_MsgCount, 11
0.824, IVT_Result_state, 0
0.824, IVT_U1, -0.024
0.824, IVT_MsgID_RX, 2
0.824, IVT_MsgCount, 11
0.824, IVT_Result_state, 0
0.824, IVT_U2, 0.008
0.824, IVT_MsgID_RX, 3
0.824, IVT_MsgCount, 11
0.824, IVT_Result_state, 0
0.824, IVT_U3, 0.02
0.858, IVT_MsgID_RX, 5
0.858, IVT_MsgCount, 1
0.858, IVT_Result_state, 0
0.858, IVT_W, 0
0.858, IVT_MsgID_RX, 0
0.858, IVT_MsgCount, 1
0.858, IVT_Result_state, 0
0.858, IVT_I, -0.004
0.858, IVT_MsgID_RX, 7
0.858, IVT_MsgCount, 6
0.858, IVT_Result_state, 0
0.858, IVT_Wh, 0
0.858, VCU_wheelSpeed_RL, 0.0
0.858, VCU_wheelSpeed_RR, 0.0
0.858, ThrottlePercent, 0
0.858, BrakePercent, 35
0.858, FrontBrakePressure, 152
0.858, SteeringAngle, -102
0.858, BrakeWhileThrottle, 0
0.859, RLSpeedKPH, 0.0
0.859, RRSpeedKPH, 0.0
0.859, FLSpeedKPH, 0.0
0.859, FRSpeedKPH, 0.0
0.859, TCTorqueMax, 3.392
0.859, TCLeftSlip, -0.999
0.859, TCRightSlip, -0.999
0.859, TCTorqueAdjustment, 0.0
0.859, BMU_checkFailed, EBOX_FAILED
0.859, BMU_InterlockInitialized, 0
0.859, VoltageCellMuxSelect, 16
0.859, VoltageCell49, 4.1357
0.859, VoltageCell50, 4.131600000000001
0.859, VoltageCell51, 4.0187
0.859, ThrottlePercent, 0
0.859, BrakePercent, 34
0.859, FrontBrakePressure, 158
0.859, SteeringAngle, -102
0.859, BrakeWhileThrottle, 0
0.859, AdjustedVoltageCellMuxSelect, 16
0.859, AdjustedVoltageCell49, 4.1357
0.859, AdjustedVoltageCell50, 4.1315
0.859, AdjustedVoltageCell51, 4.0179
0.859, IVT_MsgID_RX, 5
0.859, IVT_MsgCount, 2
0.859, IVT_Result_state, 0
0.859, IVT_W, 0
0.859, IVT_MsgID_RX, 0
0.859, IVT_MsgCount, 2
0.859, IVT_Result_state, 0
0.859, IVT_I, -0.005
0.859, ThrottlePercent, 0
0.859, BrakePercent, 34
0.859, FrontBrakePressure, 159
0.859, SteeringAngle, -102
0.859, BrakeWhileThrottle, 0
0.874, IVT_MsgID_RX, 7
0.874, IVT_MsgCount, 7
0.874, IVT_Result_state, 0
0.874, IVT_Wh, 0
0.875, ThrottlePercent, 0
0.875, BrakePercent, 34
0.875, FrontBrakePressure, 158
0.875, SteeringAngle, -102
0.875, BrakeWhileThrottle, 0
0.875, VoltageBusHV, 0.0
0.875, VoltageCellMax, 4.1686000000000005
0.875, VoltageCellMin, 3.9833000000000003
0.875, CurrentBusHV, 0.0
0.875, AMS_PackVoltage, 563.84
0.875, IVT_MsgID_RX, 5
0.875, IVT_MsgCount, 3
0.875, IVT_Result_state, 0
0.875, IVT_W, 0
0.875, IVT_MsgID_RX, 0
0.875, IVT_MsgCount, 3
0.875, IVT_Result_state, 0
0.875, IVT_I, 0.007
0.875, VCU_wheelSpeed_RL, 0.0
0.875, VCU_wheelSpeed_RR, 0.0
0.875, RLSpeedKPH, 0.0
0.875, RRSpeedKPH, 0.0
0.875, FLSpeedKPH, 0.0
0.875, FRSpeedKPH, 0.0
0.875, StateBatteryChargeHV, 97.5
0.875, StateBatteryHealthHV, 0.0
0.875, StateBatteryPowerHV, 331.90000000000003
0.875, TempCellMax, 156.0
0.875, TempCellMin, 55.0
0.875, StateBMS, Wait_System_Up
0.875, HighestTempThermistor, 0
0.875, TCTorqueMax, 3.392
0.875, TCLeftSlip, -0.999
0.875, TCRightSlip, -0.999
0.875, TCTorqueAdjustment, 0.0
0.875, TempChannelMuxSelect, 16
0.875, TempChannel49, 0.0
0.875, TempChannel50, 0.0
0.875, TempChannel51, 0.0
0.875, ThrottlePercent, 0
0.875, BrakePercent, 34
0.875, FrontBrakePressure, 157
0.875, SteeringAngle, -102
0.875, BrakeWhileThrottle, 0
0.875, ThrottlePercent, 0
0.875, BrakePercent, 35
0.875, FrontBrakePressure, 153
0.875, SteeringAngle, -102
0.875, BrakeWhileThrottle, 0
0.875, IVT_MsgID_RX, 1
0.875, IVT_MsgCount, 12
0.875, IVT_Result_state, 0
0.875, IVT_U1, -0.031
0.875, IVT_MsgID_RX, 2
0.875, IVT_MsgCount, 12
0.875, IVT_Result_state, 0
0.875, IVT_U2, 0.006
0.875, IVT_MsgID_RX, 3
0.875, IVT_MsgCount, 12
0.875, IVT_Result_state, 0
0.875, IVT_U3, 0.035
0.876, IVT_MsgID_RX, 5
0.876, IVT_MsgCount, 4
0.876, IVT_Result_state, 0
0.876, IVT_W, 0
0.876, IVT_MsgID_RX, 0
0.876, IVT_MsgCount, 4
0.876, IVT_Result_state, 0
0.876, IVT_I, 0.001
0.876, VoltageCellMuxSelect, 17
0.876, VoltageCell52, 4.0441
0.876, VoltageCell53, 4.0454
0.876, VoltageCell54, 4.0449
0.876, IVT_MsgID_RX, 7
0.876, IVT_MsgCount, 8
0.876, IVT_Result_state, 0
0.876, IVT_Wh, 0
0.876, AdjustedVoltageCellMuxSelect, 17
0.876, AdjustedVoltageCell52, 4.0440000000000005
0.876, AdjustedVoltageCell53, 4.0453
0.876, AdjustedVoltageCell54, 4.0449
0.876, ThrottlePercent, 0
0.876, BrakePercent, 34
0.876, FrontBrakePressure, 156
0.876, SteeringAngle, -102
0.876, BrakeWhileThrottle, 0
0.876, TempChannelMuxSelect, 17
0.876, TempChannel52, 0.0
0.876, TempChannel53, 0.0
0.876, TempChannel54, 0.0
0.876, VCU_wheelSpeed_RL, 0.0
0.876, VCU_wheelSpeed_RR, 0.0
0.876, ThrottlePercent, 0
0.876, BrakePercent, 35
0.876, FrontBrakePressure, 152
0.876, SteeringAngle, -102
0.876, BrakeWhileThrottle, 0
0.876, ChannelCurrentRadiator, 0.214
0.876, ChannelCurrentAccFan, 0.214
0.876, ChannelCurrentPump1, 0.0
0.876, ChannelCurrentPump2, 0.214
0.876, ChannelCurrentAUX1, 0.0
0.876, ChannelCurrentAUX2, 0.214
0.876, ChannelCurrentAUX3, 0.0
0.876, ChannelCurrentAUX4, 0.187
0.876, RLSpeedKPH, 0.0
0.876, RRSpeedKPH, 0.0
0.876, FLSpeedKPH, 0.0
0.876, FRSpeedKPH, 0.0
0.876, ChannelCurrentBMU, 0.51
0.876, ChannelCurrentCDU, 0.362
0.876, ChannelCurrentTCU, 0.362
0.876, ChannelCurrentWSB, 0.711
0.876, ChannelCurrentBrakeLight, 0.026000000000000002
0.876, ChannelCurrentInverter, 0.0
0.878, IVT_MsgID_RX, 5
0.878, IVT_MsgCount, 5
0.878, IVT_Result_state, 0
0.878, IVT_W, 0
0.878, TCTorqueMax, 3.392
0.878, TCLeftSlip, -0.999
0.878, TCRightSlip, -0.999
0.878, TCTorqueAdjustment, 0.0
0.878, IVT_MsgID_RX, 0
0.878, IVT_MsgCount, 5
0.878, IVT_Result_state, 0
0.878, IVT_I, 0.005
0.924, ThrottlePercent, 0
0.924, BrakePercent, 34
0.924, FrontBrakePressure, 151
0.924, SteeringAngle, -102
0.924, BrakeWhileThrottle, 0
0.924, IVT_MsgID_RX, 7
0.924, IVT_MsgCount, 9
0.924, IVT_Result_state, 0
0.924, IVT_Wh, 0
0.924, ThrottlePercent, 0
0.924, BrakePercent, 34
0.924, FrontBrakePressure, 152
0.924, SteeringAngle, -102
0.924, BrakeWhileThrottle, 0
0.924, IVT_MsgID_RX, 5
0.924, IVT_MsgCount, 6
0.924, IVT_Result_state, 0
0.924, IVT_W, 0
0.924, IVT_MsgID_RX, 0
0.924, IVT_MsgCount, 6
0.924, IVT_Result_state, 0
0.924, IVT_I, 0.0
0.924, ThrottlePercent, 0
0.924, BrakePercent, 35
0.924, FrontBrakePressure, 152
0.924, SteeringAngle, -102
0.924, BrakeWhileThrottle, 0
0.924, VCU_wheelSpeed_RL, 0.0
0.924, VCU_wheelSpeed_RR, 0.0
0.924, RLSpeedKPH, 0.0
0.924, RRSpeedKPH, 0.0
0.924, FLSpeedKPH, 0.0
0.924, FRSpeedKPH, 0.0
0.924, BMU_checkFailed, EBOX_FAILED
0.924, BMU_InterlockInitialized, 0
0.924, TCTorqueMax, 3.392
0.924, TCLeftSlip, -0.999
0.924, TCRightSlip, -0.999
0.924, TCTorqueAdjustment, 0.0
0.924, ThrottlePercent, 0
0.924, BrakePercent, 34
0.924, FrontBrakePressure, 150
0.924, SteeringAngle, -102
0.924, BrakeWhileThrottle, 0
0.924, AdjustedVoltageCellMuxSelect, 18
0.924, AdjustedVoltageCell55, 4.0464
0.924, AdjustedVoltageCell56, 4.0467
0.924, AdjustedVoltageCell57, 4.0206
0.925, IVT_MsgID_RX, 1
0.925, IVT_MsgCount, 13
0.925, IVT_Result_state, 0
0.925, IVT_U1, -0.054
0.925, IVT_MsgID_RX, 2
0.925, IVT_MsgCount, 13
0.925, IVT_Result_state, 0
0.925, IVT_U2, -0.006
0.925, IVT_MsgID_RX, 3
0.925, IVT_MsgCount, 13
0.925, IVT_Result_state, 0
0.925, IVT_U3, 0.035
0.925, IVT_MsgID_RX, 5
0.925, IVT_MsgCount, 7
0.925, IVT_Result_state, 0
0.925, IVT_W, 0
0.925, TempChannelMuxSelect, 18
0.925, TempChannel55, 26.769999999999996
0.925, TempChannel56, 27.810000000000002
0.925, TempChannel57, 27.92
0.925, IVT_MsgID_RX, 0
0.925, IVT_MsgCount, 7
0.925, IVT_Result_state, 0
0.925, IVT_I, -0.001
0.925, IVT_MsgID_RX, 7
0.925, IVT_MsgCount, 10
0.925, IVT_Result_state, 0
0.925, IVT_Wh, 0
0.925, ThrottlePercent, 0
0.925, BrakePercent, 34
0.925, FrontBrakePressure, 152
0.925, SteeringAngle, -102
0.925, BrakeWhileThrottle, 0
0.974, ThrottlePercent, 0
0.974, BrakePercent, 35
0.974, FrontBrakePressure, 154
0.974, SteeringAngle, -102
0.974, BrakeWhileThrottle, 0
0.974, IVT_MsgID_RX, 5
0.974, IVT_MsgCount, 8
0.974, IVT_Result_state, 0
0.974, IVT_W, 0
0.974, VoltageBusHV, 0.0
0.974, VoltageCellMax, 4.1694
0.974, VoltageCellMin, 3.9833000000000003
0.974, CurrentBusHV, 0.0
0.974, IVT_MsgID_RX, 0
0.974, IVT_MsgCount, 8
0.974, IVT_Result_state, 0
0.974, IVT_I, 0.001
0.974, AMS_PackVoltage, 563.84
0.974, VCU_wheelSpeed_RL, 0.0
0.974, VCU_wheelSpeed_RR, 0.0
0.974, ThrottlePercent, 0
0.974, BrakePercent, 34
0.974, FrontBrakePressure, 152
0.974, SteeringAngle, -102
0.974, BrakeWhileThrottle, 0
0.975, RLSpeedKPH, 0.0
0.975, RRSpeedKPH, 0.0
0.975, FLSpeedKPH, 0.0
0.975, FRSpeedKPH, 0.0
0.975, TCTorqueMax, 3.392
0.975, TCLeftSlip, -0.999
0.975, TCRightSlip, -0.999
0.975, TCTorqueAdjustment, 0.0
0.975, IVT_MsgID_RX, 7
0.975, IVT_MsgCount, 11
0.975, IVT_Result_state, 0
0.975, IVT_Wh, 0
0.975, ThrottlePercent, 0
0.975, BrakePercent, 35
0.975, FrontBrakePressure, 158
0.975, SteeringAngle, -102
0.975, BrakeWhileThrottle, 0
0.975, IVT_MsgID_RX, 5
0.975, IVT_MsgCount, 9
0.975, IVT_Result_state, 0
0.975, IVT_W, 0
0.975, IVT_MsgID_RX, 0
0.975, IVT_MsgCount, 9
0.975, IVT_Result_state, 0
0.975, IVT_I, 0.0
0.975, PDU_Heartbeat_dummydata, 0
0.975, ThrottlePercent, 0
0.975, BrakePercent, 35
0.975, FrontBrakePressure, 150
0.975, SteeringAngle, -102
0.975, BrakeWhileThrottle, 0
0.975, CarStateIsLV, -1
0.975, CarStateIsEM, 0
0.975, CarStateIsHV, 0
0.975, StateBatteryChargeHV, 97.5
0.975, StateBatteryHealthHV, 0.0
0.975, StateBatteryPowerHV, 331.90000000000003
0.975, TempCellMax, 156.0
0.975, TempCellMin, 55.0
0.975, StateBMS, Wait_System_Up
0.975, HighestTempThermistor, 0
0.975, VoltageCellMuxSelect, 19
0.975, VoltageCell58, 4.1592
0.975, VoltageCell59, 4.1183000000000005
0.975, VoltageCell60, 4.1302
0.975, AdjustedVoltageCellMuxSelect, 19
0.975, AdjustedVoltageCell58, 4.1605
0.975, AdjustedVoltageCell59, 4.1182
0.975, AdjustedVoltageCell60, 4.1302
0.975, TempChannelMuxSelect, 19
0.975, TempChannel58, 28.75999999999999
0.975, TempChannel59, 29.849999999999994
0.975, TempChannel60, 26.439999999999998
0.975, ThrottlePercent, 0
0.975, BrakePercent, 34
0.975, FrontBrakePressure, 154
0.975, SteeringAngle, -102
0.975, BrakeWhileThrottle, 0
0.976, ChannelCurrentRadiator, 0.17400000000000002
0.976, ChannelCurrentAccFan, 0.241
0.976, ChannelCurrentPump1, 0.0
0.976, ChannelCurrentPump2, 0.17400000000000002
0.976, ChannelCurrentAUX1, 0.0
0.976, ChannelCurrentAUX2, 0.161
0.976, ChannelCurrentAUX3, 0.0
0.976, ChannelCurrentAUX4, 0.187
0.976, ChannelCurrentBMU, 0.51
0.976, ChannelCurrentCDU, 0.308
0.976, ChannelCurrentTCU, 0.375
0.976, ChannelCurrentWSB, 0.738
0.976, ChannelCurrentBrakeLight, 0.093
0.976, ChannelCurrentInverter, 0.0
0.976, IVT_MsgID_RX, 1
0.976, IVT_MsgCount, 14
0.976, IVT_Result_state, 0
0.976, IVT_U1, -0.006
0.976, IVT_MsgID_RX, 2
0.976, IVT_MsgCount, 14
0.976, IVT_Result_state, 0
0.976, IVT_U2, 0.02
0.976, IVT_MsgID_RX, 0
0.976, IVT_MsgCount, 10
0.976, IVT_Result_state, 0
0.976, IVT_I, 0.002
0.976, IVT_MsgID_RX, 3
0.976, IVT_MsgCount, 14
0.976, IVT_Result_state, 0
0.976, IVT_U3, 0.054
0.977, IVT_MsgID_RX, 5
0.977, IVT_MsgCount, 10
0.977, IVT_Result_state, 0
0.977, IVT_W, 0
0.977, VCU_wheelSpeed_RL, 0.0
0.977, VCU_wheelSpeed_RR, 0.0
1.024, IVT_MsgID_RX, 7
1.024, IVT_MsgCount, 12
1.024, IVT_Result_state, 0
1.024, IVT_Wh, 0
1.024, RLSpeedKPH, 0.0
1.024, RRSpeedKPH, 0.0
1.024, FLSpeedKPH, 0.0
1.024, FRSpeedKPH, 0.0
1.024, TCTorqueMax, 3.392
1.024, TCLeftSlip, -0.999
1.024, TCRightSlip, -0.999
1.024, TCTorqueAdjustment, 0.0
1.024, ThrottlePercent, 0
1.024, BrakePercent, 34
1.024, FrontBrakePressure, 158
1.024, SteeringAngle, -102
1.024, BrakeWhileThrottle, 0
1.024, ThrottlePercent, 0
1.024, BrakePercent, 34
1.024, FrontBrakePressure, 158
1.024, SteeringAngle, -102
1.024, BrakeWhileThrottle, 0
1.057, IVT_MsgID_RX, 5
1.057, IVT_MsgCount, 11
1.057, IVT_Result_state, 0
1.057, IVT_W, 0
1.057, IVT_MsgID_RX, 0
1.057, IVT_MsgCount, 11
1.057, IVT_Result_state, 0
1.057, IVT_I, 0.001
1.057, ThrottlePercent, 0
1.057, BrakePercent, 34
1.057, FrontBrakePressure, 158
1.057, SteeringAngle, -102
1.057, BrakeWhileThrottle, 0
1.058, IVT_MsgID_RX, 7
1.058, IVT_MsgCount, 13
1.058, IVT_Result_state, 0
1.058, IVT_Wh, 0
1.058, BMU_Heartbeat_dummydata, 0
1.058, VCU_wheelSpeed_RL, 0.0
1.058, VCU_wheelSpeed_RR, 0.0
1.058, ThrottlePercent, 0
1.058, BrakePercent, 34
1.058, FrontBrakePressure, 152
1.058, SteeringAngle, -102
1.058, BrakeWhileThrottle, 0
1.058, IVT_MsgID_RX, 5
1.058, IVT_MsgCount, 12
1.058, IVT_Result_state, 0
1.058, IVT_W, 0
1.058, FanPeriod, -112
1.058, BMU_checkFailed, EBOX_FAILED
1.058, BMU_InterlockInitialized, 0
1.058, BrakePressureBMU, 635.0
1.058, VoltageCellMuxSelect, 20
1.058, VoltageCell61, 3.984
1.058, VoltageCell62, 3.9855
1.058, VoltageCell63, 3.9853
1.058, IVT_MsgID_RX, 0
1.058, IVT_MsgCount, 12
1.058, IVT_Result_state, 0
1.058, IVT_I, 0.002
1.059, RLSpeedKPH, 0.0
1.059, RRSpeedKPH, 0.0
1.059, FLSpeedKPH, 0.0
1.059, FRSpeedKPH, 0.0
1.059, AdjustedVoltageCellMuxSelect, 20
1.059, AdjustedVoltageCell61, 3.9834
1.059, AdjustedVoltageCell62, 3.9855
1.059, AdjustedVoltageCell63, 3.9852000000000003
1.059, TCTorqueMax, 3.392
1.059, TCLeftSlip, -0.999
1.059, TCRightSlip, -0.999
1.059, TCTorqueAdjustment, 0.0
1.059, TempChannelMuxSelect, 20
1.059, TempChannel61, 24.519999999999996
1.059, TempChannel62, 0.0
1.059, TempChannel63, 0.0
1.059, ThrottlePercent, 0
1.059, BrakePercent, 33
1.059, FrontBrakePressure, 158
1.059, SteeringAngle, -102
1.059, BrakeWhileThrottle, 0
1.074, VCU_Heartbeat_dummydata, 0
1.074, ThrottlePercent, 0
1.074, BrakePercent, 35
1.074, FrontBrakePressure, 155
1.074, SteeringAngle, -102
1.074, BrakeWhileThrottle, 0
1.074, IVT_MsgID_RX, 1
1.074, IVT_MsgCount, 15
1.074, IVT_Result_state, 0
1.074, IVT_U1, -0.018000000000000002
1.074, IVT_MsgID_RX, 2
1.074, IVT_MsgCount, 15
1.074, IVT_Result_state, 0
1.074, IVT_U2, -0.022
1.074, IVT_MsgID_RX, 3
1.074, IVT_MsgCount, 15
1.074, IVT_Result_state, 0
1.074, IVT_U3, -0.022
1.074, IVT_MsgID_RX, 5
1.074, IVT_MsgCount, 13
1.074, IVT_Result_state, 0
1.074, IVT_W, 0
1.074, IVT_MsgID_RX, 0
1.074, IVT_MsgCount, 13
1.074, IVT_Result_state, 0
1.074, IVT_I, 0.003
1.074, VoltageBusHV, 0.0
1.074, VoltageCellMax, 4.1685
1.074, VoltageCellMin, 3.9833000000000003
1.074, CurrentBusHV, 0.0
1.074, IVT_MsgID_RX, 7
1.074, IVT_MsgCount, 14
1.074, IVT_Result_state, 0
1.074, IVT_Wh, 0
1.074, AMS_PackVoltage, 563.84
1.075, ThrottlePercent, 0
1.075, BrakePercent, 35
1.075, FrontBrakePressure, 155
1.075, SteeringAngle, -102
1.075, BrakeWhileThrottle, 0
1.075, VCU_wheelSpeed_RL, 0.0
1.075, VCU_wheelSpeed_RR, 0.0
1.075, RLSpeedKPH, 0.0
1.075, RRSpeedKPH, 0.0
1.075, FLSpeedKPH, 0.0
1.075, FRSpeedKPH, 0.0
1.075, TCTorqueMax, 3.392
1.075, TCLeftSlip, -0.999
1.075, TCRightSlip, -0.999
1.075, TCTorqueAdjustment, 0.0
1.075, ThrottlePercent, 0
1.075, BrakePercent, 34
1.075, FrontBrakePressure, 153
1.075, SteeringAngle, -102
1.075, BrakeWhileThrottle, 0
1.075, IVT_MsgID_RX, 5
1.075, IVT_MsgCount, 14
1.075, IVT_Result_state, 0
1.075, IVT_W, 0
1.075, IVT_MsgID_RX, 0
1.075, IVT_MsgCount, 14
1.075, IVT_Result_state, 0
1.075, IVT_I, 0.002
1.075, VoltageCellMuxSelect, 21
1.075, VoltageCell64, 3.9858000000000002
1.075, VoltageCell65, 3.9857
1.075, VoltageCell66, 3.9851
1.075, VoltageBusLV, 12.208
1.075, CurrentBusLV, 0.0
1.075, PowerBusLV, 0
1.075, ThrottlePercent, 0
1.075, BrakePercent, 34
1.075, FrontBrakePressure, 150
1.075, SteeringAngle, -102
1.075, BrakeWhileThrottle, 0
1.075, IVT_MsgID_RX, 7
1.075, IVT_MsgCount, 15
1.075, IVT_Result_state, 0
1.075, IVT_Wh, 0
1.075, IVT_MsgID_RX, 5
1.075, IVT_MsgCount, 15
1.075, IVT_Result_state, 0
1.075, IVT_W, 0
1.075, ThrottlePercent, 0
1.075, BrakePercent, 34
1.075, FrontBrakePressure, 154
1.075, SteeringAngle, -102
1.075, BrakeWhileThrottle, 0
1.075, IVT_MsgID_RX, 0
1.075, IVT_MsgCount, 15
1.075, IVT_Result_state, 0
1.075, IVT_I, 0.008
1.075, ChannelCurrentRadiator, 0.228
1.075, ChannelCurrentAccFan, 0.201
1.075, ChannelCurrentPump1, 0.0
1.075, ChannelCurrentPump2, 0.214
1.076, ChannelCurrentAUX1, 0.0
1.076, ChannelCurrentAUX2, 0.255
1.076, ChannelCurrentAUX3, 0.0
1.076, ChannelCurrentAUX4, 0.201
1.076, ChannelCurrentBMU, 0.483
1.076, ChannelCurrentCDU, 0.402
1.076, ChannelCurrentTCU, 0.335
1.076, ChannelCurrentWSB, 0.765
1.076, ChannelCurrentBrakeLight, 0.053
1.076, ChannelCurrentInverter, 0.0
1.124, VCU_wheelSpeed_RL, 0.0
1.124, VCU_wheelSpeed_RR, 0.0
1.124, ThrottlePercent, 0
1.124, BrakePercent, 35
1.124, FrontBrakePressure, 155
1.124, SteeringAngle, -102
1.124, BrakeWhileThrottle, 0
1.124, RLSpeedKPH, 0.0
1.124, RRSpeedKPH, 0.0
1.124, FLSpeedKPH, 0.0
1.124, FRSpeedKPH, 0.0
1.124, StateBatteryChargeHV, 97.5
1.124, StateBatteryHealthHV, 0.0
1.124, StateBatteryPowerHV, 331.90000000000003
1.124, TempCellMax, 156.0
1.124, TempCellMin, 55.0
1.124, StateBMS, Wait_System_Up
1.124, HighestTempThermistor, 0
1.124, AdjustedVoltageCellMuxSelect, 21
1.124, AdjustedVoltageCell64, 3.9858000000000002
1.124, AdjustedVoltageCell65, 3.9856000000000003
1.124, AdjustedVoltageCell66, 3.9851
1.124, TCTorqueMax, 3.392
1.124, TCLeftSlip, -0.999
1.124, TCRightSlip, -0.999
1.124, TCTorqueAdjustment, 0.0
1.124, TempChannelMuxSelect, 21
1.124, TempChannel64, 0.0
1.124, TempChannel65, 0.0
1.124, TempChannel66, 0.0
1.124, IVT_MsgID_RX, 1
1.124, IVT_MsgCount, 0
1.124, IVT_Result_state, 0
1.124, IVT_U1, -0.014
1.124, ThrottlePercent, 0
1.124, BrakePercent, 35
1.124, FrontBrakePressure, 155
1.124, SteeringAngle, -102
1.124, BrakeWhileThrottle, 0
1.124, IVT_MsgID_RX, 2
1.124, IVT_MsgCount, 0
1.124, IVT_Result_state, 0
1.124, IVT_U2, 0.02
1.124, IVT_MsgID_RX, 3
1.124, IVT_MsgCount, 0
1.124, IVT_Result_state, 0
1.124, IVT_U3, 0.035
1.125, IVT_MsgID_RX, 5
1.125, IVT_MsgCount, 0
1.125, IVT_Result_state, 0
1.125, IVT_W, 0
1.125, IVT_MsgID_RX, 0
1.125, IVT_MsgCount, 0
1.125, IVT_Result_state, 0
1.125, IVT_I, 0.0
1.125, IVT_MsgID_RX, 7
1.125, IVT_MsgCount, 0
1.125, IVT_Result_state, 0
1.125, IVT_Wh, 0
1.125, ThrottlePercent, 0
1.125, BrakePercent, 34
1.125, FrontBrakePressure, 150
1.125, SteeringAngle, -102
1.125, BrakeWhileThrottle, 0
1.125, BMU_checkFailed, EBOX_FAILED
1.125, BMU_InterlockInitialized, 0
1.125, VoltageCellMuxSelect, 22
1.125, VoltageCell67, 3.9873000000000003
1.125, VoltageCell68, 4.0956
1.125, VoltageCell69, 4.0849
1.125, IVT_MsgID_RX, 5
1.125, IVT_MsgCount, 1
1.125, IVT_Result_state, 0
1.125, IVT_W, 0
1.125, ThrottlePercent, 0
1.125, BrakePercent, 35
1.125, FrontBrakePressure, 158
1.125, SteeringAngle, -102
1.125, BrakeWhileThrottle, 0
1.125, AdjustedVoltageCellMuxSelect, 22
1.125, AdjustedVoltageCell67, 3.9868
1.125, AdjustedVoltageCell68, 4.0962000000000005
1.125, AdjustedVoltageCell69, 4.0848
1.125, IVT_MsgID_RX, 0
1.125, IVT_MsgCount, 1
1.125, IVT_Result_state, 0
1.125, IVT_I, 0.002
1.125, VCU_wheelSpeed_RL, 0.0
1.125, VCU_wheelSpeed_RR, 0.0
1.125, TempChannelMuxSelect, 22
1.125, TempChannel67, 0.0
1.125, TempChannel68, 0.0
1.125, TempChannel69, 27.060000000000002
1.125, RLSpeedKPH, 0.0
1.125, RRSpeedKPH, 0.0
1.125, FLSpeedKPH, 0.0
1.125, FRSpeedKPH, 0.0
1.125, TCTorqueMax, 3.392
1.125, TCLeftSlip, -0.999
1.125, TCRightSlip, -0.999
1.125, TCTorqueAdjustment, 0.0
1.125, ThrottlePercent, 0
1.125, BrakePercent, 35
1.125, FrontBrakePressure, 152
1.125, SteeringAngle, -102
1.125, BrakeWhileThrottle, 0
1.126, IVT_MsgID_RX, 7
1.126, IVT_MsgCount, 1
1.126, IVT_Result_state, 0
1.126, IVT_Wh, 0
1.174, IVT_MsgID_RX, 5
1.174, IVT_MsgCount, 2
1.174, IVT_Result_state, 0
1.174, IVT_W, 0
1.174, IVT_MsgID_RX, 0
1.174, IVT_MsgCount, 2
1.174, IVT_Result_state, 0
1.174, IVT_I, -0.001
1.174, ThrottlePercent, 0
1.174, BrakePercent, 35
1.174, FrontBrakePressure, 152
1.174, SteeringAngle, -102
1.174, BrakeWhileThrottle, 0
1.174, ThrottlePercent, 0
1.174, BrakePercent, 34
1.174, FrontBrakePressure, 160
1.174, SteeringAngle, -102
1.174, BrakeWhileThrottle, 0
1.174, VoltageBusHV, 0.0
1.174, VoltageCellMax, 4.1683
1.174, VoltageCellMin, 3.9833000000000003
1.174, CurrentBusHV, 0.0
1.174, AMS_PackVoltage, 563.84
1.174, IVT_MsgID_RX, 1
1.174, IVT_MsgCount, 1
1.174, IVT_Result_state, 0
1.174, IVT_U1, 0.008
1.174, IVT_MsgID_RX, 2
1.174, IVT_MsgCount, 1
1.174, IVT_Result_state, 0
1.174, IVT_U2, 0.0
1.174, IVT_MsgID_RX, 3
1.174, IVT_MsgCount, 1
1.174, IVT_Result_state, 0
1.174, IVT_U3, 0.024
1.174, IVT_MsgID_RX, 5
1.174, IVT_MsgCount, 3
1.174, IVT_Result_state, 0
1.174, IVT_W, 0
1.174, VCU_wheelSpeed_RL, 0.0
1.174, VCU_wheelSpeed_RR, 0.0
1.174, ThrottlePercent, 0
1.174, BrakePercent, 35
1.174, FrontBrakePressure, 156
1.174, SteeringAngle, -102
1.174, BrakeWhileThrottle, 0
1.174, IVT_MsgID_RX, 0
1.174, IVT_MsgCount, 3
1.174, IVT_Result_state, 0
1.174, IVT_I, 0.0
1.174, RLSpeedKPH, 0.0
1.174, RRSpeedKPH, 0.0
1.174, FLSpeedKPH, 0.0
1.174, FRSpeedKPH, 0.0
1.177, IVT_MsgID_RX, 7
1.177, IVT_MsgCount, 2
1.177, IVT_Result_state, 0
1.177, IVT_Wh, 0
1.177, TCTorqueMax, 3.392
1.177, TCLeftSlip, -0.999
1.177, TCRightSlip, -0.999
1.177, TCTorqueAdjustment, 0.0
1.177, VoltageCellMuxSelect, 23
1.177, VoltageCell70, 4.0852
1.177, VoltageCell71, 3.9868
1.177, VoltageCell72, 3.9848000000000003
1.177, AdjustedVoltageCellMuxSelect, 23
1.177, AdjustedVoltageCell70, 4.085100000000001
1.177, AdjustedVoltageCell71, 3.9863000000000004
1.177, AdjustedVoltageCell72, 3.9848000000000003
1.177, ThrottlePercent, 0
1.177, BrakePercent, 34
1.177, FrontBrakePressure, 153
1.177, SteeringAngle, -102
1.177, BrakeWhileThrottle, 0
1.178, TempChannelMuxSelect, 23
1.178, TempChannel70, 27.070000000000007
1.178, TempChannel71, 28.55000000000001
1.178, TempChannel72, 25.210000000000008
1.178, IVT_MsgID_RX, 5
1.178, IVT_MsgCount, 4
1.178, IVT_Result_state, 0
1.178, IVT_W, 0
1.178, IVT_MsgID_RX, 0
1.178, IVT_MsgCount, 4
1.178, IVT_Result_state, 0
1.178, IVT_I, 0.005
1.178, ThrottlePercent, 0
1.178, BrakePercent, 35
1.178, FrontBrakePressure, 155
1.178, SteeringAngle, -102
1.178, BrakeWhileThrottle, 0
1.178, ChannelCurrentRadiator, 0.201
1.178, ChannelCurrentAccFan, 0.187
1.178, ChannelCurrentPump1, 0.0
1.178, ChannelCurrentPump2, 0.214
1.178, ChannelCurrentAUX1, 0.0
1.178, ChannelCurrentAUX2, 0.214
1.178, ChannelCurrentAUX3, 0.0
1.178, ChannelCurrentAUX4, 0.17400000000000002
1.178, ChannelCurrentBMU, 0.537
1.178, ChannelCurrentCDU, 0.34900000000000003
1.178, ChannelCurrentTCU, 0.375
1.178, ChannelCurrentWSB, 0.657
1.178, ChannelCurrentBrakeLight, 0.067
1.178, ChannelCurrentInverter, 0.0
